,TRIAL_DURATION_DAYS,SUBSCRIPTION_TIER,SUBSCRIPTION_SOURCE,SUBSCRIPTION_PROVIDER,COUNTRY,CLASS_PER_WEEK_GOAL,DANCE_LEVEL_PREFERENCE,FITNESS_GOAL_PREFERENCE,APP_VERSION,DEVICE_OPERATING_SYSTEM,DEVICE_MANUFACTURER,DEVICE_BRAND,DEVICE_MODEL,APP_INSTALL_TO_PAID_SUBSCRIPTION_DAYS,NO_VIDEO_STARTED_30D,NO_VIDEO_WATCHED_30D,AVG_VIDEO_WATCHED_PERCENTAGE_30D,AVG_VIDEO_LENGTH_MIN_30D,CLASS_INTENSITY_PREFERENCE_High,CLASS_INTENSITY_PREFERENCE_Low,CLASS_INTENSITY_PREFERENCE_Medium,MUSIC_PREFERENCE_Afro Rhythms,MUSIC_PREFERENCE_Afrobeats,MUSIC_PREFERENCE_Alternative,MUSIC_PREFERENCE_Bachata,MUSIC_PREFERENCE_Belly Dance,MUSIC_PREFERENCE_Bellydance,MUSIC_PREFERENCE_Bhangra,MUSIC_PREFERENCE_Blues,MUSIC_PREFERENCE_Bollywood,MUSIC_PREFERENCE_Brazilian Rhythms,MUSIC_PREFERENCE_Broadway,MUSIC_PREFERENCE_Caribbean Rhythms,MUSIC_PREFERENCE_Chill Out,MUSIC_PREFERENCE_Country,MUSIC_PREFERENCE_Cumbia,MUSIC_PREFERENCE_Disco,MUSIC_PREFERENCE_Electronic,MUSIC_PREFERENCE_Funk,MUSIC_PREFERENCE_Hip Hop,MUSIC_PREFERENCE_House,MUSIC_PREFERENCE_K-Pop,MUSIC_PREFERENCE_Merengue,MUSIC_PREFERENCE_Other,MUSIC_PREFERENCE_Pop,MUSIC_PREFERENCE_R&B,MUSIC_PREFERENCE_Reggae,MUSIC_PREFERENCE_Reggaeton,MUSIC_PREFERENCE_Rock,MUSIC_PREFERENCE_Salsa,MUSIC_PREFERENCE_Soca,MUSIC_PREFERENCE_Techno,MUSIC_PREFERENCE_World Rhythms,PREDICTED_PROBABILITY,PREDICTED_CLASS
1,0,Monthly,App,Google,Croatia,5.0,Intermediate,lose weight and tone,3.14.0,Android,Samsung,Samsung,Sm-S931b,0.0,0,0,0.0,0.0,0,0,1,0,1,0,1,1,0,0,0,1,0,0,0,0,0,1,1,0,1,0,0,0,1,0,1,0,0,1,1,1,0,0,0,0.52397203,1
3,0,Monthly,App,Apple,Thailand,5.0,Advanced,lose weight and tone,2,iOS,Apple,Apple,"Iphone14,7",92.0,10,1,0.156,37.337878788,1,0,0,1,0,0,0,0,0,0,0,0,0,0,0,0,0,0,0,0,0,1,1,0,0,0,1,0,0,1,0,0,0,1,0,0.641809,1
12,0,Monthly,Web,App to Web,United States of America,3.0,Beginner,Have some fun,6,iOS,Apple,Apple,"Iphone17,2",,1,1,0.9928,13.916666667,1,0,1,0,0,0,0,0,0,0,0,0,0,0,0,0,0,0,0,0,0,0,0,0,0,0,0,0,0,0,0,0,0,0,0,0.5306586,1
15,0,Monthly,Web,App to Web,United States of America,3.0,Beginner,Unknown,6,iOS,Apple,Apple,"Iphone15,3",0.0,5,3,0.5801666667,35.927083333,0,0,1,0,0,0,1,0,0,0,0,0,0,0,0,0,0,1,1,0,0,1,0,0,1,0,1,0,0,1,0,1,0,0,0,0.48292577,0
17,0,Monthly,Web,Stripe,Spain,5.0,Advanced,lose weight and tone,3.13.1,Android,Oppo,Oppo,Cph2699,0.0,2,0,0.0,31.941666667,1,0,0,1,0,0,1,0,0,0,0,0,1,0,1,1,0,1,1,0,0,1,1,0,1,0,1,0,0,1,0,1,0,0,0,0.48865986,0
19,7,Monthly,App,Apple,Netherlands,3.0,Advanced,lose weight and tone,3.14.0,Android,Lenovo,Lenovo,Tb351fu,445.0,12,9,0.8816666667,25.95952381,1,0,1,0,1,0,1,1,0,0,0,0,0,0,0,0,0,1,1,0,0,0,0,0,1,0,0,1,0,1,0,1,0,0,0,0.23626778,0
22,0,Monthly,Web,App to Web,United States of America,4.0,Intermediate,lose weight and tone,6,iOS,Apple,Apple,"Iphone12,1",0.0,0,0,0.0,0.0,0,0,1,1,0,0,0,0,0,0,0,0,0,0,1,0,0,1,0,0,0,1,0,0,1,0,0,0,0,1,0,1,0,0,0,0.42220098,0
23,0,Monthly,App,App to Web,United States of America,3.0,Intermediate,lose weight and tone,6,iOS,Apple,Apple,"Iphone15,3",0.0,4,2,0.99925,28.641666667,0,0,1,1,0,0,1,0,0,0,0,0,1,0,1,0,0,1,1,1,0,1,0,0,1,0,1,0,0,1,0,1,0,1,1,0.36675712,0
26,0,Monthly,App,Apple,Finland,3.0,Beginner,lose weight and tone,2,iOS,Apple,Apple,"Iphone13,1",0.0,6,5,0.08982,6.189393939,0,1,0,1,0,0,1,0,0,0,0,0,1,0,1,0,0,0,1,0,0,0,0,0,1,0,1,0,0,0,0,1,0,0,1,0.54328454,1
28,0,Monthly,App,Google,Germany,2.0,Beginner,lose weight and tone,3.13.1,Android,Samsung,Samsung,Sm-A556b,0.0,1,1,0.5796,13.916666667,1,0,0,0,0,0,0,0,0,0,0,0,0,0,0,0,0,0,0,0,0,0,0,0,0,0,0,0,0,0,0,0,0,0,0,0.7281013,1
31,0,Monthly,Web,App to Web,United States of America,5.0,Intermediate,lose weight and tone,2,iOS,Apple,Apple,"Iphone15,2",0.0,8,4,0.595675,33.386111111,1,0,0,1,0,0,1,0,0,0,0,0,1,0,1,1,0,1,0,0,0,0,0,0,1,0,1,0,0,1,0,1,0,1,1,0.49058092,0
32,0,Monthly,Web,App to Web,United States of America,,Intermediate,Unknown,2,iOS,Apple,Apple,"Iphone14,3",0.0,0,0,0.0,0.0,0,0,1,0,0,0,0,0,0,0,0,0,0,0,0,0,0,0,1,0,0,1,1,0,0,0,1,0,0,0,0,1,0,1,0,0.4540912,0
34,0,Monthly,Web,Stripe,United States of America,3.0,Intermediate,Unknown,2,iOS,Apple,Apple,"Iphone17,1",-1.0,10,5,0.99976,21.333333333,0,0,1,0,0,0,0,0,0,0,0,0,0,0,1,0,0,0,0,0,0,0,0,0,0,0,1,0,0,0,0,0,0,0,0,0.338467,0
37,0,Monthly,Web,Stripe,United States of America,3.0,Beginner,lose weight and tone,2,iOS,Apple,Apple,"Iphone14,2",0.0,0,0,0.0,0.0,0,0,1,0,0,0,0,0,0,0,0,0,1,0,1,0,0,0,0,1,0,1,1,0,0,0,1,0,0,1,0,0,0,1,0,0.50378644,1
39,0,Monthly,Web,Stripe,Denmark,5.0,Beginner,lose weight and tone,2,iOS,Apple,Apple,"Iphone15,4",0.0,0,0,0.0,0.0,1,1,1,1,0,0,1,0,0,0,0,0,1,0,1,1,0,1,1,1,0,1,1,0,1,0,1,0,0,1,0,1,0,1,1,0.41311032,0
40,0,Monthly,Web,App to Web,United States of America,3.0,Intermediate,lose weight and tone,2,iOS,Apple,Apple,"Iphone14,7",1.0,3,1,0.9988,22.475,0,0,1,1,0,0,1,0,0,0,0,0,1,0,1,1,0,1,1,1,0,1,1,0,1,0,1,0,0,1,0,1,0,1,1,0.49729896,0
44,7,Monthly,App,Apple,United Kingdom,3.0,Beginner,lose weight and tone,2,iOS,Apple,Apple,"Iphone17,2",8.0,0,0,0.0,0.0,0,0,1,0,0,0,0,0,0,0,0,0,0,0,0,0,0,0,0,0,0,0,0,0,0,0,0,0,0,0,0,0,0,0,0,0.60847527,1
46,0,Monthly,Web,Stripe,United States of America,3.0,Intermediate,reduce stress,3.14.0,Android,Samsung,Samsung,Sm-S928u,0.0,0,0,0.0,0.0,0,0,1,0,0,0,0,0,0,0,0,0,0,0,0,0,0,0,0,1,0,1,0,0,0,0,1,0,0,0,0,1,0,1,0,0.45209217,0
50,0,Monthly,App,Apple,Ukraine,7.0,Intermediate,lose weight and tone,6,iOS,Apple,Apple,"Iphone14,3",371.0,18,11,0.7908636364,38.688505747,0,0,1,0,1,0,1,0,0,0,0,0,0,0,0,0,0,0,1,0,0,1,0,0,0,0,1,0,0,0,0,0,0,0,0,0.32785344,0
51,0,Monthly,App,Google,United States of America,,Intermediate,lose weight and tone,3.14.0,Android,Samsung,Samsung,Sm-A366u,0.0,3,2,0.809,48.493333333,1,0,1,0,0,0,1,0,0,0,0,0,1,0,1,0,0,0,1,0,0,1,0,0,0,0,1,0,0,0,0,1,0,0,0,0.50717014,1
52,0,Monthly,Web,Stripe,United States of America,2.0,Intermediate,lose weight and tone,2,iOS,Apple,Apple,"Iphone14,5",0.0,5,5,0.7673,22.19,1,0,1,0,0,0,1,0,0,0,0,0,0,0,0,0,0,0,0,1,0,0,1,0,1,0,1,0,0,0,0,0,0,0,0,0.5012232,1
55,0,Monthly,App,Google,United States of America,4.0,Intermediate,lose weight and tone,3.13.1,Android,Samsung,Samsung,Sm-S928u,0.0,4,2,0.46565,26.086111111,0,0,1,0,0,0,1,0,0,0,0,0,0,0,0,0,0,1,0,0,0,1,0,0,0,0,0,0,0,1,0,0,0,0,0,0.6964772,1
60,0,Monthly,App,Apple,Canada,2.0,Beginner,lose weight and tone,2,iOS,Apple,Apple,"Ipad11,6",0.0,9,9,0.8864333333,24.614814815,0,1,0,0,0,0,0,0,0,0,0,0,1,0,1,1,0,0,0,0,0,0,0,0,0,0,1,0,0,1,0,0,0,0,1,0.3661316,0
61,0,Monthly,Web,Stripe,Australia,3.0,Intermediate,lose weight and tone,2,iOS,Apple,Apple,"Iphone17,1",0.0,26,5,0.51542,30.280107527,0,0,1,0,0,0,0,0,0,0,0,0,0,0,0,0,0,0,0,0,0,0,0,0,0,0,1,0,0,1,0,1,0,0,0,0.42681247,0
64,0,Monthly,Web,App to Web,United States of America,3.0,Intermediate,lose weight and tone,6,iOS,Apple,Apple,"Iphone15,4",0.0,5,3,0.9948666667,32.060416667,1,0,0,1,0,0,0,0,0,0,0,0,1,0,1,0,0,0,0,1,0,0,0,0,0,0,1,0,0,1,0,0,0,1,1,0.44654477,0
68,0,Monthly,App,Apple,United States of America,3.0,Beginner,lose weight and tone,6,iOS,Apple,Apple,"Iphone15,4",0.0,1,1,0.994,13.916666667,0,1,0,1,0,0,1,0,0,0,0,0,1,0,1,0,0,1,0,0,0,1,0,0,0,0,1,0,0,1,0,1,0,0,0,0.5498894,1
70,0,Monthly,App,Apple,United Kingdom,3.0,Intermediate,lose weight and tone,2,iOS,Apple,Apple,"Iphone14,3",118.0,4,1,0.9995,31.75,1,0,0,1,1,0,1,0,0,0,0,0,1,1,1,0,1,1,1,0,1,1,0,0,1,0,1,1,1,1,0,1,0,0,1,0.4630027,0
71,0,Monthly,Web,App to Web,United States of America,3.0,Intermediate,Unknown,6,iOS,Apple,Apple,"Iphone18,1",0.0,4,1,1.0,22.023333333,0,0,1,0,0,0,1,0,0,0,0,0,0,0,0,0,0,0,0,0,0,0,0,0,1,0,0,0,0,0,0,1,0,0,0,0.4517088,0
74,0,Monthly,Web,Stripe,United States of America,5.0,Beginner,lose weight and tone,6,iOS,Apple,Apple,"Iphone15,2",0.0,3,1,1.0,22.866666667,0,0,1,0,0,0,1,0,0,0,0,0,0,0,0,0,0,0,0,0,0,1,0,0,1,0,0,0,0,1,0,1,0,0,0,0.50004864,1
77,0,Monthly,App,Google,Brazil,5.0,Intermediate,lose weight and tone,3.13.1,Android,Xiaomi,Redmi,2312dra50g,0.0,1,1,1.0,13.916666667,1,0,0,0,0,0,0,0,0,0,0,0,0,0,1,0,0,0,1,1,0,1,1,0,0,0,0,0,0,1,0,0,0,1,0,0.66979486,1
80,1,Monthly,App,Apple,United Kingdom,3.0,Intermediate,lose weight and tone,2,iOS,Apple,Apple,"Iphone14,2",7.0,3,3,0.9945333333,16.05,0,0,1,0,0,0,0,0,0,0,0,0,0,0,0,0,0,0,1,0,0,0,0,0,0,0,1,0,0,0,0,1,0,0,0,0.4863647,0
83,0,Monthly,App,Google,Brazil,,Intermediate,lose weight and tone,3.14.0,Android,Samsung,Samsung,Sm-A546e,17.0,2,2,1.0,39.641666667,0,0,1,1,0,0,1,0,0,0,0,0,1,0,1,0,0,0,0,0,0,0,0,0,1,0,1,0,0,1,0,1,0,0,0,0.49614045,0
84,0,Monthly,Web,App to Web,United States of America,3.0,Beginner,lose weight and tone,2,iOS,Apple,Apple,"Iphone15,2",0.0,0,0,0.0,0.0,0,0,1,0,0,0,0,0,0,0,0,0,0,0,0,0,0,0,1,0,0,1,0,0,0,0,1,0,0,0,0,1,0,1,0,0.4636403,0
85,0,Monthly,App,Apple,United States of America,4.0,Intermediate,lose weight and tone,2,iOS,Apple,Apple,"Iphone15,3",44.0,7,3,0.7838666667,39.108333333,0,0,1,1,0,0,1,0,0,0,0,0,1,0,1,1,0,1,1,1,0,1,1,0,1,0,1,0,0,1,0,1,0,1,1,0.48691028,0
88,0,Monthly,App,Apple,Finland,2.0,Intermediate,Start my fitness journey,2,iOS,Apple,Apple,"Ipad8,7",0.0,4,2,0.979,22.725,0,0,1,0,0,0,0,0,0,0,0,0,0,0,0,0,0,0,1,0,0,0,0,0,0,0,0,0,0,0,0,0,0,0,0,0.49158183,0
89,0,Monthly,Web,App to Web,United States of America,4.0,Beginner,reduce stress,6,iOS,Apple,Apple,"Iphone16,2",0.0,3,2,0.5643,16.066666667,0,1,1,0,0,0,1,0,0,0,0,0,0,0,0,0,0,0,0,0,0,1,0,0,0,0,1,0,0,1,0,0,0,1,0,0.6266082,1
93,0,Monthly,App,Google,United States of America,2.0,Beginner,lose weight and tone,3.14.0,Android,Samsung,Samsung,Sm-S926u,0.0,0,0,0.0,0.0,0,0,1,0,0,0,0,0,0,0,0,0,0,0,0,1,0,0,1,0,0,0,1,0,0,0,0,0,0,0,0,0,0,0,0,0.548615,1
94,0,Monthly,Web,Stripe,United States of America,4.0,Beginner,Start my fitness journey,2,iOS,Apple,Apple,"Iphone18,2",0.0,2,0,0.0,11.4,1,0,0,0,0,0,0,0,0,0,0,0,0,0,0,0,0,1,0,1,0,1,1,0,0,0,1,0,0,1,0,0,0,1,0,0.5806853,1
95,0,Monthly,Web,Stripe,United States of America,4.0,Advanced,lose weight and tone,2,iOS,Apple,Apple,"Iphone15,3",318.0,2,2,0.24335,17.5,0,0,1,0,0,0,0,0,0,0,0,0,0,0,0,0,1,0,0,0,0,1,0,0,0,0,1,0,0,0,1,1,0,0,0,0.58410347,1
96,0,Monthly,Web,App to Web,United States of America,3.0,Beginner,lose weight and tone,6,iOS,Apple,Apple,"Iphone17,2",0.0,0,0,0.0,0.0,0,1,0,0,0,0,0,0,0,0,0,0,0,0,0,0,0,0,0,0,0,1,0,0,0,0,1,0,0,0,0,0,0,0,0,0.49326622,0
98,0,Monthly,App,Google,Poland,3.0,Intermediate,lose weight and tone,3.14.0,Android,Xiaomi,Redmi,23124ra7eo,0.0,0,0,0.0,0.0,0,0,1,0,0,0,1,0,0,0,0,0,1,0,1,1,0,1,1,0,0,1,0,0,1,0,1,0,0,0,0,1,0,1,0,0.46894068,0
101,0,Monthly,App,Apple,United States of America,5.0,Beginner,Start my fitness journey,2,iOS,Apple,Apple,"Iphone14,5",0.0,6,5,0.59976,17.55,0,1,0,0,0,0,1,0,0,0,0,0,0,0,1,0,0,1,1,0,0,1,0,0,1,0,1,0,0,1,0,1,0,0,0,0.5824606,1
102,0,Monthly,Web,Stripe,United States of America,5.0,Beginner,lose weight and tone,2,iOS,Apple,Apple,"Iphone12,1",0.0,0,0,0.0,0.0,0,0,1,1,0,0,0,0,0,0,0,0,1,0,1,0,0,0,0,0,0,1,1,0,0,0,0,0,0,1,0,0,0,0,0,0.4822447,0
104,0,Monthly,Web,App to Web,United States of America,3.0,Beginner,lose weight and tone,2,iOS,Apple,Apple,"Iphone15,3",0.0,0,0,0.0,0.0,0,0,1,0,0,0,0,0,0,0,0,0,0,0,0,0,0,0,0,0,0,0,0,0,0,0,1,0,0,0,0,0,0,0,0,0.48067272,0
105,0,Monthly,App,Apple,United States of America,4.0,Beginner,Start my fitness journey,2,iOS,Apple,Apple,"Iphone16,2",398.0,0,0,0.0,0.0,0,0,1,1,0,0,1,0,1,0,0,1,1,0,1,1,1,1,0,0,0,1,0,1,1,0,1,0,1,1,0,0,0,0,0,0.5837432,1
106,0,Monthly,App,Apple,United States of America,,Intermediate,Unknown,2,iOS,Apple,Apple,"Iphone14,7",624.0,20,10,0.88994,27.975555556,1,0,0,0,0,0,1,0,0,0,0,0,0,0,0,0,0,1,0,0,0,0,0,0,1,0,1,0,0,1,0,1,0,0,0,0.3608127,0
107,0,Monthly,Web,Stripe,United Kingdom,3.0,Beginner,lose weight and tone,2,iOS,Apple,Apple,"Iphone14,5",0.0,2,2,0.99915,22.475,0,0,1,0,0,0,0,0,0,0,0,0,0,0,0,0,0,0,1,0,0,1,0,0,0,0,1,0,0,0,0,0,0,0,0,0.49424094,0
109,0,Monthly,Web,Stripe,United States of America,2.0,Advanced,lose weight and tone,2,iOS,Apple,Apple,"Iphone17,3",-1.0,2,2,0.7058,29.358333333,1,0,1,1,0,0,1,0,0,0,0,0,1,0,1,0,0,1,1,0,0,1,0,0,1,0,1,0,0,1,0,1,0,0,0,0.44630274,0
113,0,Monthly,App,Google,United States of America,4.0,Beginner,lose weight and tone,3.13.1,Android,Samsung,Samsung,Sm-S918u,0.0,3,3,0.6657,15.683333333,0,0,1,0,0,0,0,0,0,0,0,0,0,0,0,0,0,0,0,0,0,0,0,0,0,0,0,0,0,0,0,0,0,0,0,0.69040096,1
114,0,Monthly,App,Apple,United States of America,4.0,Advanced,lose weight and tone,6,iOS,Apple,Apple,"Iphone16,2",0.0,0,0,0.0,0.0,0,0,1,0,0,0,0,0,0,0,0,0,0,0,0,0,0,1,1,0,0,1,0,0,1,0,1,0,0,0,0,1,0,1,1,0.53185505,1
118,0,Monthly,Web,App to Web,United States of America,5.0,Intermediate,lose weight and tone,6,iOS,Apple,Apple,"Iphone16,1",344.0,0,0,0.0,0.0,0,0,1,0,0,1,0,0,0,0,0,0,0,0,0,0,0,1,1,0,1,1,0,1,0,0,1,1,0,0,1,0,0,0,0,0.5369347,1
120,0,Monthly,App,Apple,United Kingdom,2.0,Intermediate,reduce stress,6,iOS,Apple,Apple,"Iphone13,2",0.0,4,2,0.99975,34.15,1,0,1,0,0,0,0,0,0,0,0,0,1,0,1,0,0,0,1,0,0,0,0,0,1,0,1,0,0,1,0,1,0,0,1,0.39776325,0
121,0,Monthly,Web,Stripe,United States of America,3.0,Intermediate,lose weight and tone,2,iOS,Apple,Apple,"Mac14,15",0.0,2,1,0.9964,32.416666667,1,0,0,1,0,0,0,0,0,0,0,0,0,0,0,0,0,0,0,0,0,1,0,0,0,0,1,0,0,0,0,0,0,0,0,0.5127911,1
124,0,Monthly,App,Apple,United States of America,5.0,Beginner,Start my fitness journey,2,iOS,Apple,Apple,"Iphone14,8",12.0,5,4,0.390325,24.687037037,1,0,1,0,0,0,1,0,0,0,0,0,1,0,1,1,0,1,1,0,0,1,1,0,1,0,1,0,0,1,0,1,0,1,1,0.5992344,1
125,0,Monthly,Web,Stripe,United States of America,5.0,Beginner,lose weight and tone,2,iOS,Apple,Apple,"Iphone18,1",0.0,0,0,0.0,0.0,1,1,1,0,0,0,1,0,0,0,0,0,1,0,0,0,0,1,0,0,0,1,0,0,1,0,1,0,0,1,0,1,0,0,0,0.46635163,0
128,0,Monthly,App,Google,Germany,,Advanced,lose weight and tone,3.14.0,Android,Google,Google,Pixel 8 Pro,0.0,10,7,0.1795571429,47.884313725,1,0,0,0,0,0,1,0,0,0,0,0,1,0,1,0,0,0,1,0,0,1,0,0,1,0,1,0,0,0,0,1,0,0,0,0.519687,1
129,0,Monthly,Web,Stripe,United States of America,5.0,Advanced,lose weight and tone,2,iOS,Apple,Apple,"Iphone17,1",0.0,0,0,0.0,0.0,1,0,0,0,0,0,0,0,0,0,0,0,1,0,0,0,0,0,0,0,0,1,0,0,0,0,0,0,0,0,0,1,0,0,0,0.48604226,0
130,0,Monthly,Web,App to Web,United States of America,4.0,Beginner,lose weight and tone,2,iOS,Apple,Apple,"Iphone17,3",267.0,2,2,0.5,16.566666667,1,1,1,0,0,0,0,0,0,0,0,0,0,0,1,1,0,0,0,0,0,0,0,0,0,0,1,0,0,0,0,0,0,0,0,0.60227454,1
131,0,Monthly,Web,App to Web,United States of America,3.0,Advanced,reduce stress,6,iOS,Apple,Apple,"Iphone17,2",,14,9,0.5122666667,41.307246377,1,0,0,0,0,0,0,0,0,0,0,0,0,0,0,0,0,0,0,0,0,0,0,0,0,0,0,0,0,0,0,0,0,0,0,0.47684795,0
134,0,Monthly,Web,Stripe,United States of America,3.0,Beginner,lose weight and tone,3.14.0,Android,Samsung,Samsung,Sm-S931u1,1.0,7,6,0.6467666667,20.832051282,0,0,1,0,0,0,0,0,0,0,0,0,0,0,0,0,0,0,0,0,0,1,0,0,0,0,1,0,0,1,0,0,0,0,0,0.5276457,1
140,0,Monthly,Web,App to Web,United States of America,5.0,Beginner,lose weight and tone,6,iOS,Apple,Apple,"Iphone17,1",0.0,6,5,0.38572,27.021212121,1,0,0,0,0,0,0,0,0,0,0,0,0,0,0,0,0,0,0,0,0,1,0,0,0,0,1,0,0,0,0,0,0,1,0,0.63071984,1
143,0,Monthly,Web,Stripe,United Kingdom,3.0,Beginner,lose weight and tone,3.13.1,Android,Samsung,Samsung,Sm-S928b,0.0,2,2,0.5606,23.166666667,0,0,1,1,0,0,1,0,0,0,0,0,1,0,1,1,0,1,1,1,0,1,1,0,1,0,1,0,0,1,0,1,0,1,1,0.5418792,1
145,0,Monthly,Web,Stripe,United Kingdom,3.0,Beginner,lose weight and tone,2,iOS,Apple,Apple,"Iphone14,4",0.0,1,1,1.0,32.116666667,0,0,1,0,0,0,1,0,0,0,0,0,0,0,0,0,0,1,0,0,0,0,0,0,1,0,0,0,0,1,0,1,0,0,0,0.45853624,0
146,0,Monthly,App,Apple,United States of America,3.0,Beginner,lose weight and tone,2,iOS,Apple,Apple,"Iphone14,8",0.0,3,1,0.0,12.366666667,0,0,1,0,0,0,0,0,0,0,0,0,0,0,0,0,0,0,0,0,0,0,1,0,1,0,0,0,0,0,0,1,0,0,0,0.6247761,1
147,0,Monthly,App,Google,United States of America,4.0,Intermediate,lose weight and tone,3.13.1,Android,Google,Google,Pixel 8,0.0,0,0,0.0,0.0,0,0,1,0,0,0,0,0,0,0,0,0,1,0,1,0,0,0,0,0,0,1,0,0,0,0,1,0,0,1,0,1,0,1,1,0.5993585,1
148,0,Monthly,Web,Stripe,United States of America,3.0,Intermediate,lose weight and tone,3.13.1,Android,Samsung,Samsung,Sm-S938u1,0.0,1,1,0.5305,13.916666667,0,1,0,1,0,0,1,0,0,0,0,0,0,0,0,0,0,0,0,0,0,0,1,0,1,0,0,0,0,1,0,1,0,0,0,0.5768655,1
149,0,Monthly,App,Google,Canada,5.0,Advanced,lose weight and tone,3.13.1,Android,Samsung,Samsung,Sm-S901w,0.0,1,1,0.7138,13.916666667,1,0,0,0,0,0,1,0,0,0,0,0,1,0,0,0,0,1,0,0,0,1,0,0,1,0,0,0,0,1,0,1,0,0,0,0.5850125,1
150,0,Monthly,Web,Stripe,United Kingdom,4.0,Beginner,lose weight and tone,2,iOS,Apple,Apple,"Iphone13,1",0.0,2,0,0.0,40.133333333,0,1,1,0,0,0,0,0,0,0,0,0,0,0,1,1,0,0,1,0,0,1,0,0,0,0,1,0,0,0,0,0,0,0,1,0.56817085,1
154,0,Monthly,Web,App to Web,United States of America,4.0,Advanced,lose weight and tone,2,iOS,Apple,Apple,"Iphone17,2",9.0,5,4,0.926,33.37962963,1,0,0,0,0,0,0,0,0,0,0,0,0,0,0,0,0,0,0,0,0,0,0,0,0,0,1,0,0,0,0,0,0,0,0,0.45681098,0
157,0,Monthly,App,Google,United States of America,3.0,Beginner,lose weight and tone,3.13.1,Android,Motorola,Motorola,Moto G Play - 2024,0.0,2,0,0.0,13.916666667,1,1,1,0,0,0,0,0,0,0,0,0,0,0,0,0,0,0,0,0,0,1,0,0,0,0,1,0,0,0,0,0,0,0,0,0.7369866,1
160,0,Monthly,App,Apple,United States of America,2.0,Intermediate,lose weight and tone,4,iOS,Apple,Apple,"Iphone14,2",63.0,3,2,0.9322,26.783333333,1,0,1,1,0,0,1,0,0,0,0,0,1,0,1,1,0,1,0,1,0,1,0,0,1,0,1,0,0,1,0,1,0,1,1,0.5291917,1
163,0,Monthly,Web,App to Web,United States of America,3.0,Intermediate,lose weight and tone,2,iOS,Apple,Apple,"Iphone16,1",0.0,0,0,0.0,0.0,0,0,1,0,0,0,0,0,0,0,0,0,0,0,1,0,0,0,0,0,0,1,0,0,0,0,1,0,0,0,0,1,0,0,0,0.45631176,0
164,0,Monthly,Web,Stripe,United States of America,4.0,Intermediate,lose weight and tone,2,iOS,Apple,Apple,"Iphone18,1",0.0,1,0,0.0,54.516666667,0,0,1,0,0,0,1,0,0,0,0,0,1,0,1,1,0,1,0,0,0,1,0,0,1,0,1,0,0,1,0,1,0,0,0,0.5155619,1
169,0,Monthly,Web,App to Web,United States of America,5.0,Beginner,lose weight and tone,6,iOS,Apple,Apple,"Ipad13,18",0.0,2,2,0.9989,15.7,0,0,1,0,0,0,0,0,0,0,0,0,0,0,0,0,0,0,0,0,0,0,0,0,0,0,0,0,0,0,0,0,0,0,0,0.51990986,1
170,0,Monthly,App,Apple,United Kingdom,3.0,Intermediate,lose weight and tone,2,iOS,Apple,Apple,"Iphone14,6",0.0,6,3,0.9617,30.451851852,0,0,1,0,0,0,0,0,0,0,0,0,1,0,1,0,0,1,1,0,0,0,0,0,0,0,0,0,0,0,0,1,0,0,0,0.38703817,0
171,0,Monthly,Web,Stripe,United Kingdom,3.0,Intermediate,lose weight and tone,6,iOS,Apple,Apple,"Iphone14,5",0.0,0,0,0.0,0.0,1,0,0,1,0,0,1,0,0,0,0,0,1,0,1,0,0,0,0,0,0,1,0,0,0,0,1,0,0,1,0,1,0,0,0,0.47687018,0
172,0,Monthly,Web,Stripe,United States of America,3.0,Intermediate,lose weight and tone,3.13.1,Android,Google,Google,Pixel 7a,0.0,4,4,0.39235,26.4875,0,0,1,1,0,0,1,0,0,0,0,0,1,0,0,0,0,1,1,1,0,0,0,0,1,0,1,0,0,1,0,1,0,0,0,0.54990613,1
174,0,Monthly,Web,Stripe,Saudi Arabia,3.0,Intermediate,lose weight and tone,3.14.0,Android,Samsung,Samsung,Sm-S938b,0.0,1,1,0.4898,13.916666667,0,0,1,1,0,0,1,0,0,0,0,0,1,0,1,1,0,1,1,0,0,1,1,0,1,0,1,0,0,1,0,1,0,1,1,0.54402715,1
177,0,Monthly,Web,App to Web,United States of America,7.0,Beginner,lose weight and tone,6,iOS,Apple,Apple,"Iphone14,2",0.0,0,0,0.0,0.0,1,1,1,0,0,0,1,0,0,0,0,0,0,0,0,0,0,1,0,0,0,1,0,0,1,0,1,0,0,1,0,1,0,0,0,0.45857412,0
179,0,Monthly,Web,App to Web,United States of America,4.0,Beginner,lose weight and tone,2,iOS,Apple,Apple,"Iphone14,7",0.0,1,1,0.0,1.016666667,0,1,0,0,0,0,1,0,0,0,0,0,1,0,0,0,0,0,0,0,0,0,0,0,1,0,0,0,0,0,0,1,0,0,0,0.46046028,0
181,0,Monthly,App,Apple,United Kingdom,3.0,Beginner,Start my fitness journey,2,iOS,Apple,Apple,"Iphone14,5",0.0,6,5,0.39976,10.189393939,0,0,1,1,0,0,0,0,0,0,0,0,1,0,1,0,0,0,1,0,0,1,1,0,0,0,0,0,0,0,0,0,0,0,1,0.60009587,1
184,0,Monthly,App,Apple,Ecuador,3.0,Advanced,lose weight and tone,2,iOS,Apple,Apple,"Iphone16,2",0.0,8,2,0.076,39.958333333,1,0,0,1,0,0,1,0,0,0,0,0,1,0,1,0,0,1,0,1,0,0,0,0,1,0,0,0,0,1,0,1,0,1,0,0.520887,1
189,0,Monthly,Web,Stripe,Canada,5.0,Beginner,lose weight and tone,2,iOS,Apple,Apple,"Iphone14,5",0.0,3,1,0.4184,26.754166667,1,0,0,0,0,0,0,0,0,0,0,0,0,0,0,0,0,0,1,0,0,0,1,0,0,0,1,0,0,0,0,1,0,0,0,0.55640703,1
190,0,Monthly,Web,Stripe,Switzerland,3.0,Intermediate,reduce stress,2,iOS,Apple,Apple,"Iphone17,3",0.0,0,0,0.0,0.0,0,1,1,0,0,0,1,0,0,0,0,0,1,0,1,1,0,1,1,0,0,0,0,0,0,0,1,0,0,0,0,1,0,0,1,0.4092999,0
191,0,Monthly,Web,Stripe,United States of America,3.0,Intermediate,lose weight and tone,2,iOS,Apple,Apple,"Iphone15,4",0.0,1,1,0.0,5.0,0,0,1,0,0,0,1,0,0,0,0,0,1,0,1,0,0,0,0,0,0,0,0,0,0,0,1,0,0,0,0,0,0,0,1,0.54498786,1
196,0,Monthly,Web,Stripe,United States of America,3.0,Beginner,lose weight and tone,2,iOS,Apple,Apple,"Iphone14,5",,0,0,0.0,0.0,0,0,1,1,0,0,0,0,0,0,0,0,0,0,0,1,0,0,0,1,0,1,1,0,0,0,1,0,0,0,0,0,0,1,0,0.48564824,0
197,0,Monthly,Web,Stripe,United States of America,2.0,Beginner,lose weight and tone,2,iOS,Apple,Apple,"Iphone17,2",0.0,6,3,0.6664333333,15.144444444,1,1,1,0,0,0,0,0,0,0,0,0,0,0,0,0,0,0,1,0,0,1,0,0,0,0,1,0,0,0,0,0,0,0,0,0.5922438,1
198,0,Monthly,Web,App to Web,United States of America,3.0,Intermediate,lose weight and tone,6,iOS,Apple,Apple,"Iphone16,2",0.0,0,0,0.0,0.0,0,0,1,1,0,0,0,0,0,0,0,0,1,0,1,0,0,0,0,0,0,0,0,0,0,0,0,0,0,1,0,0,0,0,0,0.44053447,0
204,14,Monthly,App,App to Web,United States of America,4.0,Beginner,lose weight and tone,2,iOS,Apple,Apple,"Iphone17,2",627.0,0,0,0.0,0.0,0,1,0,0,0,0,0,0,0,0,0,1,0,0,0,0,0,0,0,0,0,1,0,0,0,0,1,1,1,1,0,1,0,0,0,0.5492899,1
205,0,Monthly,Web,App to Web,United States of America,3.0,Beginner,Unknown,2,iOS,Apple,Apple,"Iphone17,1",24.0,0,0,0.0,0.0,0,0,1,0,0,0,0,0,0,0,0,0,0,0,0,1,0,0,0,0,0,0,0,0,1,0,1,0,0,1,0,1,0,1,0,0.4425667,0
208,0,Monthly,Web,App to Web,United States of America,5.0,Beginner,lose weight and tone,6,iOS,Apple,Apple,"Iphone15,5",0.0,0,0,0.0,0.0,0,0,1,1,0,0,0,0,0,0,0,0,1,0,1,0,0,0,0,1,0,1,1,0,0,0,1,0,0,1,0,0,0,1,0,0.46196997,0
210,0,Monthly,Web,Stripe,Greece,3.0,Intermediate,lose weight and tone,3.14.0,Android,Xiaomi,Xiaomi,25069ptebg,0.0,0,0,0.0,0.0,0,0,1,1,0,0,0,0,0,0,0,0,1,0,1,0,0,0,1,0,0,1,0,0,0,0,1,0,0,1,0,1,0,0,0,0.39412978,0
213,0,Monthly,App,Apple,United Kingdom,5.0,Intermediate,lose weight and tone,2,iOS,Apple,Apple,"Iphone17,2",0.0,14,4,0.32325,19.621296296,0,0,1,0,0,0,0,0,0,0,0,0,0,0,0,1,0,0,1,0,0,0,1,0,0,0,1,0,0,0,0,0,0,0,0,0.6574572,1
219,0,Monthly,App,Apple,United States of America,3.0,Beginner,Have some fun,2,iOS,Apple,Apple,"Iphone12,1",0.0,2,0,0.0,19.025,0,0,1,0,0,0,0,0,0,0,0,0,0,0,0,0,0,0,0,0,0,0,0,0,0,0,0,0,0,0,0,0,0,0,0,0.6969974,1
220,0,Monthly,App,Google,United States of America,,Beginner,Have some fun,3.13.1,Android,Google,Google,Pixel 9,0.0,3,1,0.2766,24.341666667,0,1,0,1,0,0,0,0,0,0,0,0,1,0,1,0,0,1,1,0,0,1,1,0,1,0,1,0,0,1,0,1,0,1,0,0.7292192,1
222,0,Monthly,Web,Stripe,United States of America,3.0,Beginner,Have some fun,3.13.1,Android,Google,Google,Pixel 9a,0.0,1,1,0.3461,13.916666667,1,1,1,1,0,0,1,0,0,0,0,0,1,0,1,0,0,1,1,0,0,0,0,0,1,0,1,0,0,0,0,1,0,0,1,0.5765317,1
224,0,Monthly,Web,App to Web,United States of America,4.0,Beginner,lose weight and tone,2,iOS,Apple,Apple,"Iphone15,2",0.0,1,0,0.0,20.55,1,1,1,1,0,0,0,0,0,0,0,0,1,0,1,1,0,1,0,0,0,0,0,0,0,0,0,0,0,1,0,0,0,0,1,0.5477952,1
227,0,Monthly,App,Apple,United States of America,3.0,Beginner,lose weight and tone,2,iOS,Apple,Apple,"Ipad13,4",0.0,30,0,0.0,41.907777778,0,0,1,1,0,0,0,0,0,0,0,0,1,0,1,0,0,0,0,0,0,1,0,0,0,0,0,0,0,0,0,1,0,0,0,0.58498836,1
231,0,Monthly,Web,Stripe,United Kingdom,3.0,Intermediate,lose weight and tone,3.14.0,Android,Google,Google,Pixel 7 Pro,0.0,0,0,0.0,0.0,1,0,0,1,0,0,1,0,0,0,0,0,1,0,1,1,0,1,1,1,0,1,1,0,1,0,1,0,0,1,0,1,0,1,1,0.39722797,0
232,0,Monthly,Web,Stripe,United States of America,4.0,Beginner,lose weight and tone,6,iOS,Apple,Apple,"Iphone17,2",-1.0,0,0,0.0,0.0,0,0,1,1,0,0,1,0,0,0,0,0,1,0,1,0,0,1,0,0,0,1,0,0,1,0,1,0,0,1,0,1,0,0,1,0.4409865,0
234,0,Monthly,Web,Stripe,United States of America,2.0,Beginner,Start my fitness journey,3.14.0,Android,Samsung,Samsung,Sm-S906u,0.0,0,0,0.0,0.0,0,1,0,0,0,0,0,0,0,0,0,0,0,0,0,0,0,0,1,1,0,1,1,0,0,0,1,0,0,1,0,0,0,1,0,0.42634296,0
239,0,Monthly,Web,Stripe,United Kingdom,2.0,Intermediate,lose weight and tone,3.14.0,Android,Motorola,Motorola,Moto G85 5g,0.0,0,0,0.0,0.0,0,0,1,1,0,0,1,0,0,0,0,0,1,0,1,0,0,1,1,0,0,0,0,0,1,0,0,0,0,1,0,1,0,0,0,0.3762072,0
241,0,Monthly,Web,App to Web,United States of America,3.0,Beginner,reduce stress,2,iOS,Apple,Apple,"Iphone16,2",320.0,0,0,0.0,0.0,1,0,1,0,0,1,0,0,0,0,0,0,0,0,0,0,1,0,0,0,0,1,0,0,0,0,1,1,0,0,1,1,0,0,0,0.52103776,1
246,0,Monthly,App,Google,United States of America,5.0,Intermediate,lose weight and tone,3.14.0,Android,Google,Google,Pixel 9 Pro,0.0,1,1,0.0971,27.8,0,0,1,0,0,0,1,0,0,0,0,0,0,0,0,0,0,1,1,0,0,1,1,0,0,0,1,0,0,1,0,1,0,0,0,0.570022,1
247,0,Monthly,Web,App to Web,United States of America,3.0,Beginner,Start my fitness journey,2,iOS,Apple,Apple,"Iphone13,2",0.0,1,1,1.0,27.8,0,1,0,0,0,0,0,0,0,0,0,0,0,0,0,1,0,0,1,0,0,1,0,0,0,0,1,0,0,0,0,1,0,0,0,0.46665075,0
250,0,Monthly,Web,App to Web,United States of America,5.0,Intermediate,lose weight and tone,2,iOS,Apple,Apple,"Iphone17,2",0.0,5,1,0.6707,39.894444444,0,0,1,0,0,0,1,0,0,0,0,0,1,0,1,0,0,1,0,0,0,1,0,0,1,0,0,0,0,1,0,1,0,0,0,0.46141988,0
253,0,Monthly,App,Apple,United Kingdom,3.0,Intermediate,lose weight and tone,2,iOS,Apple,Apple,"Iphone14,5",0.0,8,8,0.857375,27.1875,0,0,1,0,0,0,0,0,0,0,0,0,0,0,0,0,0,0,1,0,0,1,0,0,0,0,1,0,0,0,0,1,0,0,0,0.35115072,0
254,0,Monthly,Web,App to Web,United States of America,2.0,Beginner,reduce stress,2,iOS,Apple,Apple,"Iphone15,4",0.0,0,0,0.0,0.0,0,0,1,0,0,0,0,0,0,0,0,0,0,0,0,0,0,0,0,0,0,0,0,0,0,0,0,0,0,0,0,0,0,0,0,0.48190117,0
255,0,Monthly,Web,App to Web,United States of America,4.0,Beginner,Start my fitness journey,2,iOS,Apple,Apple,"Iphone14,8",0.0,4,4,0.29035,12.016666667,0,1,0,0,0,0,0,0,0,0,0,0,1,0,1,0,0,1,1,1,0,1,1,0,1,0,1,0,0,0,0,1,0,1,1,0.5046994,1
260,0,Monthly,Web,Stripe,Sweden,2.0,Advanced,lose weight and tone,6,iOS,Apple,Apple,"Iphone15,2",189.0,15,5,0.62622,33.876666667,1,0,0,0,0,0,0,0,0,0,0,0,1,0,1,0,0,1,0,1,0,0,1,0,1,0,1,0,1,0,0,1,0,1,0,0.48811206,0
268,0,Monthly,App,Apple,United States of America,3.0,Beginner,lose weight and tone,2,iOS,Apple,Apple,"Iphone16,2",0.0,7,1,0.5605,26.7375,0,0,1,1,0,0,0,0,0,0,0,0,0,0,1,0,0,0,1,0,0,1,1,0,1,0,1,0,0,1,0,1,0,0,0,0.6159914,1
269,0,Monthly,App,Google,United States of America,,Beginner,lose weight and tone,3.13.1,Android,Samsung,Samsung,Sm-S908u,0.0,0,0,0.0,0.0,0,0,1,0,0,0,0,0,0,0,0,0,0,0,0,0,0,0,1,0,0,0,0,0,0,0,0,0,0,0,0,1,0,0,0,0.6324306,1
273,0,Monthly,App,Apple,Brazil,5.0,Beginner,Start my fitness journey,6,iOS,Apple,Apple,"Iphone14,7",0.0,12,9,0.6109222222,24.151587302,0,1,0,1,0,0,1,0,0,0,0,0,1,0,1,1,0,1,1,1,0,1,1,0,1,0,1,0,0,1,0,1,0,1,1,0.58857536,1
278,0,Monthly,App,Apple,United States of America,5.0,Beginner,lose weight and tone,2,iOS,Apple,Apple,"Ipad16,3",0.0,1,0,0.0,13.916666667,0,0,1,0,0,0,0,0,0,0,0,0,0,0,0,0,0,0,0,0,0,0,0,0,0,0,1,0,0,0,0,0,0,0,0,0.65996104,1
280,0,Monthly,Web,App to Web,United States of America,3.0,Intermediate,Have some fun,2,iOS,Apple,Apple,"Iphone14,7",0.0,0,0,0.0,0.0,0,1,0,0,0,0,0,0,0,0,0,0,0,0,0,0,0,0,0,0,0,0,0,0,0,0,1,0,0,0,0,0,0,0,0,0.5037213,1
281,0,Monthly,Web,Stripe,United States of America,3.0,Beginner,Unknown,3.13.1,Android,Samsung,Samsung,Sm-S911u,0.0,0,0,0.0,0.0,0,0,1,0,0,0,1,0,0,0,0,0,0,0,0,0,0,1,0,0,0,1,0,0,1,0,1,0,0,1,0,1,0,0,0,0.50020117,1
283,0,Monthly,App,Apple,United States of America,5.0,Beginner,lose weight and tone,2,iOS,Apple,Apple,"Iphone17,2",0.0,1,0,0.0,13.916666667,0,0,1,0,0,0,0,0,0,0,0,0,0,0,0,0,0,0,1,1,0,1,0,0,0,0,1,0,0,0,0,0,0,0,0,0.6508069,1
284,0,Monthly,Web,App to Web,United States of America,3.0,Beginner,lose weight and tone,2,iOS,Apple,Apple,"Iphone15,4",0.0,4,2,0.54575,25.377777778,0,0,1,0,0,0,0,0,0,0,0,0,0,0,0,1,0,0,0,0,0,0,0,0,0,0,1,0,0,0,0,1,0,0,0,0.57756674,1
287,7,Monthly,Web,Stripe,United States of America,5.0,Beginner,lose weight and tone,2,iOS,Apple,Apple,"Iphone15,2",7.0,0,0,0.0,0.0,0,0,1,0,0,0,1,0,0,0,0,0,0,0,1,1,0,1,0,0,0,1,0,0,1,0,1,0,0,1,0,1,0,0,0,0.4747781,0
290,0,Monthly,Web,Stripe,Romania,3.0,Beginner,lose weight and tone,3.13.1,Android,Xiaomi,Redmi,2201116sg,0.0,0,0,0.0,0.0,0,0,1,1,0,0,0,0,0,0,0,0,1,0,1,0,0,0,0,0,0,0,0,0,1,0,0,0,0,0,0,1,0,0,0,0.45202482,0
291,0,Monthly,App,Google,France,5.0,Intermediate,lose weight and tone,3.13.1,Android,Samsung,Samsung,Sm-G990b,0.0,2,1,0.9968,20.55,0,0,1,0,0,0,1,0,0,0,0,0,1,0,1,0,0,1,0,0,0,1,0,0,1,0,1,0,0,1,0,1,0,0,0,0.56797016,1
292,0,Monthly,Web,Stripe,United States of America,4.0,Beginner,lose weight and tone,6,iOS,Apple,Apple,"Iphone15,4",0.0,0,0,0.0,0.0,1,0,1,1,0,0,1,0,0,0,0,0,1,0,1,0,0,1,1,0,0,0,0,0,1,0,0,0,0,1,0,1,0,0,1,0.4373256,0
295,0,Monthly,App,Google,United States of America,5.0,Beginner,reduce stress,3.14.0,Android,Samsung,Samsung,Sm-S911u,0.0,3,2,0.53235,31.433333333,0,1,0,1,0,0,0,0,0,0,0,0,0,0,0,0,0,0,0,0,0,0,0,0,0,0,0,0,0,0,0,0,0,0,0,0.6480947,1
296,0,Monthly,Web,App to Web,United States of America,5.0,Beginner,Start my fitness journey,2,iOS,Apple,Apple,"Iphone17,4",0.0,0,0,0.0,0.0,0,0,1,0,0,0,0,0,0,0,0,0,0,0,0,0,0,0,1,0,0,1,1,0,0,0,1,0,0,1,0,0,0,1,0,0.46955872,0
298,0,Monthly,App,Google,United States of America,5.0,Beginner,lose weight and tone,3.14.0,Android,Samsung,Samsung,Sm-F946u,4.0,5,5,0.59976,12.82,1,1,1,1,0,0,1,0,0,0,0,0,1,0,1,1,0,1,1,1,0,1,1,0,1,0,1,0,0,1,0,1,0,1,1,0.62562644,1
299,0,Monthly,Web,App to Web,United States of America,3.0,Intermediate,lose weight and tone,2,iOS,Apple,Apple,"Iphone16,2",0.0,2,2,0.82995,42.216666667,0,0,1,0,0,0,0,0,0,0,0,0,0,0,0,0,0,0,0,0,0,1,0,0,0,0,0,0,0,0,0,0,0,0,0,0.45774025,0
301,0,Monthly,App,Apple,Canada,3.0,Intermediate,Have some fun,2,iOS,Apple,Apple,"Iphone14,5",0.0,0,0,0.0,0.0,1,0,0,1,0,0,1,0,0,0,0,0,1,0,1,0,0,0,1,1,0,1,1,0,0,0,1,0,0,1,0,0,0,1,1,0.5570473,1
302,0,Monthly,Web,Stripe,United States of America,2.0,Intermediate,lose weight and tone,6,iOS,Apple,Apple,"Iphone16,2",0.0,1,0,0.0,48.983333333,0,0,1,0,0,0,0,0,0,0,0,0,0,0,1,1,0,0,0,0,0,1,0,0,1,0,1,0,0,0,0,1,0,0,0,0.53730047,1
303,0,Monthly,Web,Stripe,United States of America,4.0,Advanced,lose weight and tone,6,iOS,Apple,Apple,"Iphone14,2",0.0,0,0,0.0,0.0,1,0,0,0,0,0,0,0,0,0,0,0,0,0,0,0,0,0,0,0,0,0,0,0,0,0,0,0,0,0,0,0,0,0,0,0.5055178,1
305,0,Monthly,Web,App to Web,United States of America,3.0,Beginner,Unknown,2,iOS,Apple,Apple,"Iphone16,2",717.0,5,5,0.52024,11.336666667,0,1,0,1,0,0,0,0,0,0,0,0,1,0,1,0,0,0,1,0,0,1,0,0,1,0,1,0,0,1,0,1,0,0,0,0.5051936,1
308,0,Monthly,App,Apple,Turkey,3.0,Beginner,lose weight and tone,2,iOS,Apple,Apple,"Iphone12,3",0.0,2,2,0.9878,21.966666667,1,0,0,1,0,0,1,0,0,0,0,0,1,0,0,0,0,0,1,0,0,1,0,0,0,0,1,0,0,1,0,1,0,1,0,0.5638093,1
309,7,Monthly,App,Apple,Belgium,2.0,Intermediate,Have some fun,2,iOS,Apple,Apple,"Ipad15,8",309.0,6,5,0.55152,31.793939394,1,1,1,0,0,0,1,0,0,0,0,0,0,0,0,0,0,0,0,0,0,0,0,0,1,0,0,1,0,1,0,1,0,0,0,0.41961062,0
310,0,Monthly,Web,App to Web,United States of America,4.0,Intermediate,lose weight and tone,2,iOS,Apple,Apple,"Iphone15,2",0.0,1,0,0.0,13.916666667,0,0,1,1,0,0,0,0,0,0,0,0,0,0,0,0,0,0,0,0,0,0,0,0,1,0,0,0,0,1,0,0,0,1,0,0.5205776,1
311,0,Monthly,App,Google,United States of America,,Intermediate,lose weight and tone,3.13.1,Android,Samsung,Samsung,Sm-S921u,62.0,0,0,0.0,0.0,1,0,1,0,0,0,1,0,0,0,0,0,1,0,1,0,0,1,1,1,0,1,1,0,1,0,1,0,0,1,0,1,0,1,0,0.6209639,1
313,0,Monthly,Web,App to Web,United States of America,3.0,Beginner,lose weight and tone,2,iOS,Apple,Apple,"Iphone15,5",0.0,0,0,0.0,0.0,0,1,0,1,0,0,0,0,0,0,0,0,1,0,1,1,0,0,1,1,0,1,1,0,1,0,1,0,0,1,0,1,0,0,0,0.4504953,0
315,0,Monthly,App,Google,United Kingdom,,Intermediate,lose weight and tone,3.14.0,Android,Samsung,Samsung,Sm-A346b,0.0,3,3,0.8853333333,22.475,0,0,1,0,0,0,0,0,0,0,0,0,1,0,1,0,0,0,1,1,0,0,0,0,0,0,0,0,0,0,0,0,0,0,1,0.5469495,1
316,0,Monthly,Web,App to Web,United States of America,5.0,Intermediate,lose weight and tone,2,iOS,Apple,Apple,"Iphone16,2",26.0,0,0,0.0,0.0,0,0,1,1,0,0,1,0,0,0,0,0,0,0,1,0,0,0,0,0,0,1,0,0,1,0,1,0,0,1,0,0,0,0,0,0.46259108,0
318,0,Monthly,App,Google,United States of America,20.0,Beginner,lose weight and tone,3.14.0,Android,Samsung,Samsung,Sm-S921u,667.0,1,0,0.0,13.916666667,1,1,1,0,0,0,0,0,0,0,0,0,0,0,0,0,1,0,0,0,1,1,0,1,0,0,1,1,0,0,1,1,0,0,0,0.6429857,1
319,0,Monthly,App,Google,United States of America,3.0,Intermediate,lose weight and tone,3.14.0,Android,Samsung,Samsung,Sm-S916u,82.0,2,2,0.9545,21.958333333,0,0,1,0,0,1,0,0,1,0,0,1,0,0,1,0,0,0,1,0,0,0,0,0,0,0,1,0,1,0,1,1,0,0,0,0.5534205,1
320,0,Monthly,Web,Stripe,United Kingdom,1.0,Intermediate,lose weight and tone,3.14.0,Android,Samsung,Samsung,Sm-S721b,0.0,4,3,0.9969333333,31.033333333,0,0,1,0,0,0,0,0,0,0,0,0,1,0,1,0,0,0,0,0,0,0,0,0,0,0,1,0,0,0,0,0,0,1,1,0.41010725,0
321,0,Monthly,App,Google,Albania,,Beginner,lose weight and tone,3.13.1,Android,Samsung,Samsung,Sm-S721b,0.0,1,0,0.0,0.0,0,1,1,0,0,0,1,0,0,0,0,0,1,0,0,0,0,0,1,0,0,0,0,0,0,0,1,0,0,0,0,1,0,0,0,0.6095188,1
322,0,Monthly,Web,Stripe,Israel,6.0,Intermediate,lose weight and tone,2,iOS,Apple,Apple,"Iphone16,1",0.0,6,3,0.6580666667,37.731481481,1,0,1,1,0,0,0,0,0,0,0,0,1,0,1,0,0,0,1,0,0,1,0,0,0,0,1,0,0,1,0,1,0,0,0,0.5511411,1
328,0,Monthly,App,Google,United States of America,2.0,Beginner,lose weight and tone,3.14.0,Android,Samsung,Samsung,Sm-S918u,215.0,1,1,1.0,30.0,0,0,1,0,0,1,0,1,0,0,0,0,0,0,0,0,1,0,0,0,1,1,0,1,0,0,1,0,0,0,1,0,0,0,0,0.5627979,1
330,0,Monthly,Web,App to Web,United States of America,3.0,Intermediate,lose weight and tone,6,iOS,Apple,Apple,"Iphone17,3",0.0,0,0,0.0,0.0,0,1,1,0,0,0,0,0,0,0,0,0,0,0,0,1,0,0,1,0,0,1,1,0,0,0,1,0,0,0,0,0,0,0,0,0.47544447,0
334,0,Monthly,Web,Stripe,Greece,3.0,Intermediate,lose weight and tone,3.13.1,Android,Samsung,Samsung,Sm-A346b,0.0,0,0,0.0,0.0,1,0,0,0,0,0,1,0,0,0,0,0,0,0,0,0,0,1,0,0,0,0,0,0,1,0,0,0,0,1,0,1,0,0,0,0.45941827,0
341,0,Monthly,App,Apple,Philippines,3.0,Advanced,Start my fitness journey,2,iOS,Apple,Apple,"Iphone13,4",0.0,40,27,0.787737037,38.830845771,1,0,0,0,0,0,0,0,0,0,0,0,0,0,0,0,0,1,0,0,0,0,0,0,1,0,1,0,0,1,0,1,0,0,0,0.20731561,0
343,0,Monthly,Web,Stripe,Ireland,3.0,Intermediate,lose weight and tone,3.13.1,Android,Samsung,Samsung,Sm-G990b,0.0,0,0,0.0,0.0,0,0,1,0,0,0,0,0,0,0,0,0,1,0,0,0,0,0,1,0,0,0,0,0,0,0,0,0,0,0,0,1,0,1,1,0.48092598,0
345,0,Monthly,Web,App to Web,United States of America,3.0,Intermediate,Start my fitness journey,2,iOS,Apple,Apple,"Iphone14,8",111.0,2,2,1.0,50.883333333,0,0,1,0,0,0,0,0,0,0,0,0,0,0,1,0,1,0,0,0,0,1,1,0,0,0,0,1,1,1,1,0,0,0,0,0.38907254,0
346,7,Monthly,App,Apple,Germany,3.0,Beginner,lose weight and tone,6,iOS,Apple,Apple,"Iphone15,4",286.0,3,2,0.71825,31.016666667,0,1,0,0,1,0,0,0,0,0,0,0,0,0,0,0,0,0,1,0,0,1,0,0,0,0,0,1,1,1,0,1,0,0,0,0.47741482,0
351,0,Monthly,Web,App to Web,United States of America,2.0,Beginner,lose weight and tone,2,iOS,Apple,Apple,"Iphone15,4",0.0,0,0,0.0,0.0,0,1,0,0,0,0,1,0,0,0,0,0,1,0,0,0,0,1,1,1,0,1,1,0,0,0,1,0,0,0,0,1,0,1,0,0.45941675,0
353,0,Monthly,Web,Stripe,United States of America,3.0,Intermediate,lose weight and tone,3.14.0,Android,Samsung,Samsung,Sm-G991u,0.0,3,1,0.2589,28.804166667,0,0,1,0,0,0,1,0,0,0,0,0,0,0,0,0,0,1,0,0,0,0,1,0,0,0,1,0,0,1,0,0,0,0,0,0.55376595,1
355,0,Monthly,Web,App to Web,United States of America,4.0,Beginner,lose weight and tone,6,iOS,Apple,Apple,"Iphone17,1",66.0,2,2,0.49765,16.566666667,0,0,1,0,0,0,0,0,0,0,0,0,0,0,1,0,0,0,0,0,0,1,0,0,0,0,1,0,0,0,0,1,0,0,0,0.5530796,1
356,0,Monthly,Web,Stripe,United States of America,3.0,Beginner,Start my fitness journey,6,iOS,Apple,Apple,"Iphone18,2",0.0,0,0,0.0,0.0,0,1,0,0,0,0,0,0,0,0,0,0,0,0,0,1,0,0,1,0,0,1,0,0,0,0,1,0,0,0,0,1,0,0,1,0.4873712,0
357,0,Monthly,Web,App to Web,United States of America,3.0,Intermediate,lose weight and tone,6,iOS,Apple,Apple,"Iphone14,8",0.0,5,1,0.0988,35.175,0,1,0,0,0,0,0,0,0,0,0,0,0,0,1,0,0,0,1,0,0,1,0,0,0,0,1,0,0,0,0,0,0,0,0,0.64214545,1
359,0,Monthly,Web,App to Web,United States of America,5.0,Beginner,lose weight and tone,6,iOS,Apple,Apple,"Iphone17,3",0.0,1,1,1.0,13.916666667,0,1,1,0,0,0,0,0,0,0,0,0,0,0,1,0,0,1,0,1,0,1,0,0,1,0,1,0,0,1,0,1,0,1,1,0.4703549,0
362,0,Monthly,App,Google,United Arab Emirates,5.0,Intermediate,lose weight and tone,3.13.1,Android,Oppo,Oppo,Cph2727,0.0,2,2,0.58865,13.916666667,1,0,0,0,0,0,1,0,0,0,0,0,1,0,0,1,0,1,1,1,0,1,0,0,1,0,1,0,0,0,0,1,0,0,1,0.6082135,1
363,7,Monthly,App,Google,Poland,7.0,Beginner,lose weight and tone,3.14.0,Android,Xiaomi,Redmi,21091116ug,25.0,2,2,0.99565,41.183333333,0,0,1,1,0,0,1,0,0,0,0,0,1,0,1,1,0,1,1,1,0,1,1,0,1,0,1,0,0,1,0,1,0,1,1,0.41044253,0
365,14,Monthly,App,App to Web,United States of America,2.0,Intermediate,Unknown,6,iOS,Apple,Apple,"Iphone16,2",649.0,2,0,0.0,50.116666667,1,0,0,0,0,0,1,1,0,1,0,1,0,0,0,0,1,1,0,0,0,1,1,1,1,0,1,0,1,1,0,1,0,0,0,0.52722675,1
368,0,Monthly,Web,Stripe,United Kingdom,2.0,Intermediate,lose weight and tone,3.14.0,Android,Samsung,Samsung,Sm-G780g,628.0,0,0,0.0,0.0,1,0,0,0,0,0,1,0,0,0,0,0,0,0,0,0,0,1,0,0,0,0,0,0,0,0,1,0,0,1,0,1,0,0,0,0.4527225,0
369,0,Monthly,Web,App to Web,United States of America,3.0,Intermediate,lose weight and tone,6,iOS,Apple,Apple,"Iphone16,2",0.0,1,1,0.9003,31.433333333,0,0,1,0,0,0,1,0,0,0,0,0,0,0,0,0,0,1,1,0,0,1,0,0,0,0,1,0,0,1,0,1,0,0,0,0.45241088,0
370,0,Monthly,Web,App to Web,United States of America,1.0,Beginner,lose weight and tone,2,iOS,Apple,Apple,"Iphone15,5",0.0,11,4,0.24715,26.35,0,0,1,0,0,0,0,0,0,0,0,0,0,0,1,0,0,1,1,0,0,1,0,0,0,0,1,0,0,0,0,1,0,1,0,0.5334797,1
371,0,Monthly,Web,Stripe,United States of America,3.0,Intermediate,lose weight and tone,6,iOS,Apple,Apple,"Iphone13,2",0.0,0,0,0.0,0.0,0,0,1,0,0,0,0,0,0,0,0,0,1,0,1,0,0,0,0,0,0,1,0,0,1,0,1,0,0,0,0,1,0,1,0,0.46628338,0
373,0,Monthly,App,Google,United Kingdom,3.0,Beginner,lose weight and tone,3.13.1,Android,Samsung,Samsung,Sm-F766b,319.0,0,0,0.0,0.0,0,0,1,0,0,0,1,1,0,0,0,1,0,0,0,0,0,0,1,0,0,0,0,0,1,0,1,0,0,0,0,0,0,0,0,0.5950268,1
375,7,Monthly,Web,Stripe,United States of America,3.0,Intermediate,Start my fitness journey,3.13.1,Android,Samsung,Samsung,Sm-A156u,7.0,0,0,0.0,0.0,0,1,0,0,0,0,0,0,0,0,0,0,0,0,1,0,0,1,0,0,0,0,0,0,1,0,1,0,0,1,1,1,0,0,0,0.49586114,0
378,0,Monthly,App,Apple,Hungary,5.0,Intermediate,lose weight and tone,2,iOS,Apple,Apple,"Iphone14,7",15.0,4,3,0.1659333333,34.969047619,0,0,1,0,0,0,0,0,0,0,0,0,0,0,0,0,0,0,0,0,0,1,0,0,0,0,1,0,0,1,0,0,0,0,0,0.6425997,1
382,0,Monthly,Web,Stripe,United States of America,4.0,Beginner,lose weight and tone,2,iOS,Apple,Apple,"Iphone14,7",0.0,0,0,0.0,0.0,0,0,1,0,0,0,0,0,0,0,0,0,0,0,0,0,0,0,0,1,0,1,0,0,0,0,1,0,0,0,0,0,0,0,0,0.5146519,1
383,0,Monthly,Web,Stripe,United States of America,3.0,Intermediate,lose weight and tone,6,iOS,Apple,Apple,"Iphone12,1",0.0,0,0,0.0,0.0,0,1,1,0,0,0,1,0,0,0,0,0,0,0,0,0,0,1,1,0,0,0,1,0,1,0,1,0,0,1,0,1,0,1,0,0.45464966,0
384,0,Monthly,Web,Stripe,United States of America,7.0,Beginner,lose weight and tone,6,iOS,Apple,Apple,"Iphone17,4",0.0,0,0,0.0,0.0,0,1,1,0,0,0,0,0,0,0,0,0,0,0,0,0,0,0,0,0,0,0,0,0,0,0,0,0,0,0,0,0,0,0,0,0.50404763,1
387,0,Monthly,Web,Stripe,Poland,3.0,Intermediate,lose weight and tone,6,iOS,Apple,Apple,"Iphone14,5",0.0,13,8,0.3992375,22.925396825,0,0,1,0,0,0,1,0,0,0,0,0,0,0,0,0,0,0,0,0,0,0,0,0,0,0,1,0,0,0,0,1,0,0,0,0.464752,0
389,0,Monthly,Web,App to Web,United States of America,3.0,Beginner,lose weight and tone,2,iOS,Apple,Apple,"Iphone14,7",0.0,1,1,1.0,30.0,1,1,1,1,0,0,1,0,0,0,0,0,1,0,1,1,0,1,1,1,0,1,1,0,1,0,1,0,0,1,0,1,0,1,1,0.45694435,0
396,0,Monthly,Web,Stripe,United States of America,3.0,Intermediate,lose weight and tone,2,iOS,Apple,Apple,"Iphone14,4",-1.0,1,0,0.0,13.916666667,0,0,1,0,0,0,0,0,0,0,0,0,0,0,0,0,0,0,1,0,0,0,0,0,0,0,0,0,0,0,0,0,0,0,0,0.536952,1
398,0,Monthly,App,Apple,Canada,4.0,Beginner,lose weight and tone,2,iOS,Apple,Apple,"Ipad14,8",0.0,2,2,0.99895,22.475,1,0,0,1,0,0,0,0,0,0,0,0,0,0,1,0,0,0,0,0,0,0,0,0,0,0,1,0,0,1,0,0,0,0,0,0.56244636,1
402,7,Monthly,App,Apple,United Kingdom,4.0,Intermediate,lose weight and tone,6,iOS,Apple,Apple,"Iphone15,4",499.0,3,2,0.99415,42.036666667,0,0,1,0,1,0,0,0,0,0,0,0,0,0,0,0,0,0,0,0,1,0,0,0,1,0,1,1,0,1,0,1,0,0,0,0.38054335,0
404,0,Monthly,Web,Stripe,United States of America,3.0,Intermediate,lose weight and tone,3.13.1,Android,Samsung,Samsung,Sm-S916u,0.0,1,1,1.0,13.916666667,0,1,1,1,0,0,1,0,0,0,0,0,1,0,1,0,0,1,0,0,0,1,1,0,1,0,0,0,0,1,0,1,0,1,1,0.49669662,0
406,0,Monthly,App,App to Web,United States of America,3.0,Beginner,lose weight and tone,2,iOS,Apple,Apple,"Ipad14,5",0.0,0,0,0.0,0.0,0,0,1,0,0,0,0,0,0,0,0,0,0,0,0,0,0,0,1,0,0,1,1,0,0,0,1,0,0,0,0,0,0,1,0,0.53668267,1
417,0,Monthly,Web,Stripe,United Kingdom,4.0,Intermediate,lose weight and tone,2,iOS,Apple,Apple,"Iphone14,4",0.0,2,0,0.0,26.616666667,0,0,1,1,0,0,0,0,0,0,0,0,0,0,0,0,0,0,0,0,0,0,0,0,0,0,1,0,0,0,0,0,0,0,0,0.5876063,1
418,0,Monthly,Web,Stripe,United States of America,3.0,Beginner,Have some fun,2,iOS,Apple,Apple,"Iphone16,2",0.0,0,0,0.0,0.0,0,0,1,0,0,0,0,0,0,0,0,0,0,0,0,0,0,0,0,0,0,1,0,0,0,0,1,0,0,0,0,0,0,1,0,0.5273093,1
420,0,Monthly,Web,Stripe,United Kingdom,,Intermediate,lose weight and tone,3.14.0,Android,Samsung,Samsung,Sm-S911b,0.0,6,5,0.95822,27.63030303,0,0,1,0,0,0,0,0,0,0,0,0,0,0,0,0,0,0,1,0,0,1,0,0,0,0,1,0,0,0,0,0,0,0,0,0.40638968,0
422,0,Monthly,Web,Stripe,United States of America,,Beginner,Have some fun,3.13.1,Android,Samsung,Samsung,Sm-S928u,0.0,2,0,0.0,17.575,0,1,0,1,0,0,0,0,0,0,0,0,1,0,1,0,0,0,1,0,0,1,1,0,0,0,1,0,0,1,0,0,0,0,0,0.7009647,1
423,0,Monthly,Web,App to Web,United States of America,6.0,Intermediate,lose weight and tone,2,iOS,Apple,Apple,"Iphone14,3",0.0,5,4,0.5,13.527777778,1,1,1,1,0,0,1,0,0,0,0,0,1,0,1,1,0,1,1,1,0,1,1,0,1,0,1,0,0,1,0,1,0,1,1,0.4840766,0
424,0,Monthly,App,Apple,Australia,7.0,Advanced,lose weight and tone,2,iOS,Apple,Apple,"Iphone17,1",0.0,3,0,0.0,39.088888889,1,0,1,0,0,0,1,0,0,0,0,0,1,0,1,0,0,0,1,0,0,0,0,0,0,0,1,0,0,0,0,1,0,0,0,0.56951624,1
427,0,Monthly,Web,Stripe,United Kingdom,4.0,Advanced,lose weight and tone,3.14.0,Android,Samsung,Samsung,Sm-F721u,0.0,0,0,0.0,0.0,0,0,1,1,0,0,0,0,0,0,0,0,1,0,1,0,0,0,1,1,0,1,1,0,1,0,0,0,0,1,0,1,0,0,0,0.40335205,0
430,0,Monthly,Web,Stripe,Romania,14.0,Advanced,Have some fun,3.14.0,Android,Samsung,Samsung,Sm-A346b,0.0,22,12,0.5952583333,22.455882353,1,0,1,0,0,0,0,0,0,0,0,0,0,0,0,0,0,1,0,0,0,0,0,0,0,0,0,0,0,1,0,1,0,0,0,0.3913233,0
432,0,Monthly,Web,App to Web,United States of America,5.0,Intermediate,lose weight and tone,2,iOS,Apple,Apple,"Iphone14,2",0.0,3,0,0.0,33.188888889,0,0,1,0,0,0,0,0,0,0,0,0,0,0,0,1,0,1,0,0,0,1,1,0,0,0,1,0,0,1,0,1,0,0,0,0.55054533,1
436,0,Monthly,Web,Stripe,United States of America,3.0,Beginner,lose weight and tone,2,iOS,Apple,Apple,"Iphone16,1",0.0,5,5,0.71498,22.313333333,1,0,0,0,0,0,0,0,0,0,0,0,0,0,0,0,0,0,0,0,0,1,0,0,0,0,1,0,0,1,0,0,0,0,0,0.5660362,1
442,0,Monthly,Web,Stripe,United States of America,3.0,Intermediate,lose weight and tone,2,iOS,Apple,Apple,"Iphone14,2",0.0,5,2,0.12045,29.419047619,0,0,1,0,0,0,0,0,0,0,0,0,0,0,0,0,0,0,0,0,0,1,0,0,0,0,0,0,0,0,0,0,0,0,0,0.5689546,1
443,0,Monthly,Web,Stripe,United Kingdom,2.0,Intermediate,lose weight and tone,3.14.0,Android,Samsung,Samsung,Sm-S911b,0.0,11,7,0.8164857143,24.493518519,0,0,1,1,0,0,0,0,0,0,0,0,0,0,1,0,0,0,1,0,0,1,0,0,0,0,1,0,0,1,0,1,0,0,0,0.32062557,0
445,14,Monthly,App,Apple,United States of America,,Intermediate,Unknown,6,iOS,Apple,Apple,"Iphone17,2",689.0,3,2,0.839,41.536666667,0,0,1,0,1,0,1,1,0,0,0,0,0,0,0,0,0,1,0,0,0,1,0,1,1,0,0,1,1,1,0,1,1,0,0,0.40357623,0
449,0,Monthly,Web,App to Web,United States of America,3.0,Beginner,lose weight and tone,2,iOS,Apple,Apple,"Iphone15,3",0.0,1,0,0.0,32.416666667,0,1,0,1,0,0,1,0,0,0,0,0,1,0,1,1,0,1,0,0,0,1,0,0,1,0,1,0,0,1,0,1,0,0,1,0.5072966,1
451,14,Monthly,App,App to Web,United States of America,,Advanced,Unknown,2,iOS,Apple,Apple,"Ipad15,6",650.0,2,1,1.0,36.966666667,1,0,0,0,0,0,1,0,0,0,0,1,0,0,0,0,0,1,0,0,0,1,0,0,1,0,0,1,1,1,0,1,0,0,0,0.45731705,0
452,0,Monthly,App,Google,Brazil,5.0,Beginner,lose weight and tone,3.13.1,Android,Samsung,Samsung,Sm-X210,0.0,9,0,0.0,26.731481481,0,0,1,0,0,0,0,0,0,0,0,0,1,0,0,0,0,0,0,1,0,1,0,0,0,0,1,0,0,0,0,0,0,0,0,0.7627153,1
453,0,Monthly,App,Google,United States of America,4.0,Beginner,lose weight and tone,3.13.1,Android,Google,Google,Pixel 7 Pro,0.0,4,3,0.2106666667,18.261904762,1,0,0,1,0,0,0,0,0,0,0,0,1,0,0,0,0,0,1,0,0,1,0,0,0,0,1,0,0,1,0,0,0,0,0,0.7480914,1
457,7,Monthly,Web,App to Web,United States of America,4.0,Beginner,lose weight and tone,2,iOS,Apple,Apple,"Iphone17,2",7.0,0,0,0.0,0.0,1,1,1,1,0,0,0,0,0,0,0,0,1,0,1,0,0,1,0,0,0,1,1,0,0,0,1,0,0,0,0,1,0,0,0,0.4742751,0
458,0,Monthly,App,Apple,United States of America,6.0,Intermediate,Unknown,6,iOS,Apple,Apple,"Iphone14,2",0.0,5,1,0.4783,37.944444444,1,0,0,0,0,0,1,0,0,0,0,0,1,0,1,0,0,0,0,0,0,1,0,0,1,0,1,0,0,1,0,1,0,0,1,0.5904325,1
459,0,Monthly,Web,Stripe,Romania,3.0,Beginner,Have some fun,3.14.0,Android,Samsung,Samsung,Sm-A528b,360.0,1,1,0.9992,20.55,0,0,1,0,0,0,0,0,0,0,0,0,0,0,0,0,0,0,0,0,0,0,0,0,0,0,0,1,0,1,1,1,0,0,0,0.46688128,0
462,0,Monthly,Web,Stripe,United States of America,3.0,Intermediate,Start my fitness journey,2,iOS,Apple,Apple,"Iphone17,1",0.0,0,0,0.0,0.0,0,0,1,0,0,0,0,0,0,0,0,0,0,0,0,0,0,0,0,0,0,0,0,0,0,0,0,0,0,0,0,0,0,0,0,0.47596171,0
463,0,Monthly,App,Google,Serbia,2.0,Beginner,reduce stress,3.14.0,Android,Xiaomi,Xiaomi,23078pnd5g,2.0,4,3,0.6653,18.030952381,0,1,0,1,0,0,1,0,0,0,0,0,1,0,1,1,0,1,1,1,0,1,1,0,1,0,1,0,0,1,0,1,0,1,1,0.5675534,1
464,7,Monthly,App,Apple,United States of America,4.0,Beginner,Start my fitness journey,6,iOS,Apple,Apple,"Iphone13,2",221.0,0,0,0.0,0.0,0,1,1,0,0,0,0,1,0,0,0,1,0,0,0,0,0,1,1,0,1,1,1,0,1,0,1,1,0,1,0,1,0,0,0,0.5690261,1
467,0,Monthly,Web,Stripe,United States of America,3.0,Beginner,lose weight and tone,6,iOS,Apple,Apple,"Iphone15,4",0.0,0,0,0.0,0.0,0,0,1,0,0,0,0,0,0,0,0,0,0,0,0,0,0,1,0,0,0,0,0,0,1,0,1,0,0,1,0,1,0,0,0,0.46594763,0
470,0,Monthly,App,Apple,United States of America,2.0,Beginner,Have some fun,6,iOS,Apple,Apple,"Iphone17,3",8.0,0,0,0.0,0.0,1,0,0,0,0,0,0,0,0,0,0,0,0,0,1,0,0,0,1,0,0,0,0,0,1,0,0,0,0,0,0,1,0,0,0,0.5507521,1
472,0,Monthly,Web,Stripe,United States of America,2.0,Beginner,Start my fitness journey,6,iOS,Apple,Apple,"Iphone15,2",0.0,0,0,0.0,0.0,0,1,0,0,0,0,0,0,0,0,0,0,0,0,0,1,0,0,1,1,0,1,1,0,0,0,1,0,0,0,0,1,0,1,1,0.46631128,0
478,0,Monthly,Web,App to Web,United States of America,6.0,Intermediate,Unknown,2,iOS,Apple,Apple,"Iphone15,3",636.0,2,2,0.80705,29.791666667,0,0,1,0,0,0,1,0,0,0,0,0,0,0,0,0,0,1,0,0,0,1,0,0,1,0,0,1,0,1,0,1,0,0,0,0.4782893,0
482,0,Monthly,App,Apple,Canada,4.0,Intermediate,Start my fitness journey,2,iOS,Apple,Apple,"Iphone14,5",2.0,8,2,0.76955,37.351666667,1,0,1,0,0,0,0,0,0,0,0,0,1,0,1,0,0,1,0,0,0,1,1,0,0,0,1,0,0,1,0,0,0,0,0,0.4753237,0
486,0,Monthly,Web,Stripe,United States of America,3.0,Intermediate,lose weight and tone,3.14.0,Android,Samsung,Samsung,Sm-S721u,0.0,0,0,0.0,0.0,0,0,1,1,0,0,1,0,0,0,0,0,1,0,1,0,0,1,0,0,0,1,0,0,1,0,1,0,0,1,0,1,0,0,0,0.4096316,0
487,0,Monthly,Web,Stripe,United States of America,,Beginner,lose weight and tone,2,iOS,Apple,Apple,"Iphone14,7",0.0,0,0,0.0,0.0,0,1,0,0,0,0,0,0,0,0,0,0,0,0,0,0,0,0,1,0,0,0,0,0,0,0,1,0,0,0,0,0,0,0,0,0.534711,1
488,0,Monthly,Web,App to Web,United States of America,3.0,Intermediate,lose weight and tone,2,iOS,Apple,Apple,"Ipad8,12",0.0,1,1,0.3365,13.916666667,0,0,1,0,0,0,1,0,0,0,0,0,1,0,1,0,0,0,1,0,0,0,0,0,1,0,1,0,0,0,0,0,0,0,1,0.54722345,1
489,0,Monthly,Web,App to Web,United States of America,3.0,Beginner,lose weight and tone,2,iOS,Apple,Apple,"Iphone16,2",81.0,0,0,0.0,0.0,0,0,1,1,0,0,0,0,0,0,0,0,0,0,1,0,0,0,0,0,0,1,1,0,0,0,1,0,0,1,0,0,0,0,0,0.50335705,1
493,7,Monthly,App,Apple,United States of America,3.0,Advanced,lose weight and tone,2,iOS,Apple,Apple,"Iphone14,7",527.0,1,0,0.0,30.466666667,0,0,1,0,1,0,1,0,0,0,0,1,0,1,0,0,0,1,0,0,0,1,0,1,1,0,1,0,0,1,0,1,0,0,0,0.58631694,1
496,0,Monthly,Web,Stripe,Romania,3.0,Intermediate,lose weight and tone,3.13.1,Android,Samsung,Samsung,Sm-S918b,0.0,3,2,0.66285,20.35,0,0,1,0,0,0,1,0,0,0,0,0,1,0,0,0,0,0,0,0,0,0,0,0,1,0,0,0,0,0,0,0,0,0,0,0.54546994,1
497,0,Monthly,Web,Stripe,United Kingdom,2.0,Intermediate,lose weight and tone,3.14.0,Android,Samsung,Samsung,Sm-A556e,0.0,6,6,0.5657166667,31.705555556,0,0,1,0,0,0,1,0,0,0,0,0,0,0,0,0,0,0,0,0,0,0,1,0,0,0,1,0,0,1,0,1,0,0,0,0.39970556,0
502,0,Monthly,App,Google,United States of America,5.0,Beginner,lose weight and tone,3.13.1,Android,Motorola,Motorola,Motorola Edge Plus 2023,0.0,0,0,0.0,0.0,0,1,0,0,0,0,0,0,0,0,0,0,0,0,0,1,0,0,0,0,0,0,0,0,0,0,1,0,0,0,0,0,0,1,0,0.6645574,1
503,0,Monthly,Web,Stripe,Brazil,4.0,Intermediate,Unknown,2,iOS,Apple,Apple,"Iphone14,7",10.0,5,1,0.9505,29.9,0,1,1,0,0,0,1,0,0,0,0,0,0,0,0,0,0,1,0,0,0,0,0,0,1,0,0,0,0,1,0,1,0,0,0,0.45203224,0
508,0,Monthly,Web,App to Web,United States of America,4.0,Advanced,Have some fun,2,iOS,Apple,Apple,"Iphone17,2",4.0,3,3,1.0,49.966666667,1,0,0,1,0,0,0,0,0,0,0,0,1,0,1,0,0,0,0,0,0,1,1,0,0,0,0,0,0,1,0,1,0,0,0,0.3942921,0
513,0,Monthly,App,Google,Brazil,,Intermediate,lose weight and tone,3.14.0,Android,Samsung,Samsung,Sm-G990e,0.0,1,1,0.9976,13.916666667,0,1,1,1,0,0,1,0,0,0,0,0,0,0,1,0,0,1,1,1,0,0,1,0,1,0,1,0,0,1,0,1,0,0,0,0.61121327,1
514,0,Monthly,App,Apple,United States of America,3.0,Intermediate,Have some fun,2,iOS,Apple,Apple,"Iphone16,1",41.0,0,0,0.0,0.0,0,0,1,1,0,0,0,0,0,0,0,0,0,0,0,0,0,0,1,0,0,1,0,0,0,0,1,0,0,1,0,0,0,1,1,0.6279689,1
518,0,Monthly,App,Apple,Saudi Arabia,3.0,Intermediate,lose weight and tone,2,iOS,Apple,Apple,"Iphone16,2",0.0,2,0,0.0,30.233333333,0,0,1,0,0,0,0,0,0,0,0,0,0,0,0,0,0,0,0,0,0,0,0,0,0,0,0,0,0,0,0,0,0,0,0,0.6850751,1
520,0,Monthly,Web,App to Web,United States of America,4.0,Intermediate,lose weight and tone,2,iOS,Apple,Apple,"Iphone13,1",0.0,4,2,0.4796,19.594444444,0,0,1,0,0,0,1,0,0,0,0,0,1,0,1,0,0,1,0,0,0,0,0,0,1,0,0,0,0,1,0,1,0,0,0,0.49525774,0
522,0,Monthly,Web,App to Web,United States of America,4.0,Beginner,Unknown,2,iOS,Apple,Apple,"Iphone17,1",0.0,9,9,0.4932777778,15.524074074,1,1,1,0,0,0,0,0,0,0,0,0,0,0,0,0,0,0,0,0,0,1,0,0,0,0,1,0,0,0,0,0,0,0,0,0.5412781,1
524,0,Monthly,Web,Stripe,United States of America,5.0,Beginner,lose weight and tone,2,iOS,Apple,Apple,"Ipad15,7",0.0,1,1,0.5293,13.916666667,1,1,1,0,0,0,1,0,0,0,0,0,0,0,0,0,1,1,0,0,0,1,0,0,1,0,0,0,0,1,0,1,0,0,0,0.5114062,1
525,0,Monthly,Web,App to Web,United States of America,3.0,Beginner,lose weight and tone,2,iOS,Apple,Apple,"Iphone15,3",0.0,0,0,0.0,0.0,1,0,1,0,0,0,0,0,0,0,0,0,1,0,0,0,0,1,0,1,0,1,0,0,0,0,1,0,0,1,0,0,0,1,0,0.4804997,0
530,0,Monthly,Web,Stripe,United States of America,4.0,Intermediate,lose weight and tone,3.14.0,Android,Samsung,Samsung,Sm-S921u,0.0,2,3,0.3333333333,8.566666667,0,0,1,0,0,0,1,0,0,0,0,0,1,0,1,0,0,1,0,0,0,1,0,0,1,0,1,0,0,1,0,1,0,0,1,0.4926358,0
533,0,Monthly,Web,Stripe,United States of America,5.0,Beginner,lose weight and tone,6,iOS,Apple,Apple,"Iphone18,2",0.0,0,0,0.0,0.0,0,0,1,0,0,0,0,0,0,0,0,0,0,0,0,0,0,0,0,0,0,0,0,0,0,0,0,0,0,0,0,0,0,0,0,0.48452452,0
535,0,Monthly,App,Apple,Germany,3.0,Beginner,lose weight and tone,6,iOS,Apple,Apple,"Iphone14,5",0.0,6,2,0.36625,29.808333333,0,0,1,1,0,0,1,0,0,0,0,0,0,0,1,0,0,1,0,1,0,1,1,0,1,0,1,0,0,1,0,1,0,1,0,0.5931774,1
537,0,Monthly,Web,App to Web,United States of America,,Beginner,Unknown,2,iOS,Apple,Apple,"Iphone16,2",339.0,1,1,0.9976,13.916666667,0,1,1,1,0,0,1,0,0,0,0,0,0,0,1,0,0,0,0,1,0,1,0,0,1,0,1,0,0,1,0,1,0,0,0,0.5258162,1
538,0,Monthly,Web,Stripe,Argentina,,Intermediate,lose weight and tone,3.13.0,Android,Xiaomi,Redmi,24117rn76l,0.0,3,1,1.0,20.991666667,0,0,1,0,0,0,0,0,0,0,0,0,1,0,1,0,0,1,1,0,0,1,0,0,1,0,1,0,0,0,0,1,0,0,0,0.4053659,0
540,0,Monthly,Web,Stripe,United States of America,3.0,Intermediate,lose weight and tone,2,iOS,Apple,Apple,"Iphone17,3",0.0,0,0,0.0,0.0,0,0,1,0,0,0,0,0,0,0,0,0,0,0,0,0,0,1,0,0,0,1,1,0,1,0,0,0,0,1,0,1,0,1,0,0.45661643,0
543,0,Monthly,Web,Stripe,United Kingdom,3.0,Intermediate,lose weight and tone,2,iOS,Apple,Apple,"Iphone17,3",0.0,4,3,0.7074,30.130952381,0,0,1,1,0,0,0,0,0,0,0,0,1,0,1,0,0,0,0,0,0,0,0,0,0,0,0,0,0,1,0,0,0,0,0,0.4622596,0
546,0,Monthly,App,Google,United States of America,2.0,Beginner,Start my fitness journey,3.14.0,Android,Motorola,Motorola,Motorola Razr 2024,2.0,1,1,0.5198,13.916666667,0,1,1,1,0,0,1,0,0,0,0,0,1,0,0,1,0,1,0,1,0,1,0,0,0,0,1,0,0,1,0,0,0,0,0,0.6374976,1
550,0,Monthly,Web,App to Web,United States of America,3.0,Intermediate,lose weight and tone,2,iOS,Apple,Apple,"Iphone17,3",0.0,2,2,0.991,21.958333333,1,0,1,1,0,0,1,0,0,0,0,0,1,0,1,0,0,1,0,1,0,0,1,0,1,0,0,0,0,1,0,1,0,0,1,0.43548897,0
551,0,Monthly,Web,App to Web,United States of America,3.0,Intermediate,lose weight and tone,6,iOS,Apple,Apple,"Iphone16,1",0.0,6,5,0.71592,28.860606061,0,0,1,1,0,0,0,0,0,0,0,0,1,0,1,0,0,0,0,0,0,1,0,0,0,0,1,0,0,1,0,0,0,0,0,0.47911018,0
553,0,Monthly,Web,Stripe,United States of America,3.0,Intermediate,lose weight and tone,6,iOS,Apple,Apple,"Iphone17,2",0.0,2,1,0.9988,13.916666667,0,0,1,0,0,0,0,0,0,0,0,0,0,0,0,0,0,0,1,0,0,1,0,0,0,0,0,0,0,1,0,1,0,0,1,0.46977043,0
560,0,Monthly,Web,Stripe,United States of America,3.0,Intermediate,lose weight and tone,3.13.1,Android,Samsung,Samsung,Sm-S936u1,0.0,2,2,0.9898,22.675,0,0,1,0,0,0,0,0,0,0,0,0,0,0,0,0,0,0,1,0,0,0,0,0,1,0,0,0,0,1,0,1,0,0,0,0.5327295,1
561,7,Monthly,App,App to Web,United States of America,7.0,Intermediate,lose weight and tone,2,iOS,Apple,Apple,"Iphone13,2",456.0,6,3,0.3266,46.505555556,1,0,0,0,1,0,1,1,0,0,0,0,0,0,0,0,1,1,0,0,0,1,0,0,1,0,1,0,1,1,0,1,0,0,0,0.5225068,1
564,0,Monthly,Web,Stripe,Spain,3.0,Intermediate,lose weight and tone,2,iOS,Apple,Apple,"Iphone14,7",0.0,0,0,0.0,0.0,0,0,1,1,0,0,0,0,0,0,0,0,1,0,0,0,0,0,1,0,0,0,1,0,0,0,0,0,0,1,0,0,0,0,0,0.39051187,0
566,0,Monthly,Web,App to Web,United States of America,3.0,Intermediate,lose weight and tone,2,iOS,Apple,Apple,"Iphone17,3",534.0,5,2,0.3933,44.742857143,0,0,1,0,0,0,0,0,0,0,0,0,0,0,0,0,0,0,0,0,0,1,1,0,0,0,1,0,0,0,0,0,0,0,0,0.5872801,1
567,0,Monthly,Web,App to Web,United States of America,5.0,Intermediate,lose weight and tone,2,iOS,Apple,Apple,"Iphone14,7",0.0,2,0,0.0,23.166666667,1,0,0,0,0,0,0,0,0,0,0,0,0,0,0,0,0,1,0,0,0,0,0,0,0,0,0,0,0,0,0,0,0,0,1,0.57141495,1
569,0,Monthly,Web,Stripe,United Kingdom,1.0,Advanced,lose weight and tone,2,iOS,Apple,Apple,"Iphone14,2",498.0,7,4,0.747125,26.522727273,1,0,0,0,0,0,1,0,0,0,0,0,0,0,0,0,0,0,0,0,0,0,0,0,1,0,1,0,0,0,0,1,0,0,0,0.4944769,0
570,0,Monthly,Web,Stripe,United States of America,3.0,Intermediate,lose weight and tone,2,iOS,Apple,Apple,"Iphone16,2",0.0,7,5,0.64442,29.079166667,0,0,1,0,0,0,1,0,0,0,0,0,1,0,1,0,0,1,0,0,0,0,0,0,1,0,0,0,0,1,0,1,0,0,0,0.44421417,0
572,0,Monthly,Web,App to Web,United States of America,3.0,Intermediate,lose weight and tone,2,iOS,Apple,Apple,"Iphone17,1",,6,4,0.887675,26.01,0,1,0,1,0,0,0,0,0,0,0,0,0,0,1,0,0,0,1,0,0,1,1,0,0,0,0,0,0,0,0,1,0,0,1,0.40096745,0
574,0,Monthly,Web,Stripe,United States of America,3.0,Beginner,reduce stress,2,iOS,Apple,Apple,"Iphone14,7",0.0,1,1,1.0,32.116666667,0,1,0,0,0,0,0,0,0,0,0,0,0,0,0,0,1,0,0,0,0,0,0,0,0,0,1,0,0,0,0,0,0,0,0,0.517459,1
575,0,Monthly,Web,App to Web,United States of America,3.0,Intermediate,lose weight and tone,2.2.0,Android,Samsung,Samsung,Sm-A326u,430.0,2,1,1.0,13.916666667,1,0,0,0,0,0,1,0,0,0,0,0,0,0,0,0,0,1,1,0,0,0,1,0,1,0,1,0,0,1,0,1,0,1,0,0.5332583,1
578,0,Monthly,Web,Stripe,United States of America,3.0,Beginner,lose weight and tone,3.13.1,Android,Motorola,Motorola,Motorola Razr 2023,0.0,5,4,0.60235,25.975925926,0,0,1,0,0,0,0,0,0,0,0,0,0,0,0,0,0,0,0,0,0,1,0,0,0,0,0,0,0,0,0,0,0,0,0,0.5684293,1
579,0,Monthly,App,Apple,United States of America,3.0,Intermediate,lose weight and tone,2,iOS,Apple,Apple,"Iphone14,7",,0,0,0.0,0.0,0,0,1,0,0,0,0,0,0,0,0,0,0,0,0,0,0,1,0,1,0,0,0,0,1,0,1,0,0,1,0,1,0,0,1,0.5319025,1
581,0,Monthly,Web,App to Web,United States of America,3.0,Beginner,reduce stress,6,iOS,Apple,Apple,"Ipad14,5",0.0,0,0,0.0,0.0,0,1,0,0,0,0,0,0,0,0,0,0,0,0,0,0,0,0,0,0,0,0,0,0,0,0,0,0,0,0,0,0,0,0,0,0.48548612,0
583,0,Monthly,Web,Stripe,United States of America,3.0,Beginner,lose weight and tone,3.14.0,Android,Google,Google,Pixel 10 Pro,0.0,0,0,0.0,0.0,0,1,0,0,0,0,0,0,0,0,0,0,0,0,0,0,0,0,0,0,0,0,0,0,0,0,1,0,0,0,0,0,0,0,0,0.46374375,0
584,0,Monthly,App,Apple,Romania,2.0,Intermediate,Start my fitness journey,6,iOS,Apple,Apple,"Iphone17,1",0.0,0,0,0.0,0.0,0,0,1,1,0,0,1,0,0,0,0,0,1,0,1,0,0,1,1,0,0,0,0,0,1,0,1,0,0,1,0,1,0,0,1,0.4531327,0
585,0,Monthly,App,Apple,Canada,3.0,Advanced,Have some fun,2,iOS,Apple,Apple,"Iphone14,2",0.0,2,0,0.0,50.833333333,1,0,0,0,0,0,0,0,0,0,0,0,0,0,0,0,0,0,1,1,0,1,1,0,0,0,1,0,0,0,0,0,0,1,0,0.6160347,1
598,0,Monthly,Web,App to Web,United States of America,3.0,Intermediate,Start my fitness journey,2,iOS,Apple,Apple,"Iphone16,2",0.0,1,1,0.2165,49.966666667,0,0,1,1,0,0,0,0,0,0,0,0,0,0,0,0,0,1,0,0,0,1,1,0,0,0,1,0,0,1,0,0,0,0,0,0.5096423,1
599,0,Monthly,Web,Stripe,Denmark,3.0,Intermediate,lose weight and tone,2,iOS,Apple,Apple,"Iphone12,1",0.0,0,0,0.0,0.0,0,0,1,0,0,0,0,0,0,0,0,0,1,0,1,0,0,0,0,0,0,1,0,0,1,0,0,0,0,1,0,1,0,0,0,0.41607487,0
601,0,Monthly,App,Apple,United States of America,3.0,Intermediate,lose weight and tone,2,iOS,Apple,Apple,"Iphone17,2",0.0,12,1,0.9988,29.570512821,0,0,1,0,0,0,1,0,0,0,0,0,1,0,1,0,0,0,0,0,0,1,0,0,1,0,1,0,0,1,0,1,0,0,0,0.48330817,0
606,0,Monthly,App,Apple,United States of America,3.0,Beginner,lose weight and tone,6,iOS,Apple,Apple,"Iphone17,3",0.0,2,1,1.0,19.622222222,0,0,1,0,0,0,0,0,0,0,0,0,0,0,0,0,0,0,0,0,0,1,1,0,0,0,1,0,0,1,0,0,0,0,0,0.59933937,1
608,0,Monthly,Web,Stripe,United States of America,3.0,Intermediate,lose weight and tone,2,iOS,Apple,Apple,"Iphone16,2",,0,0,0.0,0.0,0,0,1,0,0,0,0,0,0,0,0,0,1,0,1,0,0,0,0,1,0,0,0,0,1,0,0,0,0,1,0,1,0,0,1,0.43266618,0
609,0,Monthly,Web,App to Web,United States of America,3.0,Beginner,lose weight and tone,2,iOS,Apple,Apple,"Iphone16,2",0.0,2,0,0.0,13.916666667,0,1,1,0,0,0,1,0,0,0,0,0,1,0,0,0,0,1,1,0,0,0,1,0,1,0,0,0,0,0,0,0,0,0,0,0.5414881,1
610,0,Monthly,Web,App to Web,United States of America,3.0,Beginner,lose weight and tone,2,iOS,Apple,Apple,"Iphone17,3",0.0,1,1,0.9988,13.916666667,0,1,1,1,0,0,1,0,0,0,0,0,1,0,1,1,0,1,1,1,0,1,1,0,1,0,1,0,0,1,0,1,0,1,1,0.4629679,0
615,0,Monthly,App,Apple,Romania,3.0,Intermediate,lose weight and tone,2,iOS,Apple,Apple,"Iphone13,2",0.0,2,2,0.6407,13.916666667,1,0,1,0,0,0,1,0,0,0,0,0,0,0,0,0,0,1,1,0,0,1,0,0,1,0,1,0,0,1,0,1,0,1,0,0.53834224,1
617,0,Monthly,Web,Stripe,United States of America,,Intermediate,lose weight and tone,2,iOS,Apple,Apple,"Iphone14,8",0.0,6,3,0.9992,32.840740741,0,0,1,1,0,0,1,0,0,0,0,0,0,0,1,0,0,1,0,0,0,1,0,0,1,0,0,0,0,1,0,1,0,0,0,0.3761016,0
619,0,Monthly,Web,Stripe,United Kingdom,3.0,Advanced,lose weight and tone,3.13.1,Android,Samsung,Samsung,Sm-A356b,0.0,4,2,1.0,24.75,0,0,1,1,0,0,1,0,0,0,0,0,1,0,1,1,0,1,1,1,0,1,1,0,1,0,1,0,0,1,0,1,0,1,1,0.4428572,0
620,0,Monthly,App,Apple,Canada,3.0,Intermediate,lose weight and tone,2,iOS,Apple,Apple,"Iphone14,7",62.0,1,0,0.0,30.3,0,0,1,0,0,0,0,0,0,0,0,0,0,0,1,0,0,0,1,1,0,0,1,0,1,0,1,0,0,1,0,1,0,1,1,0.5620355,1
634,0,Monthly,Web,Stripe,United States of America,2.0,Intermediate,Have some fun,6,iOS,Apple,Apple,"Iphone14,2",,0,0,0.0,0.0,0,0,1,1,0,0,0,0,0,0,0,0,1,0,1,1,0,0,0,0,0,1,0,0,0,0,0,0,0,1,0,1,0,0,0,0.46559322,0
636,0,Monthly,Web,Stripe,United States of America,3.0,Beginner,lose weight and tone,6,iOS,Apple,Apple,"Iphone12,1",0.0,2,1,0.9988,13.916666667,0,1,0,0,0,0,0,0,0,0,0,0,0,0,0,0,0,0,0,0,0,0,0,0,0,0,0,0,0,0,0,0,0,0,0,0.5388825,1
639,0,Monthly,Web,App to Web,United States of America,5.0,Beginner,lose weight and tone,2,iOS,Apple,Apple,"Iphone17,3",0.0,2,1,0.9614,26.25,0,1,1,0,0,0,0,0,0,0,0,0,1,0,1,0,0,0,0,0,0,0,0,0,1,0,1,0,0,1,0,1,0,0,0,0.5128919,1
646,0,Monthly,App,Apple,Poland,3.0,Intermediate,lose weight and tone,2,iOS,Apple,Apple,"Iphone14,7",,0,0,0.0,0.0,0,0,1,1,0,0,1,0,0,0,0,0,1,0,0,1,0,1,1,0,0,1,0,0,1,0,1,0,0,1,0,1,0,0,0,0.50395906,1
649,0,Monthly,Web,Stripe,United States of America,3.0,Beginner,Have some fun,3.13.1,Android,Samsung,Samsung,Sm-S901u,0.0,0,0,0.0,0.0,1,1,1,0,0,0,0,0,0,0,0,0,0,0,0,0,0,0,0,0,0,0,0,0,0,0,0,0,0,0,0,0,0,0,0,0.5538392,1
651,0,Monthly,Web,App to Web,United States of America,3.0,Intermediate,Unknown,6,iOS,Apple,Apple,"Iphone17,1",0.0,2,0,0.0,43.225,1,1,1,0,0,0,1,0,0,0,0,0,0,0,0,0,0,0,1,0,0,1,0,0,0,0,1,0,0,0,0,1,0,0,0,0.5685425,1
652,0,Monthly,Web,App to Web,United States of America,5.0,Beginner,lose weight and tone,2,iOS,Apple,Apple,"Iphone16,1",58.0,1,1,0.9988,13.916666667,0,0,1,1,0,0,0,0,0,0,0,0,1,0,1,1,0,0,1,1,0,1,1,0,0,0,1,0,0,1,0,0,0,1,1,0.5720287,1
657,0,Monthly,App,Apple,Sweden,1.0,Beginner,Have some fun,6,iOS,Apple,Apple,"Ipad8,11",0.0,1,0,0.0,13.916666667,0,0,1,0,0,0,0,0,0,0,0,0,0,0,0,0,0,0,0,0,0,0,0,0,0,0,0,0,0,0,0,0,0,0,0,0.61310697,1
659,0,Monthly,Web,App to Web,United States of America,3.0,Intermediate,lose weight and tone,2,iOS,Apple,Apple,"Iphone16,2",0.0,2,2,0.9988,13.916666667,0,0,1,0,0,0,0,0,0,0,0,0,0,0,0,0,0,0,1,0,0,1,1,0,0,0,1,0,0,0,0,0,0,1,0,0.49604622,0
660,0,Monthly,App,App to Web,United States of America,2.0,Intermediate,lose weight and tone,2,iOS,Apple,Apple,"Iphone15,2",0.0,4,0,0.0,31.833333333,0,0,1,1,0,0,1,0,0,0,0,0,1,0,1,0,0,1,1,0,0,1,0,0,1,0,1,0,0,1,0,1,0,0,0,0.5618586,1
661,0,Monthly,Web,Stripe,France,2.0,Beginner,lose weight and tone,2,iOS,Apple,Apple,"Iphone12,1",0.0,7,5,0.6466,16.758333333,0,0,1,1,0,0,1,0,0,0,0,0,0,0,1,0,0,0,0,0,0,0,0,0,1,0,1,0,0,1,0,1,0,0,0,0.469256,0
663,7,Monthly,App,Apple,Canada,4.0,Beginner,lose weight and tone,2,iOS,Apple,Apple,"Ipad12,1",507.0,2,2,0.9901,32.383333333,0,0,1,0,0,0,0,0,0,0,0,0,0,0,0,0,0,0,0,0,0,1,1,0,1,0,1,0,0,0,0,1,0,0,0,0.39650428,0
664,0,Monthly,Web,Stripe,United Kingdom,3.0,Intermediate,lose weight and tone,2,iOS,Apple,Apple,"Iphone17,1",0.0,0,0,0.0,0.0,0,0,1,1,0,0,0,0,0,0,0,0,1,0,1,0,0,0,0,0,0,0,0,0,0,0,0,0,0,0,0,1,0,0,1,0.4694331,0
666,0,Monthly,App,Google,United States of America,,Intermediate,lose weight and tone,3.13.1,Android,Samsung,Samsung,Sm-A546v,0.0,4,3,0.7430666667,31.492857143,0,0,1,0,0,0,0,0,0,0,0,0,0,0,1,0,0,0,1,0,0,0,1,0,0,0,1,0,0,0,0,0,0,0,1,0.658174,1
670,0,Monthly,Web,Stripe,United States of America,4.0,Beginner,lose weight and tone,2,iOS,Apple,Apple,"Iphone16,2",0.0,2,0,0.0,34.466666667,1,0,1,0,0,0,1,0,0,0,0,0,0,0,0,0,0,1,0,0,0,1,0,0,0,0,1,0,0,0,0,1,0,0,0,0.56695646,1
676,0,Monthly,Web,App to Web,United States of America,3.0,Intermediate,lose weight and tone,2,iOS,Apple,Apple,"Iphone14,5",0.0,0,0,0.0,0.0,0,0,1,1,0,0,0,0,0,0,0,0,0,0,0,0,0,0,0,1,0,0,1,0,0,0,1,0,0,0,0,0,0,1,0,0.48131168,0
677,0,Monthly,App,Apple,Canada,4.0,Beginner,lose weight and tone,6,iOS,Apple,Apple,"Iphone15,3",0.0,10,2,0.04795,31.466666667,0,1,0,0,0,0,0,0,0,0,0,0,0,0,0,0,0,1,0,0,0,0,0,0,0,0,0,0,0,0,0,0,0,0,0,0.6070711,1
681,0,Monthly,Web,Stripe,United States of America,3.0,Beginner,lose weight and tone,2,iOS,Apple,Apple,"Iphone12,5",46.0,2,2,0.99915,23.291666667,0,1,0,0,0,0,0,0,0,0,0,0,0,0,0,0,1,0,0,0,0,0,0,0,0,0,1,0,0,0,0,0,0,0,0,0.50189483,1
686,0,Monthly,Web,Stripe,United States of America,3.0,Intermediate,lose weight and tone,3.14.0,Android,Samsung,Samsung,Sm-S931u,0.0,5,3,0.8782,29.202083333,0,0,1,0,0,0,0,0,0,0,0,0,0,0,0,0,0,0,1,1,0,0,1,0,0,0,0,0,0,0,0,0,0,0,0,0.4091287,0
689,0,Monthly,Web,Stripe,United States of America,2.0,Beginner,Have some fun,6,iOS,Apple,Apple,"Iphone17,2",2.0,0,0,0.0,0.0,0,1,0,0,0,0,0,0,0,0,0,0,0,0,0,0,0,0,1,0,0,0,0,0,0,0,1,0,0,0,0,0,0,0,1,0.5420003,1
690,0,Monthly,Web,Stripe,United States of America,3.0,Beginner,lose weight and tone,4,iOS,Apple,Apple,"Iphone14,3",189.0,1,0,0.0,31.883333333,0,0,1,0,0,0,1,0,0,0,0,0,0,0,0,0,1,0,1,0,0,1,0,0,1,0,1,0,0,0,0,1,0,0,0,0.5525213,1
691,0,Monthly,Web,App to Web,United States of America,3.0,Beginner,lose weight and tone,2,iOS,Apple,Apple,"Iphone15,3",0.0,4,3,0.9994333333,26.428571429,0,0,1,0,0,0,0,0,0,0,0,0,1,0,0,1,0,0,1,0,0,1,1,0,1,0,1,0,0,1,0,0,0,1,0,0.41904858,0
694,0,Monthly,Web,App to Web,United States of America,5.0,Advanced,Have some fun,6,iOS,Apple,Apple,"Iphone12,1",0.0,1,1,0.9997,49.966666667,0,0,1,1,0,0,1,0,0,0,0,0,1,0,0,0,0,0,0,0,0,1,0,0,1,0,1,0,0,1,0,1,0,0,0,0.4522169,0
696,0,Monthly,Web,Stripe,Hungary,4.0,Beginner,lose weight and tone,3.14.0,Android,Xiaomi,Redmi,M2101k6g,0.0,6,4,0.273825,32.893333333,0,0,1,0,0,0,0,0,0,0,0,0,1,0,1,1,0,1,1,0,0,1,0,0,1,0,1,0,0,0,0,1,0,0,1,0.4437784,0
699,0,Monthly,Web,Stripe,Greece,4.0,Intermediate,lose weight and tone,3.14.0,Android,Motorola,Motorola,Moto E22,0.0,1,1,0.9964,13.916666667,0,0,1,0,0,0,1,0,0,0,0,0,1,0,1,1,0,0,1,0,0,1,1,0,0,0,1,0,0,0,0,0,0,1,1,0.4491356,0
700,0,Monthly,App,Google,Bulgaria,,Beginner,lose weight and tone,3.14.0,Android,Samsung,Samsung,Sm-S926b,0.0,1,1,0.9988,13.916666667,0,1,0,1,0,0,1,0,0,0,0,0,1,0,1,1,0,1,1,1,0,1,1,0,1,0,1,0,0,1,0,1,0,1,1,0.51545006,1
702,0,Monthly,Web,Stripe,Slovakia,3.0,Intermediate,Start my fitness journey,3.14.0,Android,Motorola,Motorola,Moto G13,0.0,4,1,0.9501,35.926666667,0,0,1,0,0,0,1,0,0,0,0,0,1,0,0,0,0,0,0,0,0,0,0,0,0,0,0,0,0,0,0,1,0,0,0,0.38311115,0
707,0,Monthly,Web,Stripe,United States of America,4.0,Beginner,lose weight and tone,6,iOS,Apple,Apple,"Ipad15,8",0.0,4,2,0.99975,30.238888889,1,0,0,0,0,0,0,0,0,0,0,0,0,0,1,0,0,0,0,0,0,1,0,0,0,0,0,0,0,1,0,0,0,0,0,0.4517827,0
708,0,Monthly,Web,Stripe,United Kingdom,4.0,Intermediate,lose weight and tone,3.13.1,Android,Samsung,Samsung,Sm-S921b,0.0,5,3,0.8876333333,14.225,0,0,1,1,0,0,1,0,0,0,0,0,0,0,1,0,0,1,1,0,0,0,1,0,0,0,1,0,0,1,0,1,0,0,0,0.49972454,0
709,0,Monthly,App,Apple,Canada,4.0,Beginner,lose weight and tone,2,iOS,Apple,Apple,"Iphone13,2",446.0,0,0,0.0,0.0,0,0,1,0,1,0,1,1,0,0,0,0,0,0,0,0,1,0,0,0,0,0,0,0,1,0,1,0,1,1,0,1,0,0,0,0.54069513,1
712,0,Monthly,Web,Stripe,United States of America,3.0,Beginner,lose weight and tone,2,iOS,Apple,Apple,"Iphone15,3",0.0,4,3,0.4896333333,26.854761905,0,0,1,0,0,0,0,0,0,0,0,0,0,0,0,1,0,0,0,0,0,1,0,0,0,0,1,0,0,0,0,0,0,0,0,0.5866089,1
714,0,Monthly,App,Apple,United States of America,3.0,Beginner,lose weight and tone,2,iOS,Apple,Apple,"Iphone16,2",0.0,0,0,0.0,0.0,0,0,1,0,0,0,0,0,0,0,0,0,0,0,1,0,0,0,1,0,0,1,0,0,1,0,1,0,0,1,0,1,0,0,0,0.5531643,1
723,0,Monthly,App,Apple,United States of America,4.0,Beginner,lose weight and tone,6,iOS,Apple,Apple,"Iphone17,2",0.0,1,1,0.9982,55.266666667,0,0,1,0,0,0,0,0,0,0,0,0,0,0,0,0,0,1,0,0,0,1,0,0,0,0,1,0,0,1,0,1,0,0,0,0.5109072,1
726,0,Monthly,Web,App to Web,United States of America,3.0,Beginner,Have some fun,2,iOS,Apple,Apple,"Iphone17,2",0.0,0,0,0.0,0.0,0,0,1,0,0,0,0,0,0,0,0,0,0,0,1,0,0,0,0,0,0,1,0,0,0,0,1,0,0,0,0,0,0,0,0,0.48498246,0
730,0,Monthly,Web,Stripe,United Kingdom,3.0,Intermediate,lose weight and tone,3.13.1,Android,Samsung,Samsung,Sm-S931b,0.0,0,0,0.0,0.0,1,0,1,1,0,0,1,0,0,0,0,0,1,0,1,0,0,0,0,1,0,1,1,0,0,0,1,0,0,1,0,0,0,0,1,0.5160212,1
731,0,Monthly,App,Apple,United States of America,3.0,Beginner,lose weight and tone,2,iOS,Apple,Apple,"Iphone14,3",15.0,2,2,1.0,19.775,0,0,1,0,0,0,0,0,0,0,0,0,0,0,0,0,0,0,0,0,0,1,1,0,0,0,1,0,0,0,0,0,0,0,1,0.5749413,1
732,0,Monthly,Web,App to Web,United States of America,3.0,Beginner,reduce stress,2,iOS,Apple,Apple,"Iphone14,2",0.0,2,0,0.0,13.916666667,0,1,0,0,0,0,1,0,0,0,0,0,0,0,1,0,0,0,0,0,0,0,1,0,1,0,1,0,0,0,0,1,0,1,0,0.54240793,1
734,0,Monthly,Web,App to Web,United States of America,3.0,Beginner,lose weight and tone,6,iOS,Apple,Apple,"Iphone14,2",0.0,1,1,0.2216,13.916666667,0,1,0,1,0,0,0,0,0,0,0,0,1,0,1,0,0,0,0,0,0,0,0,0,0,0,0,0,0,0,0,1,0,0,0,0.55312526,1
736,0,Monthly,Web,Stripe,United States of America,4.0,Beginner,lose weight and tone,2,iOS,Apple,Apple,"Iphone12,5",0.0,2,0,0.0,31.216666667,0,0,1,0,0,0,0,0,0,0,0,0,0,0,1,0,0,1,1,1,0,1,0,0,1,0,1,0,0,0,0,1,0,1,0,0.5347615,1
739,0,Monthly,App,Google,Germany,,Intermediate,lose weight and tone,3.13.1,Android,Xiaomi,Xiaomi,2211133g,3.0,2,0,0.0,41.191666667,1,0,1,0,0,0,0,0,0,0,0,0,1,0,1,1,0,0,1,1,0,1,1,0,0,0,1,0,0,1,0,1,0,1,1,0.68607455,1
743,7,Monthly,App,Apple,United Kingdom,3.0,Intermediate,lose weight and tone,2,iOS,Apple,Apple,"Iphone18,1",7.0,0,0,0.0,0.0,0,1,1,1,0,0,1,0,0,0,0,0,1,0,1,0,0,1,0,0,0,0,0,0,1,0,0,0,0,1,0,1,0,0,0,0.54810107,1
745,2,Monthly,App,Apple,United Kingdom,2.0,Beginner,lose weight and tone,2,iOS,Apple,Apple,"Iphone12,8",608.0,0,0,0.0,0.0,0,1,0,0,0,0,0,1,0,1,0,1,0,0,0,0,1,0,1,0,1,1,0,0,0,0,1,1,1,1,0,1,0,0,0,0.58319795,1
746,0,Monthly,Web,Stripe,Greece,3.0,Beginner,lose weight and tone,3.14.0,Android,Oneplus,Oneplus,Cph2653,15.0,5,5,0.68024,27.683333333,0,1,0,0,0,0,1,0,0,0,0,0,0,0,0,0,0,0,1,0,0,0,0,0,0,0,0,0,0,0,0,1,0,0,0,0.37601238,0
747,7,Monthly,App,Apple,Italy,4.0,Beginner,reduce stress,2,iOS,Apple,Apple,"Iphone15,2",518.0,1,1,1.0,49.9,1,0,0,0,1,1,1,1,0,1,1,1,0,1,0,0,1,1,1,0,1,1,1,1,1,0,1,1,1,1,0,1,1,0,0,0.4400243,0
751,0,Monthly,Web,App to Web,United States of America,5.0,Beginner,lose weight and tone,2,iOS,Apple,Apple,"Iphone17,2",0.0,0,0,0.0,0.0,0,0,1,0,0,0,0,0,0,0,0,0,0,0,0,0,0,0,0,0,0,1,0,0,0,0,1,0,0,0,0,0,0,0,0,0.4718292,0
755,0,Monthly,Web,App to Web,United States of America,3.0,Beginner,Start my fitness journey,2,iOS,Apple,Apple,"Iphone18,1",0.0,5,3,0.3333333333,14.327083333,0,1,0,0,0,0,0,0,0,0,0,0,1,0,1,1,0,0,1,1,0,1,1,0,1,0,1,0,0,0,0,1,0,1,0,0.55719745,1
760,0,Monthly,App,Apple,United States of America,3.0,Beginner,Start my fitness journey,2,iOS,Apple,Apple,"Iphone13,4",0.0,0,0,0.0,0.0,0,0,1,0,0,0,0,0,0,0,0,0,0,0,1,0,0,0,1,1,0,1,0,0,1,0,1,0,0,0,0,1,0,1,1,0.53529376,1
761,0,Monthly,Web,App to Web,United States of America,5.0,Beginner,lose weight and tone,2,iOS,Apple,Apple,"Iphone17,2",0.0,0,0,0.0,0.0,0,0,1,0,0,0,0,0,0,0,0,0,0,0,0,1,0,0,0,0,0,1,1,0,0,0,1,0,0,0,0,0,0,0,0,0.4674762,0
762,0,Monthly,App,Apple,United States of America,3.0,Intermediate,Have some fun,2,iOS,Apple,Apple,"Iphone18,2",0.0,0,0,0.0,0.0,0,0,1,0,0,0,0,0,0,0,0,0,1,0,1,0,0,0,1,0,0,1,1,0,1,0,1,0,0,1,0,1,0,0,0,0.54704016,1
764,0,Monthly,Web,Stripe,United States of America,4.0,Advanced,lose weight and tone,2,iOS,Apple,Apple,"Iphone15,2",0.0,2,1,0.5411,26.85,1,0,0,0,0,0,0,0,0,0,0,0,0,0,0,0,0,0,0,1,0,1,1,0,0,0,1,0,0,0,0,0,0,1,0,0.5958136,1
766,0,Monthly,Web,Stripe,United States of America,3.0,Beginner,lose weight and tone,3.13.1,Android,Samsung,Samsung,Sm-S918u,0.0,2,1,0.8527,19.622222222,0,0,1,0,0,0,0,0,0,0,0,0,0,0,0,0,0,0,0,0,0,1,0,0,0,0,0,0,0,1,0,0,0,0,0,0.59024423,1
774,0,Monthly,App,Google,New Zealand,7.0,Intermediate,Start my fitness journey,3.13.1,Android,Samsung,Samsung,Sm-S928b,0.0,4,4,0.88725,27.420833333,0,0,1,1,0,0,1,0,0,0,0,0,1,0,1,1,0,1,1,0,0,0,0,0,1,0,0,0,0,1,0,1,0,0,1,0.48960373,0
775,0,Monthly,App,Apple,United States of America,4.0,Intermediate,lose weight and tone,2,iOS,Apple,Apple,"Iphone17,2",225.0,0,0,0.0,0.0,1,0,0,0,0,0,1,0,0,0,0,0,0,0,1,0,0,1,1,1,0,1,1,0,1,0,1,0,0,1,0,1,0,1,0,0.5694435,1
777,0,Monthly,App,Apple,United States of America,3.0,Beginner,reduce stress,2,iOS,Apple,Apple,"Iphone14,8",0.0,5,3,0.6666666667,10.691666667,0,1,1,0,0,0,1,0,0,0,0,0,1,0,1,0,0,1,1,0,0,0,0,0,1,0,1,0,0,1,0,1,0,1,0,0.5638405,1
781,0,Monthly,Web,App to Web,United States of America,3.0,Intermediate,lose weight and tone,2,iOS,Apple,Apple,"Iphone13,3",39.0,3,3,0.6189,21.666666667,0,0,1,0,0,0,0,0,0,0,0,0,0,0,0,0,0,0,0,0,0,0,0,0,0,0,0,0,0,0,0,0,0,0,0,0.54809743,1
784,0,Monthly,App,Apple,United States of America,3.0,Intermediate,lose weight and tone,2,iOS,Apple,Apple,"Iphone16,1",100.0,7,2,0.51765,45.494444444,0,0,1,0,0,0,1,0,0,0,0,0,0,0,1,0,0,0,1,0,0,1,0,0,1,0,1,0,0,1,0,1,0,0,0,0.5383214,1
785,0,Monthly,Web,Stripe,United Kingdom,5.0,Intermediate,lose weight and tone,2,iOS,Apple,Apple,"Iphone15,4",0.0,1,1,1.0,20.55,0,0,1,0,0,0,0,0,0,0,0,0,0,0,0,0,0,0,1,1,0,0,1,0,0,0,0,0,0,0,0,0,0,0,0,0.50395,1
786,0,Monthly,Web,App to Web,United States of America,4.0,Intermediate,lose weight and tone,2,iOS,Apple,Apple,"Iphone17,4",0.0,1,1,0.994,13.916666667,0,1,0,0,0,0,0,0,0,0,0,0,0,0,0,0,0,0,0,0,0,1,1,0,0,0,1,0,0,1,0,0,0,0,0,0.51043075,1
788,0,Monthly,Web,App to Web,United States of America,3.0,Beginner,lose weight and tone,2,iOS,Apple,Apple,"Iphone17,3",0.0,3,1,1.0,24.4125,1,1,1,0,0,0,0,0,0,0,0,0,0,0,0,0,0,0,0,0,0,0,0,0,0,0,0,0,0,0,0,0,0,0,0,0.53645027,1
793,0,Monthly,App,Apple,Switzerland,4.0,Intermediate,lose weight and tone,2,iOS,Apple,Apple,"Iphone14,7",32.0,5,5,0.96412,30.713333333,0,0,1,1,0,0,1,0,0,0,0,0,1,0,1,1,0,1,1,1,0,1,1,0,1,0,1,0,0,1,0,1,0,1,1,0.4002831,0
794,0,Monthly,App,Apple,United States of America,3.0,Intermediate,lose weight and tone,6,iOS,Apple,Apple,"Iphone14,7",0.0,3,1,1.0,37.8125,0,0,1,0,0,0,0,0,0,0,0,0,0,0,0,0,0,0,0,0,0,0,0,0,0,0,0,0,0,0,0,0,0,0,0,0.51904565,1
796,7,Monthly,App,Apple,United States of America,5.0,Beginner,lose weight and tone,7,iOS,Apple,Apple,"Iphone14,3",110.0,0,0,0.0,0.0,0,1,0,0,0,0,1,1,1,0,0,0,0,0,0,0,0,0,0,0,0,0,0,0,1,0,0,0,0,1,0,1,0,0,0,0.56318015,1
797,0,Monthly,Web,Stripe,Latvia,2.0,Intermediate,lose weight and tone,3.14.0,Android,Oneplus,Oneplus,Cph2581,0.0,2,1,0.9656,30.0,1,0,0,1,0,0,1,0,0,0,0,0,1,0,1,1,0,0,0,0,0,0,0,0,0,0,1,0,0,1,0,1,0,0,0,0.4121954,0
798,0,Monthly,Web,App to Web,United States of America,4.0,Advanced,lose weight and tone,6,iOS,Apple,Apple,"Iphone18,3",354.0,1,0,0.0,13.916666667,1,0,0,1,0,0,1,0,0,0,0,0,1,0,1,0,0,1,0,0,0,0,0,0,1,0,0,0,0,1,0,1,0,0,0,0.4928418,0
799,0,Monthly,App,Apple,United Kingdom,3.0,Intermediate,Have some fun,2,iOS,Apple,Apple,"Iphone14,3",3.0,2,0,0.0,52.683333333,0,0,1,0,0,0,0,0,0,0,0,0,0,0,0,1,0,1,0,0,0,1,0,0,0,0,1,0,0,0,0,0,0,0,1,0.6885115,1
801,0,Monthly,App,Apple,Italy,3.0,Intermediate,lose weight and tone,2,iOS,Apple,Apple,"Iphone13,1",0.0,1,0,0.0,52.683333333,1,0,1,0,0,0,0,0,0,0,0,0,0,0,0,0,0,1,0,0,0,1,0,0,0,0,1,0,0,1,0,0,0,0,1,0.632082,1
804,0,Monthly,Web,App to Web,United States of America,3.0,Intermediate,Unknown,2,iOS,Apple,Apple,"Ipad8,9",0.0,3,2,0.5257,30.51,1,0,1,0,0,0,0,0,0,0,0,0,0,0,0,0,0,0,0,0,0,1,0,0,0,0,0,0,0,0,0,1,0,0,1,0.5065477,1
805,0,Monthly,Web,Stripe,United States of America,7.0,Advanced,lose weight and tone,3.14.0,Android,Samsung,Samsung,Sm-S911u,0.0,0,0,0.0,0.0,1,0,0,1,0,0,1,0,0,0,0,0,1,0,1,0,0,1,1,0,0,1,1,0,1,0,0,0,0,1,0,1,0,0,1,0.40681347,0
808,0,Monthly,App,Apple,United Kingdom,3.0,Intermediate,lose weight and tone,6,iOS,Apple,Apple,"Iphone17,1",0.0,9,8,0.6077125,21.429411765,0,0,1,0,0,0,0,0,0,0,0,0,1,0,1,0,0,0,1,0,0,1,1,0,0,0,1,0,0,0,0,0,0,0,1,0.53787506,1
814,0,Monthly,Web,Stripe,United States of America,3.0,Intermediate,lose weight and tone,2,iOS,Apple,Apple,"Iphone17,1",0.0,1,1,0.0,5.0,1,1,1,0,0,0,0,0,0,0,0,0,1,0,0,0,0,0,0,1,0,0,0,0,0,0,1,0,0,0,0,1,0,1,1,0.53473765,1
816,0,Monthly,Web,Stripe,United States of America,3.0,Beginner,lose weight and tone,2,iOS,Apple,Apple,"Ipad12,1",-2.0,2,0,0.0,23.166666667,0,0,1,0,0,0,0,0,0,0,0,0,0,0,0,0,0,0,0,0,0,0,0,0,1,0,0,0,0,1,0,1,0,0,0,0.5317877,1
820,0,Monthly,Web,Stripe,United States of America,3.0,Intermediate,lose weight and tone,3.13.1,Android,Samsung,Samsung,Sm-F936u,377.0,0,0,0.0,0.0,0,0,1,0,0,0,1,0,0,0,0,0,0,0,0,0,0,1,0,0,0,0,1,0,1,0,0,0,0,1,0,1,0,0,0,0.5295366,1
822,0,Monthly,App,Apple,United Kingdom,3.0,Intermediate,Start my fitness journey,2,iOS,Apple,Apple,"Iphone17,1",0.0,3,1,0.7301,26.7,0,0,1,0,0,0,0,0,0,0,0,0,0,0,0,0,0,0,0,0,0,0,0,0,0,0,0,0,0,0,0,0,0,0,0,0.607314,1
826,0,Monthly,Web,Stripe,United States of America,4.0,Intermediate,Have some fun,2,iOS,Apple,Apple,"Iphone15,3",0.0,1,1,0.2766,13.916666667,0,0,1,0,0,0,0,0,0,0,0,0,0,0,0,0,0,1,0,0,0,0,0,0,0,0,0,0,0,0,0,0,0,0,0,0.5708092,1
827,0,Monthly,App,Apple,United States of America,3.0,Intermediate,Unknown,2,iOS,Apple,Apple,"Iphone17,4",0.0,2,2,0.83895,30.95,0,0,1,0,0,0,0,0,0,0,0,0,0,0,0,1,0,0,1,0,0,0,0,0,0,0,1,0,0,0,0,1,0,0,0,0.4554629,0
828,0,Monthly,Web,Stripe,United States of America,,Beginner,lose weight and tone,2,iOS,Apple,Apple,"Iphone17,4",0.0,1,1,1.0,21.733333333,0,1,0,1,0,0,1,0,0,0,0,0,0,0,1,0,0,0,1,1,0,1,1,0,0,0,1,0,0,1,0,1,0,1,1,0.5225465,1
831,0,Monthly,App,Apple,Germany,2.0,Beginner,lose weight and tone,2,iOS,Apple,Apple,"Iphone14,2",0.0,0,0,0.0,0.0,0,0,1,1,0,0,0,0,0,0,0,0,1,0,0,1,0,0,0,0,0,0,0,0,1,0,0,0,0,0,0,1,0,1,0,0.57902306,1
832,0,Monthly,App,Google,United Kingdom,1.0,Beginner,lose weight and tone,3.13.1,Android,Samsung,Samsung,Sm-A566b,0.0,3,2,0.384,30.583333333,1,0,0,0,0,0,0,0,0,0,0,0,0,0,0,0,0,0,1,0,0,0,0,0,0,0,1,0,0,0,0,0,0,0,0,0.70152485,1
837,0,Monthly,App,Google,United States of America,5.0,Intermediate,lose weight and tone,3.13.1,Android,Samsung,Samsung,Sm-X610,43.0,2,2,0.99975,30.241666667,0,0,1,1,0,0,1,0,0,0,0,0,1,0,1,0,0,1,1,0,0,0,0,0,1,0,1,0,0,1,0,1,0,0,1,0.55773443,1
838,0,Monthly,App,Google,Sweden,7.0,Beginner,lose weight and tone,3.14.0,Android,Sony,Sony,H8266,0.0,1,1,1.0,13.916666667,0,0,1,0,0,0,0,0,0,0,0,0,0,0,0,0,0,0,0,0,0,0,0,0,0,0,1,0,0,0,0,0,0,0,0,0.5831179,1
839,7,Monthly,Web,Stripe,United States of America,3.0,Beginner,lose weight and tone,2,iOS,Apple,Apple,"Iphone18,1",7.0,0,0,0.0,0.0,0,0,1,0,0,0,0,0,0,0,0,0,0,0,0,0,0,0,0,0,0,0,0,0,0,0,0,0,0,0,0,0,0,0,0,0.527077,1
840,0,Monthly,Web,App to Web,United States of America,3.0,Intermediate,lose weight and tone,2,iOS,Apple,Apple,"Iphone15,3",0.0,0,0,0.0,0.0,1,0,1,0,0,0,0,0,0,0,0,0,0,0,0,0,0,0,0,0,0,1,0,0,0,0,0,0,0,1,0,0,0,0,0,0.48438653,0
841,0,Monthly,Web,Stripe,Serbia,4.0,Beginner,lose weight and tone,3.14.0,Android,Samsung,Samsung,Sm-A715f,0.0,0,0,0.0,0.0,0,1,1,1,0,0,1,0,0,0,0,0,1,0,1,0,0,1,1,0,0,0,0,0,1,0,1,0,0,1,0,1,0,0,1,0.3735814,0
844,0,Monthly,Web,Stripe,United States of America,,Intermediate,lose weight and tone,3.13.1,Android,Samsung,Samsung,Sm-S938u,102.0,4,4,0.998475,8.508333333,0,0,1,0,0,0,1,1,1,0,1,0,0,0,0,0,0,1,0,1,1,1,0,0,1,0,1,1,1,1,0,1,0,0,0,0.4758633,0
846,0,Monthly,Web,Stripe,Switzerland,3.0,Advanced,reduce stress,3.13.1,Android,Samsung,Samsung,Sm-G781b,0.0,5,3,0.9996333333,28.010416667,0,0,1,1,0,0,1,0,0,0,0,0,0,0,1,0,0,1,0,0,0,1,0,0,1,0,0,0,0,1,0,1,0,0,0,0.33653325,0
847,0,Monthly,Web,App to Web,United States of America,3.0,Intermediate,Unknown,2,iOS,Apple,Apple,"Iphone17,1",0.0,0,0,0.0,0.0,0,1,1,0,0,0,0,0,0,0,0,0,0,0,0,0,0,0,0,0,0,0,0,0,0,0,0,0,0,0,0,0,0,0,0,0.44232094,0
849,0,Monthly,App,Google,United States of America,,Beginner,lose weight and tone,3.13.1,Android,Samsung,Samsung,Sm-S146vl,0.0,0,0,0.0,0.0,0,1,1,0,0,0,0,0,0,0,0,0,0,0,0,0,0,0,1,1,0,1,0,0,0,0,1,0,0,0,0,1,0,1,0,0.64619166,1
855,0,Monthly,Web,App to Web,United States of America,4.0,Intermediate,lose weight and tone,2,iOS,Apple,Apple,"Ipad8,11",0.0,0,0,0.0,0.0,0,1,0,0,0,0,0,0,0,0,0,0,0,0,0,0,0,0,0,0,0,1,0,0,0,0,1,0,0,0,0,0,0,0,0,0.48225334,0
857,0,Monthly,Web,App to Web,United States of America,3.0,Beginner,lose weight and tone,2,iOS,Apple,Apple,"Iphone15,4",0.0,0,0,0.0,0.0,0,0,1,0,0,0,0,0,0,0,0,0,0,0,0,0,0,0,0,0,0,1,1,0,0,0,1,0,0,0,0,0,0,0,0,0.48067272,0
859,0,Monthly,Web,App to Web,United States of America,3.0,Beginner,reduce stress,2,iOS,Apple,Apple,"Iphone14,6",0.0,3,3,0.9992333333,17.238888889,0,0,1,0,0,0,0,0,0,0,0,0,0,0,0,0,0,0,0,0,0,1,0,0,1,0,1,0,0,0,0,1,0,0,0,0.44517568,0
860,0,Monthly,App,App to Web,United States of America,5.0,Beginner,lose weight and tone,2,iOS,Apple,Apple,"Iphone15,4",0.0,6,3,0.5485666667,25.309259259,0,0,1,1,0,0,0,0,0,0,0,0,0,0,1,0,0,0,0,0,0,1,0,0,0,0,1,0,0,1,0,0,0,0,0,0.63299674,1
864,0,Monthly,App,Apple,Australia,3.0,Intermediate,lose weight and tone,6,iOS,Apple,Apple,"Iphone14,3",0.0,1,1,1.0,13.916666667,0,0,1,0,0,0,0,0,0,0,0,0,1,0,0,0,0,0,0,0,0,1,0,0,0,0,0,0,0,0,0,1,0,0,0,0.43870357,0
869,0,Monthly,App,Apple,Spain,3.0,Beginner,lose weight and tone,2,iOS,Apple,Apple,"Iphone15,2",0.0,1,0,0.0,13.916666667,0,1,0,0,0,0,1,0,0,0,0,0,0,0,1,0,0,0,0,0,0,1,0,0,0,0,1,0,0,1,0,0,0,0,0,0.5691553,1
873,0,Monthly,Web,Stripe,United States of America,3.0,Intermediate,lose weight and tone,2,iOS,Apple,Apple,"Iphone14,5",219.0,0,0,0.0,0.0,0,0,1,0,0,0,0,0,0,0,0,0,0,0,0,0,1,0,0,0,0,1,0,0,0,0,1,1,0,1,0,1,0,0,0,0.53821546,1
874,0,Monthly,Web,Stripe,United States of America,3.0,Beginner,lose weight and tone,6,iOS,Apple,Apple,"Iphone14,7",0.0,1,1,0.9988,13.916666667,0,0,1,0,0,0,0,0,0,0,0,0,1,0,1,0,0,0,0,0,0,1,0,0,0,0,1,0,0,0,0,0,0,0,0,0.50991744,1
876,0,Monthly,App,Apple,United States of America,,Intermediate,Unknown,3,iOS,Apple,Apple,"Iphone17,2",607.0,0,0,0.0,0.0,0,0,1,0,0,0,1,0,0,0,0,0,0,0,0,0,0,1,0,0,0,1,0,0,0,0,0,1,0,1,0,1,0,0,0,0.59039223,1
880,0,Monthly,Web,Stripe,United States of America,3.0,Beginner,lose weight and tone,2,iOS,Apple,Apple,"Iphone15,5",0.0,0,0,0.0,0.0,0,1,1,1,0,0,0,0,0,0,0,0,0,0,1,1,0,0,0,0,0,1,1,0,0,0,1,0,0,1,0,1,0,0,0,0.49219283,0
883,0,Monthly,App,Apple,United States of America,2.0,Intermediate,lose weight and tone,2,iOS,Apple,Apple,"Ipad7,5",17.0,3,3,0.4165666667,27.661111111,0,0,1,0,0,0,0,0,0,0,0,0,0,0,0,1,0,0,1,1,0,1,1,0,0,0,1,0,0,0,0,0,0,1,0,0.6412369,1
886,0,Monthly,Web,App to Web,United States of America,3.0,Intermediate,Start my fitness journey,2,iOS,Apple,Apple,"Iphone13,4",0.0,0,0,0.0,0.0,0,0,1,0,0,0,0,0,0,0,0,0,0,0,0,0,0,0,0,0,0,1,0,0,0,0,1,0,0,0,0,1,0,0,0,0.44723576,0
887,0,Monthly,App,App to Web,United States of America,3.0,Beginner,Start my fitness journey,2,iOS,Apple,Apple,"Iphone15,3",0.0,1,0,0.0,13.916666667,0,1,1,0,0,0,1,0,0,0,0,0,0,0,1,0,0,0,1,0,0,0,0,0,1,0,0,0,0,1,0,1,0,0,1,0.5324105,1
890,0,Monthly,Web,Stripe,Poland,5.0,Intermediate,lose weight and tone,3.14.0,Android,Oppo,Oppo,Cph2247,0.0,0,0,0.0,0.0,0,0,1,1,0,0,1,0,0,0,0,0,1,0,1,0,0,0,0,0,0,1,0,0,1,0,1,0,0,1,0,1,0,0,0,0.38492504,0
896,0,Monthly,Web,App to Web,United States of America,5.0,Intermediate,lose weight and tone,6,iOS,Apple,Apple,"Iphone12,1",0.0,2,1,0.4948,52.683333333,0,0,1,0,0,0,0,0,0,0,0,0,0,0,0,0,0,0,0,1,0,1,1,0,0,0,1,0,0,1,0,0,0,1,0,0.58036375,1
901,0,Monthly,Web,Stripe,United States of America,5.0,Intermediate,lose weight and tone,6,iOS,Apple,Apple,"Iphone13,4",0.0,0,0,0.0,0.0,0,0,1,1,0,0,0,0,0,0,0,0,0,0,1,0,0,0,0,0,0,1,1,0,1,0,1,0,0,1,0,0,0,0,1,0.4731603,0
907,0,Monthly,App,Google,France,,Intermediate,Start my fitness journey,3.14.0,Android,Xiaomi,Xiaomi,21051182g,0.0,3,3,0.7288666667,14.277777778,0,0,1,0,0,0,0,0,0,0,0,0,1,0,1,0,0,1,1,0,0,0,0,0,1,0,1,0,0,1,0,0,0,1,0,0.47621527,0
916,0,Monthly,Web,Stripe,United Kingdom,3.0,Intermediate,lose weight and tone,2,iOS,Apple,Apple,"Iphone14,5",0.0,0,0,0.0,0.0,0,0,1,1,0,0,0,0,0,0,0,0,1,0,1,0,0,0,0,0,0,0,0,0,0,0,1,0,0,1,0,1,0,0,0,0.47561175,0
918,0,Monthly,App,Apple,Australia,3.0,Intermediate,lose weight and tone,2,iOS,Apple,Apple,"Iphone15,4",3.0,6,5,0.90764,34.571212121,0,0,1,0,0,0,0,0,0,0,0,0,0,0,1,0,0,0,1,0,0,1,0,0,0,0,1,0,0,0,0,1,0,1,1,0.3764384,0
920,0,Monthly,Web,Stripe,United States of America,5.0,Intermediate,lose weight and tone,6,iOS,Apple,Apple,"Iphone13,2",-1.0,1,0,0.0,13.916666667,0,0,1,1,0,0,1,0,0,0,0,0,0,0,1,0,0,0,0,0,0,1,1,0,1,0,0,0,0,1,0,1,0,1,0,0.4951927,0
926,0,Monthly,Web,App to Web,United States of America,3.0,Beginner,Start my fitness journey,2,iOS,Apple,Apple,"Iphone14,2",0.0,0,0,0.0,0.0,0,0,1,0,0,0,0,0,0,0,0,0,0,0,0,0,0,0,0,0,0,1,0,0,0,0,0,0,0,0,0,1,0,0,0,0.44097266,0
929,0,Monthly,Web,Stripe,France,3.0,Beginner,lose weight and tone,3.13.1,Android,Samsung,Samsung,Sm-F956b,0.0,1,0,0.0,49.966666667,0,0,1,1,0,0,1,0,0,0,0,0,1,0,1,1,0,0,1,1,0,1,1,0,0,0,1,0,0,0,0,1,0,1,1,0.5280776,1
932,0,Monthly,App,Apple,United States of America,3.0,Beginner,lose weight and tone,6,iOS,Apple,Apple,"Iphone15,3",0.0,0,0,0.0,0.0,0,1,0,0,0,0,1,0,0,0,0,0,0,0,0,0,0,1,1,1,0,1,1,0,1,0,1,0,0,0,0,1,0,1,0,0.52944154,1
935,0,Monthly,Web,Stripe,United States of America,3.0,Intermediate,lose weight and tone,3.14.0,Android,Samsung,Samsung,Sm-S938u,0.0,0,0,0.0,0.0,0,0,1,1,0,0,0,0,0,0,0,0,0,0,1,0,0,0,0,0,0,1,0,0,0,0,1,0,0,1,0,1,0,0,0,0.4406119,0
937,0,Monthly,App,Apple,United States of America,3.0,Intermediate,lose weight and tone,6,iOS,Apple,Apple,"Iphone17,4",0.0,4,2,0.55075,26.372222222,1,1,1,1,0,0,1,0,0,0,0,0,1,0,1,1,0,0,0,0,0,1,0,0,1,0,1,0,0,1,0,1,0,0,1,0.5813457,1
938,0,Monthly,Web,Stripe,United States of America,3.0,Intermediate,lose weight and tone,6,iOS,Apple,Apple,"Iphone13,3",0.0,3,3,0.9990333333,19.622222222,0,0,1,0,0,0,1,0,0,0,0,0,0,0,1,0,0,1,1,0,0,1,1,0,1,0,1,0,0,1,0,1,0,0,0,0.40353736,0
940,0,Monthly,Web,App to Web,United States of America,14.0,Beginner,lose weight and tone,6,iOS,Apple,Apple,"Iphone16,2",0.0,72,42,0.6341857143,20.576969697,0,1,0,1,0,0,0,0,0,0,0,0,1,0,1,1,0,0,0,1,0,0,0,0,0,0,1,0,0,1,0,0,0,1,1,0.5014449,1
944,0,Monthly,Web,Stripe,United States of America,3.0,Intermediate,Unknown,2,iOS,Apple,Apple,"Iphone14,3",0.0,0,0,0.0,0.0,0,0,1,1,0,0,1,0,0,0,0,0,1,0,1,0,0,1,0,0,0,1,0,0,1,0,1,0,0,1,0,1,0,0,1,0.42402127,0
946,0,Monthly,Web,App to Web,United States of America,3.0,Advanced,lose weight and tone,2,iOS,Apple,Apple,"Iphone14,2",0.0,3,2,0.73395,31.54,1,0,0,0,0,0,0,0,0,0,0,0,0,0,0,0,0,0,1,1,0,1,1,0,0,0,1,0,0,0,0,1,0,1,0,0.532058,1
947,0,Monthly,App,Apple,United States of America,7.0,Beginner,lose weight and tone,2,iOS,Apple,Apple,"Iphone15,3",308.0,5,3,0.2379,48.241666667,0,0,1,0,0,0,0,0,0,0,0,0,0,0,0,0,0,0,0,0,0,0,0,0,0,0,1,0,0,0,1,0,0,0,0,0.6535478,1
949,0,Monthly,Web,App to Web,United States of America,5.0,Intermediate,lose weight and tone,2,iOS,Apple,Apple,"Iphone17,3",0.0,9,4,0.99935,19.507692308,0,0,1,1,0,0,1,0,0,0,0,0,1,0,1,1,0,1,0,0,0,1,0,0,1,0,0,0,0,1,0,1,0,0,1,0.39096174,0
950,0,Monthly,App,Apple,Turkey,4.0,Intermediate,lose weight and tone,2,iOS,Apple,Apple,"Iphone17,2",82.0,11,1,0.0,27.122222222,0,0,1,0,0,0,0,0,0,0,0,0,0,0,0,0,0,0,0,0,0,0,0,0,0,0,1,0,0,0,0,0,0,0,0,0.6302742,1
952,0,Monthly,Web,App to Web,United States of America,3.0,Intermediate,lose weight and tone,2,iOS,Apple,Apple,"Iphone14,5",0.0,7,0,0.0,27.973809524,0,0,1,1,0,0,0,0,0,0,0,0,0,0,0,0,0,0,0,0,0,1,0,0,0,0,1,0,0,0,0,0,0,1,1,0.6050083,1
958,0,Monthly,Web,App to Web,United States of America,4.0,Intermediate,Start my fitness journey,2,iOS,Apple,Apple,"Iphone17,2",0.0,1,1,0.9988,13.916666667,0,0,1,1,0,0,1,0,0,0,0,0,1,0,1,1,0,1,1,1,0,1,1,0,1,0,1,0,0,1,0,1,0,1,1,0.43014196,0
959,0,Monthly,Web,Stripe,United States of America,4.0,Advanced,lose weight and tone,6,iOS,Apple,Apple,"Iphone17,3",0.0,7,2,0.99875,20.112962963,1,0,0,0,0,0,1,0,0,0,0,0,0,0,1,0,0,0,0,0,0,0,0,0,1,0,0,0,0,1,0,1,0,0,0,0.51042646,1
960,0,Monthly,App,Google,Hungary,,Intermediate,lose weight and tone,3.14.0,Android,Samsung,Samsung,Sm-A366b,0.0,1,1,1.0,46.0,1,0,0,0,0,0,0,0,0,0,0,0,0,0,0,0,0,0,1,1,0,1,0,0,0,0,1,0,0,0,0,0,0,0,1,0.49173802,0
963,0,Monthly,App,Apple,Switzerland,3.0,Intermediate,lose weight and tone,2,iOS,Apple,Apple,"Iphone17,3",0.0,1,1,0.9988,13.916666667,0,0,1,0,0,0,0,0,0,0,0,0,0,0,0,0,0,0,1,0,0,1,0,0,0,0,1,0,0,0,0,0,0,0,0,0.5136567,1
972,0,Monthly,Web,App to Web,United States of America,3.0,Beginner,lose weight and tone,2,iOS,Apple,Apple,"Iphone17,1",0.0,4,1,0.9784,21.316666667,0,1,0,0,0,0,0,0,0,0,0,0,0,0,0,0,0,0,0,0,0,1,0,0,0,0,1,0,0,0,0,0,0,0,0,0.58980197,1
973,0,Monthly,App,Apple,United States of America,4.0,Advanced,lose weight and tone,6,iOS,Apple,Apple,"Iphone16,1",0.0,2,1,1.0,30.0,1,0,0,0,0,0,1,0,0,0,0,0,1,0,1,0,0,0,0,0,0,0,0,0,1,0,1,0,0,0,0,1,0,1,0,0.53776175,1
974,0,Monthly,Web,Stripe,United States of America,2.0,Intermediate,lose weight and tone,6,iOS,Apple,Apple,"Iphone14,5",0.0,2,0,0.0,32.416666667,0,0,1,0,0,0,0,0,0,0,0,0,0,0,0,0,0,0,0,0,0,1,0,0,1,0,0,0,0,0,0,0,0,1,0,0.56902504,1
975,0,Monthly,Web,Stripe,United Kingdom,,Beginner,lose weight and tone,3.13.1,Android,Samsung,Samsung,Sm-S931b,5.0,3,1,0.7709,27.054166667,0,0,1,0,0,0,0,0,0,0,0,0,0,0,0,0,0,0,1,0,0,0,0,0,0,0,1,0,0,0,0,0,0,0,0,0.59952825,1
976,0,Monthly,Web,App to Web,United States of America,3.0,Beginner,reduce stress,6,iOS,Apple,Apple,"Iphone14,2",0.0,6,3,0.6662666667,19.138888889,0,1,1,1,0,0,0,0,0,0,0,0,1,0,0,0,0,0,1,1,0,1,1,0,0,0,1,0,0,1,0,1,0,1,1,0.6033754,1
977,0,Monthly,Web,App to Web,United States of America,3.0,Beginner,Start my fitness journey,2,iOS,Apple,Apple,"Iphone16,2",300.0,0,0,0.0,0.0,0,1,0,0,0,0,1,1,0,0,1,0,0,0,0,0,0,1,1,0,1,1,1,0,1,0,1,1,1,1,0,1,0,0,0,0.45079297,0
981,0,Monthly,Web,Stripe,United States of America,4.0,Beginner,lose weight and tone,3.13.1,Android,Samsung,Samsung,Sm-S918u,0.0,22,14,0.8574,27.396296296,0,0,1,0,0,0,0,0,0,0,0,0,0,0,0,0,0,0,1,1,0,0,0,0,0,0,1,0,0,1,0,0,0,1,0,0.3830146,0
983,0,Monthly,Web,App to Web,United States of America,3.0,Beginner,lose weight and tone,2,iOS,Apple,Apple,"Iphone16,2",0.0,1,0,0.0,13.916666667,0,0,1,0,0,0,0,0,0,0,0,0,0,0,0,0,0,0,1,0,0,1,0,0,0,0,1,0,0,0,0,0,0,0,0,0.5735559,1
984,0,Monthly,App,Google,Colombia,5.0,Beginner,lose weight and tone,3.14.0,Android,Oppo,Oppo,Cph2387,0.0,3,2,0.63815,27.543333333,0,0,1,0,0,0,1,0,0,0,0,0,0,0,0,0,0,1,0,0,0,0,0,0,1,0,0,0,0,1,0,0,0,0,0,0.53546035,1
989,0,Monthly,App,Google,United Kingdom,,Intermediate,Have some fun,3.14.0,Android,Google,Google,Pixel 6a,0.0,5,2,0.997,13.916666667,0,0,1,0,0,0,1,0,0,0,0,0,0,0,1,1,0,0,0,1,0,1,0,0,1,0,0,0,0,0,0,1,0,0,0,0.5179903,1
990,0,Monthly,Web,Stripe,United States of America,3.0,Intermediate,lose weight and tone,3.14.0,Android,Google,Google,Pixel 8,0.0,2,2,1.0,21.316666667,0,0,1,0,0,0,0,0,0,0,0,0,0,0,0,0,0,0,0,0,0,0,0,0,0,0,0,0,0,0,0,0,0,0,0,0.411437,0
991,0,Monthly,App,Apple,Colombia,2.0,Intermediate,lose weight and tone,6,iOS,Apple,Apple,"Iphone11,8",345.0,8,0,0.0,23.116666667,0,0,1,0,0,0,1,0,0,0,0,0,0,0,0,0,0,1,0,0,0,0,0,0,1,0,0,0,1,1,0,1,0,0,0,0.53108674,1
992,0,Monthly,App,Apple,Colombia,3.0,Beginner,lose weight and tone,6,iOS,Apple,Apple,"Iphone16,1",0.0,3,0,0.0,27.083333333,0,0,1,1,0,0,1,0,0,0,0,0,1,0,1,0,0,0,0,0,0,1,0,0,0,0,1,0,0,1,0,0,0,0,0,0.6484166,1
994,0,Monthly,App,Google,Australia,2.0,Intermediate,lose weight and tone,3.14.0,Android,Samsung,Samsung,Sm-X710,6.0,1,1,0.9988,13.916666667,0,1,1,1,0,0,1,0,0,0,0,0,1,0,1,0,0,0,0,0,0,1,0,0,0,0,0,0,0,1,0,1,0,0,1,0.44061193,0
995,0,Monthly,Web,Stripe,United Kingdom,3.0,Beginner,lose weight and tone,6,iOS,Apple,Apple,"Iphone14,7",0.0,1,0,0.0,13.916666667,1,1,1,1,0,0,0,0,0,0,0,0,1,0,1,0,0,0,1,0,0,1,1,0,1,0,1,0,0,0,0,1,0,0,0,0.5097983,1
998,0,Monthly,App,Google,United States of America,2.0,Beginner,lose weight and tone,3.13.1,Android,Samsung,Samsung,Sm-N981u,0.0,1,1,1.0,13.916666667,1,1,1,0,0,0,1,0,0,0,0,0,1,0,1,1,0,1,0,0,0,1,0,0,1,0,0,0,0,1,0,0,0,0,0,0.619101,1
1002,0,Monthly,App,Apple,Turkey,7.0,Advanced,lose weight and tone,2,iOS,Apple,Apple,"Iphone17,3",301.0,5,1,0.9984,18.386111111,1,0,0,0,0,0,0,1,0,0,0,1,0,0,0,0,0,1,1,0,0,0,0,0,1,0,1,0,0,1,0,1,0,0,0,0.6056256,1
1005,0,Monthly,App,Google,Spain,,Intermediate,lose weight and tone,3.13.1,Android,Oppo,Oppo,Cph2699,3.0,13,9,0.5774555556,23.752272727,1,0,1,1,0,0,1,0,0,0,0,0,1,0,1,0,0,1,0,0,0,1,1,0,1,0,0,0,0,1,0,1,0,0,0,0.47667465,0
1008,0,Monthly,Web,Stripe,United States of America,4.0,Intermediate,Unknown,2,iOS,Apple,Apple,"Iphone14,5",0.0,11,9,0.5726777778,24.681666667,1,0,1,0,0,0,0,0,0,0,0,0,0,0,0,0,0,1,0,0,0,1,0,0,1,0,1,0,0,1,0,1,0,0,0,0.4250118,0
1009,0,Monthly,App,Google,Sweden,,Beginner,Have some fun,3.13.1,Android,Samsung,Samsung,Sm-A166b,41.0,13,6,0.1242833333,38.192592593,0,1,0,0,0,0,1,0,0,0,0,0,1,0,1,0,0,0,1,0,0,0,0,0,1,0,1,0,0,1,0,1,0,0,1,0.64320445,1
1010,0,Monthly,App,Apple,United States of America,2.0,Intermediate,Have some fun,2,iOS,Apple,Apple,"Iphone14,7",0.0,1,0,0.0,32.416666667,1,0,0,0,0,0,0,0,0,0,0,0,0,0,0,0,0,0,0,0,0,0,0,0,0,0,0,0,0,0,0,0,0,0,0,0.66568583,1
1014,0,Monthly,App,Google,Brazil,5.0,Beginner,lose weight and tone,3.14.0,Android,Xiaomi,Poco,23122pcd1g,1.0,6,6,0.8333333333,20.961111111,0,0,1,1,0,0,0,0,0,0,0,0,0,0,0,0,0,0,0,0,0,1,0,0,1,0,1,0,0,0,0,1,0,0,0,0.58583593,1
1016,0,Monthly,Web,Stripe,United Kingdom,2.0,Advanced,lose weight and tone,2,iOS,Apple,Apple,"Iphone13,1",0.0,2,1,0.5788,40.761111111,0,0,1,1,0,0,0,0,0,0,0,0,0,0,1,0,0,0,0,0,0,1,1,0,0,0,1,0,0,0,0,0,0,1,0,0.53903586,1
1017,0,Monthly,App,Apple,Canada,5.0,Intermediate,lose weight and tone,2,iOS,Apple,Apple,"Iphone14,3",275.0,0,0,0.0,0.0,0,0,1,0,0,0,0,0,0,0,0,0,0,0,0,0,0,0,0,0,0,0,1,0,0,0,0,0,0,0,0,0,0,0,0,0.57227904,1
1018,0,Monthly,Web,Stripe,United States of America,3.0,Intermediate,lose weight and tone,2,iOS,Apple,Apple,"Iphone17,2",0.0,1,0,0.0,13.916666667,0,0,1,0,0,0,0,0,0,0,0,0,0,0,0,0,0,0,0,0,0,1,0,0,0,0,1,0,0,0,0,0,0,0,0,0.57154006,1
1020,0,Monthly,App,Apple,United States of America,3.0,Beginner,lose weight and tone,2,iOS,Apple,Apple,"Iphone15,4",,2,1,0.9569,20.083333333,0,1,1,0,0,0,0,0,0,0,0,0,0,0,0,1,0,0,0,0,0,1,0,0,0,0,1,0,0,0,0,1,0,0,0,0.59478587,1
1022,0,Monthly,App,App to Web,United States of America,4.0,Intermediate,lose weight and tone,6,iOS,Apple,Apple,"Iphone15,4",0.0,1,1,0.9984,20.55,0,0,1,0,0,0,0,0,0,0,0,0,0,0,0,0,0,1,0,0,0,1,0,0,0,0,1,0,0,0,0,1,0,0,0,0.5019469,1
1025,0,Monthly,Web,Stripe,United States of America,3.0,Beginner,lose weight and tone,2,iOS,Apple,Apple,"Iphone15,3",0.0,0,0,0.0,0.0,0,1,0,0,0,0,0,0,0,0,0,0,0,0,0,0,0,1,1,0,0,0,0,0,0,0,1,0,0,0,0,0,0,0,0,0.49249706,0
1028,0,Monthly,Web,App to Web,United States of America,2.0,Intermediate,lose weight and tone,2,iOS,Apple,Apple,"Iphone16,1",405.0,0,0,0.0,0.0,0,0,1,0,0,0,0,1,0,0,0,1,0,0,0,0,0,0,0,0,0,1,0,0,0,0,1,1,0,0,0,1,0,0,0,0.5182973,1
1029,0,Monthly,Web,Stripe,United States of America,3.0,Intermediate,lose weight and tone,2,iOS,Apple,Apple,"Iphone15,3",0.0,1,0,0.0,30.0,0,0,1,0,0,0,0,0,0,0,0,0,1,0,1,0,0,1,0,0,0,0,0,0,1,0,0,0,0,1,0,1,0,0,0,0.49334255,0
1030,7,Monthly,App,Apple,Turkey,4.0,Intermediate,lose weight and tone,2,iOS,Apple,Apple,"Iphone17,3",563.0,5,2,0.5,11.723809524,0,0,1,0,0,0,0,0,0,0,0,0,0,0,0,0,0,0,0,0,0,0,0,0,0,0,0,0,0,0,0,0,0,0,0,0.59523916,1
1033,0,Monthly,App,Apple,Uruguay,4.0,Advanced,lose weight and tone,3.14.0,Android,Samsung,Samsung,Sm-G998b,509.0,4,4,0.63945,24.258333333,0,0,1,0,0,0,1,0,0,0,0,0,0,0,0,0,0,1,0,0,0,0,0,0,1,0,0,0,0,1,0,1,0,0,0,0.5391712,1
1035,14,Monthly,App,Apple,United States of America,2.0,Intermediate,Unknown,2,iOS,Apple,Apple,"Iphone16,2",596.0,2,1,0.0,13.333333333,0,0,1,0,1,1,1,1,0,1,1,1,0,1,0,0,1,1,1,0,1,1,1,1,1,1,1,1,1,1,1,1,1,0,0,0.62302434,1
1039,0,Monthly,Web,Stripe,United States of America,6.0,Intermediate,lose weight and tone,6,iOS,Apple,Apple,"Iphone17,2",0.0,16,10,0.56829,25.7625,1,0,0,0,0,0,1,0,0,0,0,0,1,0,1,0,0,1,0,0,0,0,0,0,0,0,1,0,0,1,0,1,0,0,0,0.433887,0
1047,0,Monthly,Web,App to Web,United States of America,3.0,Intermediate,reduce stress,2,iOS,Apple,Apple,"Iphone14,7",0.0,2,1,1.0,30.961111111,0,1,0,0,0,0,0,0,0,0,0,0,0,0,0,0,0,0,0,0,0,0,0,0,0,0,0,0,0,0,0,0,0,0,0,0.5105397,1
1049,0,Monthly,App,Apple,United Kingdom,3.0,Intermediate,Start my fitness journey,2,iOS,Apple,Apple,"Iphone14,7",90.0,1,1,0.3399,32.116666667,0,0,1,1,0,0,0,0,0,0,0,0,1,0,1,0,0,0,0,1,0,0,0,0,0,0,1,0,0,1,0,0,0,1,0,0.61340785,1
1050,7,Monthly,App,App to Web,United States of America,3.0,Intermediate,lose weight and tone,2,iOS,Apple,Apple,"Iphone16,2",7.0,1,1,0.9168,32.066666667,1,0,0,0,0,0,0,0,0,0,0,0,0,0,0,0,0,0,0,0,0,0,0,0,0,0,0,0,0,0,0,0,0,0,0,0.5199199,1
1053,0,Monthly,Web,Stripe,United States of America,3.0,Beginner,lose weight and tone,6,iOS,Apple,Apple,"Iphone14,3",0.0,3,1,0.9889,36.395833333,0,1,1,1,0,0,1,0,0,0,0,0,0,0,1,0,0,1,0,0,0,1,0,0,0,0,0,0,0,1,0,1,0,1,0,0.47225815,0
1054,0,Monthly,Web,Stripe,Greece,3.0,Beginner,lose weight and tone,3.14.0,Android,Xiaomi,Redmi,M2010j19sy,0.0,8,7,0.5130857143,21.33,0,1,0,1,0,0,0,0,0,0,0,0,0,0,1,0,0,0,0,0,0,0,0,0,1,0,0,0,0,0,0,1,0,0,0,0.41211474,0
1057,0,Monthly,App,Apple,United States of America,5.0,Intermediate,lose weight and tone,2,iOS,Apple,Apple,"Iphone16,2",0.0,0,0,0.0,0.0,0,0,1,1,0,0,1,0,0,0,0,0,1,0,1,1,0,1,1,1,0,1,1,0,1,0,1,0,0,1,0,1,0,1,1,0.52284193,1
1058,0,Monthly,App,Apple,Romania,4.0,Intermediate,lose weight and tone,2,iOS,Apple,Apple,"Iphone17,3",1.0,10,2,0.9976,14.076388889,0,0,1,0,0,0,0,0,0,0,0,0,0,0,0,0,0,0,0,0,0,0,0,0,0,0,0,0,0,0,0,0,0,0,0,0.5370084,1
1059,0,Monthly,Web,App to Web,United States of America,4.0,Beginner,Start my fitness journey,6,iOS,Apple,Apple,"Iphone17,2",0.0,3,1,0.9988,13.916666667,0,1,0,0,0,0,0,0,0,0,0,0,0,0,0,0,0,0,0,0,0,1,0,0,0,0,0,0,0,0,0,0,0,0,0,0.5422924,1
1066,0,Monthly,Web,Stripe,Germany,2.0,Beginner,Have some fun,3.14.0,Android,Samsung,Samsung,Sm-X610,0.0,17,9,0.3333333333,18.952564103,0,0,1,1,0,0,1,0,0,0,0,0,1,0,1,1,0,1,1,1,0,1,1,0,1,0,1,0,0,1,0,1,0,1,1,0.50646216,1
1072,7,Monthly,App,Apple,United Kingdom,3.0,Advanced,lose weight and tone,6,iOS,Apple,Apple,"Iphone13,4",8.0,4,4,0.999575,28.820833333,0,0,1,0,0,0,0,0,0,0,0,0,1,0,1,0,0,0,0,0,0,1,0,0,0,0,0,0,0,1,0,1,0,0,1,0.2524889,0
1075,7,Monthly,App,Apple,Germany,2.0,Beginner,lose weight and tone,2.5.0,Android,Samsung,Samsung,Sm-S918b,356.0,3,2,0.99865,26.05,0,1,0,0,0,0,0,1,0,0,0,1,0,0,0,0,0,0,1,0,0,0,0,0,0,0,1,0,0,0,1,1,0,0,0,0.5222062,1
1076,0,Monthly,Web,Stripe,United States of America,3.0,Beginner,lose weight and tone,3.13.1,Android,Oneplus,Oneplus,Cph2723,0.0,1,0,0.0,13.916666667,0,1,1,1,0,0,0,0,0,0,0,0,0,0,0,0,0,0,1,0,0,1,0,0,0,0,1,0,0,0,0,0,0,1,0,0.6147774,1
1080,0,Monthly,Web,Stripe,United States of America,3.0,Intermediate,lose weight and tone,2,iOS,Apple,Apple,"Iphone15,2",0.0,2,2,0.9996,19.775,1,0,0,0,0,0,0,0,0,0,0,0,0,0,0,1,0,0,1,1,0,1,1,0,0,0,1,0,0,0,0,1,0,1,0,0.46839678,0
1083,0,Monthly,Web,Stripe,United States of America,3.0,Beginner,lose weight and tone,2,iOS,Apple,Apple,"Iphone15,4",0.0,0,0,0.0,0.0,0,1,0,0,0,0,0,0,0,0,0,0,0,0,1,0,0,0,0,1,0,1,0,0,0,0,1,0,0,1,0,0,0,0,0,0.50956386,1
1085,0,Monthly,App,Apple,Ukraine,5.0,Beginner,reduce stress,2,iOS,Apple,Apple,"Iphone17,1",0.0,11,9,0.6293666667,29.080833333,0,1,1,1,0,0,1,0,0,0,0,0,1,0,1,0,0,0,0,1,0,1,1,0,0,0,1,0,0,1,0,1,0,1,1,0.47385213,0
1089,0,Monthly,Web,App to Web,United States of America,3.0,Intermediate,lose weight and tone,2,iOS,Apple,Apple,"Iphone14,7",0.0,4,3,0.5053333333,14.55952381,0,1,1,0,0,0,0,0,0,0,0,0,0,0,0,1,0,0,0,0,0,1,1,0,0,0,1,0,0,0,0,0,0,0,0,0.5888008,1
1092,0,Monthly,Web,Stripe,United States of America,4.0,Intermediate,lose weight and tone,6,iOS,Apple,Apple,"Iphone15,2",0.0,5,4,0.99735,30.0,0,0,1,0,0,0,1,0,0,0,0,0,0,0,0,0,0,1,0,0,0,0,0,0,1,0,0,0,0,1,0,1,0,0,0,0.38633224,0
1094,0,Monthly,Web,Stripe,New Zealand,2.0,Beginner,Start my fitness journey,3.14.0,Android,Samsung,Samsung,Sm-G780f,0.0,4,3,0.712,26.533333333,0,1,1,0,0,0,0,0,0,0,0,0,0,0,0,1,0,0,1,0,0,1,1,0,0,0,1,0,0,0,0,1,0,0,0,0.45859054,0
1097,7,Monthly,App,Apple,United States of America,3.0,Intermediate,lose weight and tone,5,iOS,Apple,Apple,"Ipad16,6",527.0,3,2,0.7122,26.596666667,1,0,1,0,0,0,1,0,0,0,0,0,0,0,0,0,0,0,0,0,0,1,0,0,1,0,1,0,0,1,0,0,0,0,0,0.533239,1
1109,0,Monthly,Web,App to Web,United States of America,4.0,Beginner,lose weight and tone,2,iOS,Apple,Apple,"Iphone13,2",0.0,4,3,0.6901333333,27.721428571,0,0,1,0,0,0,0,0,0,0,0,0,0,0,0,0,0,0,0,0,0,0,1,0,0,0,0,0,0,0,0,0,0,0,0,0.5076708,1
1112,0,Monthly,App,App to Web,United States of America,3.0,Advanced,lose weight and tone,2,iOS,Apple,Apple,"Iphone17,2",,1,0,0.0,32.366666667,1,0,0,1,0,0,1,1,0,0,0,0,1,0,1,0,0,1,1,0,0,1,1,0,1,0,1,1,0,1,0,1,0,0,0,0.51268435,1
1113,0,Monthly,Web,App to Web,United States of America,7.0,Advanced,Start my fitness journey,2,iOS,Apple,Apple,"Iphone14,7",0.0,14,8,0.8256375,28.53030303,1,0,0,0,0,0,1,0,0,0,0,0,0,0,0,0,0,1,0,0,0,1,0,0,1,0,1,0,0,1,0,1,0,0,0,0.431867,0
1114,0,Monthly,App,Apple,Germany,3.0,Beginner,lose weight and tone,2,iOS,Apple,Apple,"Iphone14,8",0.0,5,4,0.99955,21.161111111,1,0,0,0,0,0,0,0,0,0,0,0,0,0,0,0,0,0,1,0,0,0,1,0,0,0,1,0,0,0,0,0,0,0,1,0.5508429,1
1115,0,Monthly,Web,Stripe,Bosnia and Herzegovina,4.0,Intermediate,lose weight and tone,3.13.1,Android,Xiaomi,Poco,M2102j20sg,0.0,1,1,0.9904,13.916666667,0,0,1,0,0,0,1,0,0,0,0,0,1,0,0,0,0,0,1,1,0,0,1,0,1,0,1,0,0,1,0,1,0,0,1,0.4575426,0
1116,0,Monthly,App,Google,United States of America,,Beginner,lose weight and tone,3.13.1,Android,Samsung,Samsung,Sm-S921u,0.0,12,9,0.6523444444,23.554761905,1,0,0,1,0,0,1,0,0,0,0,0,1,0,0,0,0,1,1,1,0,1,0,0,0,0,1,0,0,0,0,1,0,1,0,0.64851564,1
1118,0,Monthly,App,App to Web,United States of America,4.0,Beginner,lose weight and tone,2,iOS,Apple,Apple,"Iphone16,2",0.0,1,1,0.9988,13.916666667,1,0,0,0,0,0,0,0,0,0,0,0,0,0,0,0,0,0,0,0,0,0,0,0,0,0,0,0,0,0,0,0,0,0,0,0.6091414,1
1119,0,Monthly,App,Apple,United States of America,2.0,Beginner,lose weight and tone,2,iOS,Apple,Apple,"Iphone15,2",0.0,0,0,0.0,0.0,0,0,1,0,0,0,0,0,0,0,0,0,0,0,0,0,0,0,1,0,0,1,0,0,0,0,1,0,0,0,0,0,0,0,0,0.5866875,1
1120,0,Monthly,App,Apple,United States of America,3.0,Intermediate,lose weight and tone,2,iOS,Apple,Apple,"Iphone14,5",0.0,1,0,0.0,31.433333333,0,0,1,0,0,0,0,0,0,0,0,0,0,0,0,0,0,0,0,0,0,1,0,0,0,0,0,0,0,0,0,1,0,0,0,0.57653046,1
1124,0,Monthly,Web,Stripe,Brazil,,Intermediate,lose weight and tone,3.13.1,Android,Samsung,Samsung,Sm-A546e,205.0,0,0,0.0,0.0,0,0,1,1,0,0,0,0,0,0,0,0,1,0,1,0,0,1,1,0,0,1,0,0,1,0,1,0,0,1,0,1,0,0,1,0.56233096,1
1131,0,Monthly,App,Apple,United States of America,3.0,Beginner,lose weight and tone,6,iOS,Apple,Apple,"Iphone13,3",0.0,1,0,0.0,13.916666667,0,0,1,0,0,0,0,0,0,0,0,0,0,0,0,0,0,0,0,0,0,1,1,0,0,0,1,0,0,0,0,0,0,0,0,0.6386698,1
1132,0,Monthly,App,Apple,United Kingdom,3.0,Intermediate,lose weight and tone,2,iOS,Apple,Apple,"Iphone12,1",0.0,0,0,0.0,0.0,0,0,1,1,0,0,1,0,0,0,0,0,1,0,1,1,0,1,1,1,0,1,1,0,1,0,1,0,0,1,0,1,0,1,1,0.5062065,1
1141,0,Monthly,App,Apple,Canada,2.0,Beginner,reduce stress,6,iOS,Apple,Apple,"Iphone14,2",0.0,0,0,0.0,0.0,0,0,1,1,0,0,0,0,0,0,0,0,1,0,1,0,0,0,1,0,0,1,1,0,1,0,1,0,0,1,0,0,0,0,1,0.52442175,1
1145,0,Monthly,Web,Stripe,United States of America,3.0,Intermediate,lose weight and tone,3.14.0,Android,Samsung,Samsung,Sm-S926u,0.0,3,2,0.41315,28.983333333,0,0,1,0,0,0,0,0,0,0,0,0,0,0,0,0,0,0,1,1,0,0,1,0,0,0,1,0,0,0,0,1,0,0,1,0.5182272,1
1146,0,Monthly,Web,Stripe,United States of America,3.0,Beginner,lose weight and tone,6,iOS,Apple,Apple,"Iphone15,2",0.0,0,0,0.0,0.0,0,1,0,0,0,0,0,0,0,0,0,0,0,0,0,0,0,0,0,0,0,0,0,0,0,0,0,0,0,0,0,0,0,0,0,0.5034108,1
1151,0,Monthly,App,Google,Germany,2.0,Intermediate,lose weight and tone,3.14.0,Android,Samsung,Samsung,Sm-A566b,0.0,1,1,0.4778,13.916666667,0,1,1,0,0,0,1,0,0,0,0,0,0,0,0,0,0,1,0,0,0,0,0,0,1,0,0,0,0,0,0,1,0,0,0,0.5930824,1
1152,7,Monthly,App,Apple,Canada,6.0,Intermediate,Unknown,6,iOS,Apple,Apple,"Ipad6,12",726.0,1,1,1.0,20.55,1,1,1,0,0,0,1,1,0,0,0,1,0,0,0,0,0,1,1,0,1,1,1,0,1,0,0,1,1,1,0,1,1,0,0,0.42353714,0
1156,0,Monthly,Web,Stripe,United States of America,3.0,Intermediate,lose weight and tone,2,iOS,Apple,Apple,"Iphone14,7",153.0,3,2,0.08695,20.893333333,0,0,1,0,0,0,0,0,0,0,0,0,0,0,0,0,0,1,0,0,0,1,0,1,1,0,1,0,1,1,0,1,0,0,0,0.55582136,1
1158,0,Monthly,App,Apple,Poland,3.0,Intermediate,lose weight and tone,2,iOS,Apple,Apple,"Iphone14,5",0.0,5,3,0.09903333333,39.066666667,0,0,1,0,0,0,1,0,0,0,0,0,1,0,0,0,0,1,0,0,0,0,0,0,0,0,0,0,0,0,0,1,0,0,0,0.53195924,1
1159,0,Monthly,App,App to Web,United States of America,2.0,Intermediate,Have some fun,2,iOS,Apple,Apple,"Iphone16,2",1.0,4,1,0.986,49.966666667,1,0,1,0,0,0,1,0,0,0,0,0,0,0,0,0,0,1,1,1,0,1,0,0,1,0,0,0,0,1,0,1,0,0,0,0.4857711,0
1160,0,Monthly,Web,Stripe,United States of America,2.0,Intermediate,lose weight and tone,3.13.1,Android,Samsung,Samsung,Sm-S911u,0.0,1,1,0.9988,13.916666667,0,0,1,1,0,0,1,0,0,0,0,0,0,0,1,0,0,1,0,0,0,1,1,0,1,0,0,0,0,1,0,1,0,0,1,0.49062833,0
1161,0,Monthly,Web,Stripe,United States of America,3.0,Beginner,lose weight and tone,3.14.0,Android,Samsung,Samsung,Sm-G998u1,0.0,0,0,0.0,0.0,0,1,1,0,0,0,1,1,0,0,0,1,0,0,0,0,0,0,0,0,0,1,1,0,1,0,1,0,1,1,0,0,1,0,0,0.40424266,0
1162,0,Monthly,Web,Stripe,United States of America,3.0,Intermediate,lose weight and tone,2,iOS,Apple,Apple,"Iphone17,1",0.0,0,0,0.0,0.0,0,0,1,0,0,0,0,0,0,0,0,0,0,0,1,0,0,1,0,0,0,1,0,0,1,0,1,0,0,1,0,1,0,0,0,0.46182954,0
1164,0,Monthly,App,Apple,United States of America,5.0,Advanced,lose weight and tone,2,iOS,Apple,Apple,"Iphone18,2",0.0,4,3,1.0,23.033333333,1,0,0,0,0,0,1,0,0,0,0,0,0,0,1,0,0,0,0,0,0,1,0,0,1,0,0,0,0,1,0,1,0,0,0,0.4763556,0
1165,0,Monthly,Web,App to Web,United States of America,5.0,Beginner,lose weight and tone,2,iOS,Apple,Apple,"Iphone17,5",509.0,14,5,0.82066,35.859649123,0,0,1,0,1,1,1,1,0,0,0,1,0,0,0,0,0,1,1,0,0,1,1,0,1,0,1,1,1,1,0,1,1,0,0,0.46150467,0
1168,7,Monthly,Web,Stripe,United States of America,3.0,Beginner,lose weight and tone,2,iOS,Apple,Apple,"Iphone15,3",7.0,2,0,0.0,30.666666667,0,1,1,0,0,0,0,0,0,0,0,0,0,0,0,0,0,0,1,0,0,1,1,0,0,0,1,0,0,0,0,0,0,0,0,0.5517708,1
1172,0,Monthly,Web,App to Web,United States of America,3.0,Intermediate,lose weight and tone,2,iOS,Apple,Apple,"Iphone14,3",3.0,2,1,0.0,13.333333333,1,0,1,1,0,0,1,0,0,0,0,0,0,0,0,0,0,1,0,0,0,0,0,0,1,0,0,0,0,1,0,1,0,0,1,0.5091707,1
1173,0,Monthly,Web,Stripe,United States of America,3.0,Beginner,lose weight and tone,2,iOS,Apple,Apple,"Iphone15,2",0.0,3,2,1.0,24.836666667,0,0,1,0,0,0,0,0,0,0,0,0,1,0,0,0,0,1,0,0,0,1,0,0,0,0,1,0,0,0,0,0,0,0,0,0.44044074,0
1174,0,Monthly,Web,Stripe,United States of America,2.0,Intermediate,lose weight and tone,2,iOS,Apple,Apple,"Iphone15,2",0.0,0,0,0.0,0.0,0,0,1,0,0,0,0,0,0,0,0,0,1,0,1,0,0,0,0,0,0,0,0,0,0,0,1,0,0,0,0,1,0,0,0,0.4956092,0
1175,0,Monthly,Web,App to Web,United States of America,3.0,Beginner,reduce stress,2,iOS,Apple,Apple,"Iphone15,3",0.0,0,0,0.0,0.0,0,0,1,0,0,0,0,0,0,0,0,0,0,0,0,0,0,0,1,0,0,1,0,0,0,0,1,0,0,0,0,1,0,0,0,0.4770536,0
1176,0,Monthly,App,Google,Brazil,4.0,Intermediate,lose weight and tone,3.14.0,Android,Motorola,Motorola,Moto G54 5g,0.0,2,0,0.0,22.675,0,0,1,0,0,0,0,0,0,0,0,0,0,0,0,0,0,0,0,1,0,1,0,0,1,0,0,0,0,1,0,1,0,0,0,0.6534271,1
1182,0,Monthly,App,Apple,United States of America,3.0,Intermediate,Unknown,6,iOS,Apple,Apple,"Iphone18,2",4.0,3,2,0.56045,23.433333333,0,0,1,0,0,0,1,0,0,0,0,0,0,0,0,0,0,1,1,0,0,1,0,0,0,0,1,0,0,0,0,1,0,0,0,0.55331904,1
1186,0,Monthly,Web,Stripe,United States of America,3.0,Intermediate,lose weight and tone,3.14.0,Android,Samsung,Samsung,Sm-S546vl,0.0,4,3,0.7154,18.511904762,0,0,1,0,0,0,0,0,0,0,0,0,0,0,1,0,0,0,0,0,0,1,0,0,0,0,0,0,0,0,0,1,0,0,0,0.49417827,0
1187,0,Monthly,App,Apple,United States of America,3.0,Intermediate,lose weight and tone,2,iOS,Apple,Apple,"Iphone15,2",0.0,22,14,0.3235142857,26.073214286,0,0,1,0,0,0,1,0,0,0,0,0,0,0,0,0,0,1,0,0,0,0,0,0,0,0,0,0,0,1,0,1,0,0,0,0.4717997,0
1190,0,Monthly,Web,Stripe,United States of America,3.0,Intermediate,lose weight and tone,2,iOS,Apple,Apple,"Iphone14,5",0.0,0,0,0.0,0.0,0,1,1,0,0,0,0,0,0,0,0,0,0,0,0,1,0,0,1,1,0,1,1,0,0,0,1,0,0,0,0,0,0,0,0,0.4901667,0
1192,0,Monthly,Web,Stripe,United States of America,5.0,Intermediate,Unknown,2,iOS,Apple,Apple,"Iphone13,2",0.0,5,0,0.0,37.826666667,0,0,1,0,0,0,0,0,0,0,0,0,0,0,0,0,1,0,0,0,0,1,0,0,0,0,1,0,0,0,1,0,0,0,0,0.5570568,1
1196,0,Monthly,App,App to Web,United States of America,3.0,Intermediate,lose weight and tone,2,iOS,Apple,Apple,"Iphone17,1",406.0,0,0,0.0,0.0,1,0,1,0,1,1,1,1,0,1,1,1,0,1,0,0,1,1,1,0,1,1,1,1,1,1,1,1,1,1,1,1,1,0,0,0.55768424,1
1198,0,Monthly,Web,Stripe,United States of America,3.0,Intermediate,lose weight and tone,6,iOS,Apple,Apple,"Iphone12,5",0.0,3,2,0.99915,20.763333333,0,0,1,0,0,0,0,0,0,0,0,0,0,0,0,1,0,0,0,0,0,1,0,0,0,0,1,0,0,0,0,1,0,0,0,0.4582233,0
1199,0,Monthly,Web,Stripe,United States of America,3.0,Beginner,lose weight and tone,6,iOS,Apple,Apple,"Iphone14,7",0.0,3,2,0.2938,50.596666667,0,0,1,0,0,0,0,0,0,0,0,0,0,0,0,0,0,0,1,0,0,1,0,0,0,0,1,0,0,0,0,0,0,0,0,0.61247176,1
1201,0,Monthly,Web,Stripe,United States of America,4.0,Beginner,lose weight and tone,3.14.0,Android,Samsung,Samsung,Sm-S928u,4.0,3,2,0.9994,21.966666667,0,1,0,0,0,0,0,0,0,0,0,0,0,0,1,0,0,0,1,0,0,0,0,0,1,0,1,0,0,0,0,1,0,0,0,0.4696241,0
1203,0,Monthly,App,Apple,United States of America,5.0,Intermediate,lose weight and tone,2,iOS,Apple,Apple,"Iphone14,3",0.0,19,3,0.3653,36.949166667,1,0,1,1,0,0,1,0,0,0,0,0,1,0,1,1,0,1,1,1,0,1,1,0,1,0,1,0,0,1,0,1,0,1,1,0.5916796,1
1205,0,Monthly,Web,Stripe,United States of America,3.0,Intermediate,lose weight and tone,3.13.1,Android,Samsung,Samsung,Sm-S901u1,-1.0,5,5,0.99814,30.61,0,0,1,0,0,0,1,0,0,0,0,0,0,0,1,0,0,1,1,1,0,1,1,0,0,0,1,0,0,1,0,0,0,1,0,0.39361382,0
1211,0,Monthly,Web,Stripe,Italy,4.0,Intermediate,lose weight and tone,3.13.1,Android,Honor,Honor,Rmo-Nx1,0.0,2,1,0.9976,26.838888889,0,0,1,1,0,0,1,0,0,0,0,0,0,0,1,0,0,1,0,0,0,1,0,0,1,0,1,0,0,1,0,1,0,0,0,0.45875707,0
1212,0,Monthly,Web,Stripe,Australia,3.0,Beginner,lose weight and tone,2,iOS,Apple,Apple,"Iphone14,5",0.0,0,0,0.0,0.0,0,0,1,0,0,0,0,0,0,0,0,0,0,0,0,0,0,0,0,0,0,1,0,0,0,0,0,0,0,0,0,1,0,0,1,0.44622874,0
1215,0,Monthly,Web,Stripe,United States of America,4.0,Beginner,lose weight and tone,2,iOS,Apple,Apple,"Iphone17,2",0.0,1,0,0.0,13.916666667,0,1,0,0,0,0,0,0,0,0,0,0,0,0,0,0,0,0,1,0,0,1,1,0,0,0,1,0,0,0,0,0,0,1,0,0.56631327,1
1216,0,Monthly,App,Apple,United States of America,5.0,Intermediate,lose weight and tone,2,iOS,Apple,Apple,"Iphone15,3",0.0,0,0,0.0,0.0,0,1,0,1,0,0,0,0,0,0,0,0,1,0,0,0,0,0,1,0,0,1,1,0,1,0,0,0,0,0,0,1,0,0,0,0.5403149,1
1222,0,Monthly,Web,Stripe,Sweden,5.0,Intermediate,lose weight and tone,3.13.1,Android,Samsung,Samsung,Sm-A125f,20.0,5,2,1.0,20.519047619,0,1,1,1,0,0,1,0,0,0,0,0,1,0,1,0,0,1,0,0,0,0,0,0,1,0,0,0,0,1,0,1,0,0,1,0.44582203,0
1223,0,Monthly,Web,Stripe,United States of America,3.0,Beginner,lose weight and tone,3.13.1,Android,Samsung,Samsung,Sm-G981u,0.0,0,0,0.0,0.0,0,0,1,0,0,0,1,0,0,0,0,0,0,0,0,0,0,0,0,0,0,0,0,0,0,0,0,0,0,0,0,0,0,0,0,0.51938987,1
1228,14,Monthly,App,Apple,United States of America,,Advanced,Unknown,6,iOS,Apple,Apple,"Iphone14,7",642.0,3,2,1.0,24.346666667,1,0,1,0,1,0,1,0,0,0,0,0,0,0,0,0,0,1,0,0,0,1,1,0,1,1,1,1,0,1,0,0,0,0,0,0.4714587,0
1229,0,Monthly,Web,App to Web,United States of America,3.0,Intermediate,lose weight and tone,2,iOS,Apple,Apple,"Iphone17,3",377.0,8,8,0.48245,17.754166667,1,0,0,0,1,0,0,0,0,0,0,0,0,0,0,0,0,0,1,0,1,1,1,0,1,0,1,1,1,1,0,1,1,0,0,0.5253685,1
1230,14,Monthly,App,Apple,United States of America,3.0,Beginner,Unknown,6,iOS,Apple,Apple,"Iphone17,2",672.0,9,3,0.994,37.505555556,0,1,0,0,0,0,1,1,0,0,0,0,0,0,0,0,0,0,1,0,0,0,0,0,1,0,1,0,0,0,0,0,0,0,0,0.36560884,0
1232,0,Monthly,Web,App to Web,United States of America,3.0,Intermediate,lose weight and tone,2,iOS,Apple,Apple,"Iphone15,3",0.0,2,1,0.9992,18.338888889,1,0,0,0,0,0,0,0,0,0,0,0,0,0,0,0,0,1,1,1,0,1,0,0,0,0,1,0,0,0,0,1,0,1,0,0.51323783,1
1237,7,Monthly,App,Apple,Norway,3.0,Beginner,lose weight and tone,2,iOS,Apple,Apple,"Iphone17,2",413.0,3,2,0.9994,28.446666667,1,1,1,0,1,0,0,0,0,0,0,0,0,0,0,0,0,1,0,0,1,1,0,0,1,0,0,1,1,1,0,1,0,0,0,0.3485231,0
1239,0,Monthly,App,Apple,United Kingdom,3.0,Intermediate,Unknown,6,iOS,Apple,Apple,"Iphone17,1",0.0,7,2,0.53335,38.405555556,1,0,0,0,0,0,0,0,0,0,0,0,0,0,0,0,0,0,0,0,0,0,0,0,0,0,0,0,0,0,0,0,0,0,0,0.57518715,1
1241,0,Monthly,Web,Stripe,United States of America,3.0,Beginner,lose weight and tone,2,iOS,Apple,Apple,"Iphone14,8",0.0,2,2,0.49975,16.566666667,0,1,1,0,0,0,0,0,0,0,0,0,0,0,0,0,0,0,0,0,0,1,0,0,0,0,1,0,0,0,0,0,0,0,0,0.6014558,1
1243,7,Monthly,Web,Stripe,United States of America,5.0,Beginner,lose weight and tone,2,iOS,Apple,Apple,"Iphone18,1",7.0,8,2,1.0,32.286666667,0,1,1,0,0,0,0,0,0,0,0,0,0,0,0,1,0,0,1,0,0,1,0,0,0,0,1,0,0,0,0,0,0,0,0,0.38866016,0
1244,0,Monthly,Web,Stripe,United States of America,5.0,Beginner,lose weight and tone,2,iOS,Apple,Apple,"Iphone17,1",57.0,2,0,0.0,47.45,0,1,0,1,0,0,1,0,0,0,0,0,1,0,1,0,0,1,0,0,0,1,0,0,1,0,0,0,0,1,0,1,0,0,0,0.50038606,1
1247,7,Monthly,App,Apple,United States of America,3.0,Advanced,lose weight and tone,2,iOS,Apple,Apple,"Iphone15,2",522.0,1,0,0.0,22.95,1,0,0,0,1,1,1,1,0,1,0,1,0,1,0,0,0,1,1,0,0,1,1,1,1,0,1,0,0,1,1,1,1,0,0,0.62636805,1
1249,0,Monthly,Web,Stripe,United States of America,6.0,Intermediate,lose weight and tone,2,iOS,Apple,Apple,"Ipad13,4",0.0,56,5,0.27868,34.848022599,1,0,1,1,0,0,1,0,0,0,0,0,1,0,1,1,0,1,1,1,0,1,1,0,1,0,1,0,0,1,0,1,0,1,1,0.54333496,1
1250,0,Monthly,Web,App to Web,United States of America,7.0,Intermediate,lose weight and tone,6,iOS,Apple,Apple,"Iphone14,3",0.0,1,1,0.2659,13.916666667,0,0,1,1,0,0,1,0,0,0,0,0,1,0,1,1,0,1,1,1,0,1,1,0,1,0,1,0,0,1,0,1,0,1,1,0.4884471,0
1252,0,Monthly,App,Google,United States of America,,Beginner,Start my fitness journey,3.13.1,Android,Google,Google,Pixel 9 Pro Xl,0.0,2,0,0.0,23.016666667,0,0,1,1,0,0,1,0,0,0,0,0,1,0,1,1,0,1,1,1,0,1,1,0,1,0,1,0,0,1,0,1,0,1,1,0.6920513,1
1254,0,Monthly,App,Google,United Kingdom,4.0,Beginner,lose weight and tone,3.13.1,Android,Google,Google,Pixel 7 Pro,0.0,0,0,0.0,0.0,1,1,1,1,0,0,1,0,0,0,0,0,1,0,1,1,0,1,1,1,0,1,1,0,1,0,1,0,0,1,0,1,0,1,1,0.5906374,1
1256,0,Monthly,Web,App to Web,United States of America,3.0,Advanced,lose weight and tone,2,iOS,Apple,Apple,"Iphone15,2",1.0,21,8,0.99975,42.697126437,1,0,1,1,0,0,1,0,0,0,0,0,1,0,1,0,0,1,0,0,0,1,0,0,1,0,0,0,0,1,0,1,0,0,1,0.27128792,0
1258,0,Monthly,App,Google,United States of America,4.0,Intermediate,lose weight and tone,3.14.0,Android,Motorola,Motorola,Motorola One 5g Ace,0.0,4,4,0.993775,19.666666667,0,1,1,1,0,0,0,0,0,0,0,0,0,0,1,1,0,0,0,0,0,1,1,0,0,0,0,0,0,1,0,0,0,0,0,0.54789406,1
1259,0,Monthly,Web,Stripe,United States of America,4.0,Beginner,lose weight and tone,6,iOS,Apple,Apple,"Iphone17,1",0.0,1,0,0.0,13.916666667,0,1,1,1,0,0,0,0,0,0,0,0,1,0,1,1,0,1,1,0,0,1,1,0,1,0,1,0,0,1,0,0,0,1,1,0.5593657,1
1261,0,Monthly,Web,Stripe,United States of America,3.0,Intermediate,lose weight and tone,3.13.1,Android,Samsung,Samsung,Sm-S938u,0.0,1,1,0.4316,49.85,0,0,1,0,0,0,0,0,0,0,0,0,0,0,0,0,0,0,0,1,0,1,0,0,0,0,1,0,0,1,0,0,0,1,0,0.6170983,1
1263,0,Monthly,App,Google,Bulgaria,5.0,Beginner,lose weight and tone,3.14.0,Android,Samsung,Samsung,Sm-A346b,3.0,1,1,0.999,32.416666667,1,0,0,0,0,0,1,0,0,0,0,0,1,0,0,0,0,0,1,0,0,0,0,0,0,0,1,0,0,0,0,0,0,0,0,0.5425301,1
1267,0,Monthly,Web,App to Web,United States of America,4.0,Beginner,Start my fitness journey,6,iOS,Apple,Apple,"Iphone17,1",327.0,0,0,0.0,0.0,0,0,1,0,0,0,0,0,0,0,0,0,0,0,1,0,0,0,0,1,0,0,0,0,0,0,1,0,0,0,0,0,0,1,0,0.50108415,1
1270,0,Monthly,Web,Stripe,United Kingdom,3.0,Beginner,lose weight and tone,3.14.0,Android,Samsung,Samsung,Sm-S721b,0.0,1,1,0.5319,34.466666667,0,1,1,0,0,0,1,0,0,0,0,0,0,0,1,0,0,0,1,0,0,1,1,0,0,0,1,0,0,1,0,1,0,1,0,0.45141786,0
1271,0,Monthly,Web,Stripe,United States of America,2.0,Intermediate,lose weight and tone,2,iOS,Apple,Apple,"Iphone18,3",0.0,7,4,0.387275,26.698484848,0,0,1,1,0,0,0,0,0,0,0,0,0,0,1,0,0,1,0,0,0,1,0,0,0,0,1,0,0,1,0,0,0,0,0,0.5457692,1
1272,0,Monthly,Web,Stripe,United States of America,3.0,Beginner,lose weight and tone,2,iOS,Apple,Apple,"Ipad13,17",0.0,1,1,0.976,13.916666667,0,0,1,1,0,0,0,0,0,0,0,0,0,0,0,0,0,0,0,1,0,0,0,0,0,0,1,0,0,0,0,0,0,1,1,0.55769193,1
1273,0,Monthly,App,Apple,Canada,3.0,Intermediate,Unknown,2,iOS,Apple,Apple,"Iphone14,5",0.0,1,0,0.0,47.983333333,0,0,1,0,0,0,0,0,0,0,0,0,0,0,0,0,0,0,0,0,0,0,0,0,0,0,0,0,0,0,0,0,0,0,0,0.5372345,1
1274,0,Monthly,App,Apple,Turkey,3.0,Intermediate,Unknown,2,iOS,Apple,Apple,"Iphone12,1",288.0,1,1,1.0,31.433333333,0,0,1,0,0,0,0,0,0,0,0,0,0,0,0,0,0,0,0,0,0,0,0,0,0,0,0,0,0,0,0,0,0,0,0,0.50509125,1
1275,0,Monthly,App,Apple,Honduras,5.0,Advanced,lose weight and tone,2,iOS,Apple,Apple,"Iphone17,2",0.0,26,0,0.0,39.31025641,0,0,1,0,0,0,0,0,0,0,0,0,0,0,0,0,0,1,0,0,0,0,0,0,1,0,0,0,0,1,0,1,0,0,0,0.52055264,1
1276,0,Monthly,Web,App to Web,United States of America,3.0,Intermediate,lose weight and tone,6,iOS,Apple,Apple,"Iphone17,5",0.0,0,0,0.0,0.0,0,0,1,0,0,0,0,0,0,0,0,0,0,0,1,0,0,1,0,0,0,1,0,0,1,0,1,0,0,0,0,1,0,0,0,0.426646,0
1277,0,Monthly,Web,App to Web,United States of America,7.0,Beginner,lose weight and tone,2,iOS,Apple,Apple,"Iphone17,2",0.0,2,1,0.3413,19.755555556,0,0,1,0,0,0,1,0,0,0,0,0,0,0,0,0,0,1,0,0,0,0,0,0,1,0,0,0,0,0,0,1,0,0,0,0.5429352,1
1280,0,Monthly,Web,Stripe,United States of America,3.0,Intermediate,lose weight and tone,2,iOS,Apple,Apple,"Iphone14,2",0.0,0,0,0.0,0.0,0,0,1,0,0,0,0,0,0,0,0,0,1,0,0,0,0,0,1,0,0,1,1,0,0,0,1,0,0,0,0,1,0,0,0,0.48120975,0
1281,7,Monthly,Web,Stripe,Greece,2.0,Intermediate,lose weight and tone,3.14.0,Android,Samsung,Samsung,Sm-A137f,7.0,0,0,0.0,0.0,0,0,1,0,0,0,0,0,0,0,0,0,0,0,0,0,0,0,1,0,0,0,1,0,0,0,1,0,0,0,0,0,0,0,0,0.40218827,0
1282,0,Monthly,Web,App to Web,United States of America,5.0,Intermediate,lose weight and tone,2,iOS,Apple,Apple,"Iphone13,2",0.0,2,1,0.9988,19.622222222,0,0,1,1,0,0,1,0,0,0,0,0,1,0,1,0,0,1,1,0,0,1,1,0,1,0,1,0,0,1,0,1,0,0,1,0.46433643,0
1283,0,Monthly,Web,Stripe,Croatia,4.0,Intermediate,lose weight and tone,3.13.1,Android,Xiaomi,Redmi,23073rpbfg,0.0,1,1,0.1022,30.016666667,0,0,1,0,0,0,0,0,0,0,0,0,0,0,0,0,0,0,1,0,0,0,0,0,0,0,0,0,0,0,0,0,0,0,0,0.6122539,1
1284,0,Monthly,App,App to Web,United States of America,3.0,Beginner,lose weight and tone,2,iOS,Apple,Apple,"Iphone15,3",0.0,3,0,0.0,13.916666667,0,1,0,1,0,0,0,0,0,0,0,0,0,0,1,0,0,0,1,1,0,1,1,0,0,0,0,0,0,0,0,1,0,1,0,0.6152763,1
1285,0,Monthly,Web,App to Web,United States of America,3.0,Intermediate,lose weight and tone,2,iOS,Apple,Apple,"Ipad13,16",0.0,2,2,0.9934,13.916666667,0,0,1,1,0,0,0,0,0,0,0,0,1,0,0,0,0,0,1,0,0,0,0,0,0,0,0,0,0,1,0,0,0,0,1,0.5010647,1
1292,0,Monthly,Web,Stripe,United States of America,2.0,Intermediate,Have some fun,2,iOS,Apple,Apple,"Iphone16,1",-1.0,0,0,0.0,0.0,0,0,1,0,0,0,1,0,0,0,0,0,0,0,0,0,0,0,1,0,0,0,0,0,0,0,1,0,0,0,0,0,0,0,0,0.5046388,1
1293,0,Monthly,Web,App to Web,United States of America,5.0,Beginner,lose weight and tone,6,iOS,Apple,Apple,"Iphone17,2",0.0,3,3,0.9976333333,24.988888889,1,0,1,1,0,0,1,0,0,0,0,0,1,0,1,1,0,1,1,1,0,1,1,0,1,0,1,0,0,1,0,1,0,1,1,0.45474488,0
1298,0,Monthly,Web,Stripe,United States of America,5.0,Advanced,lose weight and tone,2,iOS,Apple,Apple,"Iphone16,2",5.0,0,0,0.0,0.0,1,0,0,0,0,0,0,0,0,0,0,0,0,0,0,1,0,0,0,0,0,1,0,0,0,0,1,0,0,1,0,0,0,0,0,0.5104466,1
1303,0,Monthly,Web,App to Web,United States of America,7.0,Intermediate,Start my fitness journey,2,iOS,Apple,Apple,"Iphone13,2",209.0,4,3,0.3464333333,30.652380952,1,1,1,0,1,1,1,1,0,1,1,1,0,1,0,0,1,1,1,0,1,1,1,1,1,1,1,1,1,1,1,1,1,0,0,0.5632729,1
1305,0,Monthly,Web,App to Web,United States of America,3.0,Intermediate,lose weight and tone,2,iOS,Apple,Apple,"Iphone15,2",0.0,1,0,0.0,13.916666667,1,0,1,0,0,0,0,0,0,0,0,0,0,0,0,0,0,0,0,0,0,0,0,0,0,0,0,0,0,0,0,0,0,0,0,0.56923145,1
1306,0,Monthly,Web,Stripe,United States of America,3.0,Beginner,lose weight and tone,2,iOS,Apple,Apple,"Iphone14,3",0.0,1,1,0.9988,13.916666667,1,0,0,0,0,0,0,0,0,0,0,0,0,0,0,0,0,0,0,0,0,1,0,0,0,0,1,0,0,0,0,0,0,0,0,0.5574335,1
1307,0,Monthly,App,Apple,Australia,2.0,Intermediate,reduce stress,2,iOS,Apple,Apple,"Iphone16,1",0.0,5,4,0.51505,23.948148148,0,0,1,0,0,0,0,0,0,0,0,0,0,0,1,0,0,0,1,0,0,1,1,0,0,0,1,0,0,0,0,1,0,0,0,0.53231764,1
1309,0,Monthly,App,Apple,United States of America,5.0,Beginner,lose weight and tone,6,iOS,Apple,Apple,"Iphone17,2",0.0,5,2,0.56955,26.516666667,0,0,1,1,0,0,1,0,0,0,0,0,1,0,1,1,0,1,1,1,0,1,1,0,1,0,1,0,0,1,0,1,0,1,1,0.600557,1
1310,0,Monthly,Web,Stripe,United States of America,3.0,Intermediate,lose weight and tone,2,iOS,Apple,Apple,"Iphone17,1",0.0,0,0,0.0,0.0,0,1,1,0,0,0,0,0,0,0,0,0,0,0,0,0,0,0,0,0,0,1,0,0,0,0,0,0,0,1,0,0,0,0,0,0.4915241,0
1311,0,Monthly,Web,App to Web,United States of America,4.0,Intermediate,Unknown,2,iOS,Apple,Apple,"Iphone17,1",377.0,2,0,0.0,22.675,0,0,1,0,0,0,1,0,0,0,0,0,0,0,0,0,1,1,0,0,0,0,1,0,1,0,1,0,0,0,0,1,0,0,0,0.5284205,1
1312,0,Monthly,App,Apple,United States of America,3.0,Beginner,lose weight and tone,6,iOS,Apple,Apple,"Iphone13,2",0.0,9,5,0.60372,27.48452381,0,0,1,0,0,0,0,0,0,0,0,0,0,0,0,0,0,0,0,0,0,0,0,0,0,0,0,0,0,0,0,0,0,0,0,0.5765279,1
1315,0,Monthly,Web,Stripe,Bulgaria,3.0,Beginner,lose weight and tone,3.13.1,Android,Hmd Global,Nokia,Nokia G42 5g,0.0,25,14,0.5403857143,24.447435897,0,1,1,1,0,0,1,0,0,0,0,0,1,0,1,1,0,1,1,0,0,1,0,0,1,0,1,0,0,1,0,1,0,0,1,0.32582894,0
1316,0,Monthly,Web,App to Web,United States of America,3.0,Beginner,lose weight and tone,2,iOS,Apple,Apple,"Iphone17,4",0.0,1,0,0.0,13.916666667,0,0,1,0,0,0,1,0,0,0,0,0,0,0,1,0,0,1,1,1,0,1,1,0,1,0,0,0,0,1,0,1,0,1,0,0.4747201,0
1317,0,Monthly,Web,App to Web,United States of America,6.0,Advanced,lose weight and tone,2,iOS,Apple,Apple,"Iphone17,2",0.0,0,0,0.0,0.0,1,0,0,0,0,0,0,0,0,0,0,0,0,0,0,0,0,0,0,0,0,0,1,0,0,0,1,0,0,0,0,1,0,0,1,0.48851627,0
1320,0,Monthly,Web,App to Web,United States of America,3.0,Beginner,lose weight and tone,2,iOS,Apple,Apple,"Iphone17,2",0.0,0,0,0.0,0.0,0,1,1,0,0,0,0,0,0,0,0,0,0,0,0,0,0,0,0,0,0,0,0,0,0,0,0,0,0,0,0,0,0,0,0,0.46586156,0
1321,0,Monthly,Web,Stripe,United States of America,4.0,Beginner,Start my fitness journey,3.13.1,Android,Samsung,Samsung,Sm-S928u,0.0,1,1,0.4922,13.916666667,0,1,1,0,0,0,0,0,0,0,0,0,0,0,0,0,0,0,0,0,0,1,0,0,0,0,1,0,0,0,0,0,0,0,0,0.6392601,1
1324,0,Monthly,App,Google,United States of America,,Beginner,Start my fitness journey,3.13.1,Android,Samsung,Samsung,Sm-S918u,0.0,0,0,0.0,0.0,0,0,1,0,0,0,0,0,0,0,0,0,0,0,0,0,0,0,0,0,0,1,0,0,0,0,1,0,0,0,0,0,0,0,0,0.65149146,1
1327,0,Monthly,Web,Stripe,United States of America,4.0,Beginner,lose weight and tone,6,iOS,Apple,Apple,"Iphone18,3",0.0,0,0,0.0,0.0,0,1,1,0,0,0,0,0,0,0,0,0,0,0,0,0,0,0,0,0,0,1,0,0,0,0,1,0,0,0,0,0,0,0,0,0.5193811,1
1328,7,Monthly,App,Apple,United States of America,3.0,Beginner,lose weight and tone,2,iOS,Apple,Apple,"Iphone14,3",42.0,2,1,0.9942,31.433333333,0,1,1,1,0,0,1,0,0,0,0,0,1,0,1,0,0,1,0,0,0,0,0,0,1,0,1,0,0,0,0,1,0,0,0,0.46277186,0
1329,0,Monthly,Web,App to Web,United States of America,4.0,Beginner,reduce stress,2,iOS,Apple,Apple,"Iphone17,1",0.0,7,6,0.9951666667,14.444871795,1,0,1,0,0,0,0,0,0,0,0,0,0,0,0,0,0,0,0,0,0,0,0,0,0,0,0,0,0,0,0,0,0,0,0,0.476713,0
1331,0,Monthly,App,Google,Bosnia and Herzegovina,5.0,Intermediate,Unknown,3.13.1,Android,Xiaomi,Redmi,23117ra68g,96.0,2,0,0.0,49.966666667,1,1,1,0,0,0,0,0,0,0,0,0,0,0,0,1,0,0,1,1,0,1,1,0,0,0,1,0,0,0,0,1,0,1,1,0.61098504,1
1333,0,Monthly,Web,Stripe,United States of America,3.0,Beginner,lose weight and tone,2,iOS,Apple,Apple,"Iphone18,2",0.0,0,0,0.0,0.0,0,0,1,0,0,0,0,0,0,0,0,0,0,0,0,0,0,1,1,0,0,1,0,0,0,0,1,0,0,0,0,0,0,0,0,0.4879333,0
1337,0,Monthly,Web,Stripe,United States of America,3.0,Beginner,lose weight and tone,3.14.0,Android,Samsung,Samsung,Sm-S911u,0.0,5,4,0.940225,27.946296296,0,0,1,0,0,0,0,0,0,0,0,0,0,0,0,0,0,0,0,0,0,1,0,0,0,0,0,0,0,0,0,0,0,0,0,0.4223529,0
1338,1,Monthly,App,Apple,United States of America,3.0,Intermediate,Unknown,2,iOS,Apple,Apple,"Iphone15,4",8.0,1,0,0.0,30.0,0,0,1,0,0,0,0,0,0,0,0,0,0,0,0,0,0,0,0,0,0,0,0,0,0,0,0,0,0,0,0,0,0,0,0,0.5700263,1
1341,0,Monthly,Web,Stripe,Japan,3.0,Advanced,Start my fitness journey,1.9.40,Android,Sharp,Docomo,Sh-51c,,0,0,0.0,0.0,0,0,1,1,0,0,1,0,0,0,0,0,0,0,1,0,0,1,1,0,0,1,0,0,1,0,1,0,0,0,0,1,0,0,0,0.4067632,0
1345,0,Monthly,Web,Stripe,Sweden,2.0,Intermediate,Start my fitness journey,3.14.0,Android,Samsung,Samsung,Sm-A715f,0.0,3,2,0.3324,19.676666667,0,0,1,1,0,0,1,0,0,0,0,0,1,0,0,0,0,1,0,0,0,0,1,0,1,0,0,0,0,1,0,1,0,1,0,0.4510138,0
1351,0,Monthly,Web,App to Web,United States of America,3.0,Advanced,lose weight and tone,6,iOS,Apple,Apple,"Iphone14,3",0.0,4,0,0.0,30.0,1,0,0,1,0,0,0,0,0,0,0,0,1,0,1,1,0,1,1,0,0,0,1,0,1,0,1,0,0,1,0,1,0,0,1,0.5720997,1
1352,0,Monthly,Web,App to Web,United States of America,5.0,Intermediate,lose weight and tone,6,iOS,Apple,Apple,"Iphone15,3",0.0,0,0,0.0,0.0,0,0,1,1,0,0,0,0,0,0,0,0,0,0,0,0,0,0,0,0,0,1,0,0,0,0,0,0,0,1,0,0,0,0,0,0.44399694,0
1359,0,Monthly,App,Apple,United States of America,5.0,Intermediate,lose weight and tone,2,iOS,Apple,Apple,"Iphone12,3",414.0,2,1,0.3928,46.0,1,0,1,0,0,0,1,1,0,0,0,0,0,0,0,0,0,1,0,0,0,1,0,0,1,0,1,0,0,1,0,1,0,0,0,0.6064935,1
1360,0,Monthly,Web,Stripe,United States of America,3.0,Beginner,reduce stress,2,iOS,Apple,Apple,"Iphone14,5",0.0,1,0,0.0,13.916666667,0,1,0,0,0,0,0,0,0,0,0,0,0,0,1,0,0,0,1,0,0,0,0,0,0,0,1,0,0,0,0,0,0,0,0,0.58052677,1
1364,0,Monthly,App,App to Web,United States of America,2.0,Beginner,Start my fitness journey,2,iOS,Apple,Apple,"Iphone17,1",0.0,0,0,0.0,0.0,0,1,0,0,0,0,0,0,0,0,0,0,0,0,0,0,0,0,0,0,0,0,0,0,0,0,0,0,0,0,0,0,0,0,0,0.5226009,1
1366,0,Monthly,App,Google,Albania,5.0,Intermediate,lose weight and tone,3.14.0,Android,Samsung,Samsung,Sm-S938b,40.0,10,9,0.6443,26.178070175,1,0,0,1,0,0,1,0,0,0,0,0,1,0,1,1,0,1,0,1,0,1,1,0,1,0,1,0,0,1,0,1,0,1,1,0.47548482,0
1367,0,Monthly,Web,Stripe,United States of America,3.0,Intermediate,lose weight and tone,3.13.1,Android,Samsung,Samsung,Sm-S921u,0.0,1,1,0.9973,30.466666667,1,1,1,0,0,0,0,0,0,0,0,0,0,0,1,0,0,1,1,0,0,0,1,0,1,0,0,0,0,0,0,1,0,0,0,0.4895978,0
1369,0,Monthly,App,Apple,Canada,3.0,Intermediate,lose weight and tone,2,iOS,Apple,Apple,"Iphone14,2",0.0,8,0,0.0,27.975,0,0,1,0,0,0,1,0,0,0,0,0,0,0,1,0,0,1,0,0,0,1,0,0,1,0,1,0,0,1,0,1,0,0,0,0.559058,1
1370,0,Monthly,Web,Stripe,United States of America,3.0,Beginner,lose weight and tone,2,iOS,Apple,Apple,"Iphone14,8",0.0,1,1,0.1379,47.983333333,0,1,0,0,0,0,0,0,0,0,0,0,0,0,0,0,0,1,0,0,0,0,0,0,1,0,1,0,0,0,0,1,0,0,0,0.5259519,1
1378,0,Monthly,App,Google,United States of America,,Beginner,lose weight and tone,3.14.0,Android,Google,Google,Pixel 10,0.0,0,0,0.0,0.0,0,0,1,0,0,0,0,0,0,0,0,0,0,0,0,0,0,0,0,0,0,0,0,0,0,0,0,0,0,0,0,0,0,0,0,0.570561,1
1380,7,Monthly,App,Apple,Slovakia,3.0,Intermediate,Start my fitness journey,6,iOS,Apple,Apple,"Iphone14,2",332.0,2,2,0.96925,40.7,0,0,1,0,1,0,0,1,0,0,0,1,0,0,0,0,0,1,0,0,0,1,0,0,1,0,0,0,0,1,0,1,1,0,0,0.3087585,0
1381,0,Monthly,Web,Stripe,United Kingdom,5.0,Intermediate,lose weight and tone,6,iOS,Apple,Apple,"Iphone13,2",0.0,2,2,0.5,17.5,0,0,1,1,0,0,0,0,0,0,0,0,1,0,1,0,0,0,1,0,0,0,0,0,1,0,0,0,0,0,0,0,0,0,1,0.5318127,1
1384,0,Monthly,Web,Stripe,United States of America,4.0,Advanced,lose weight and tone,2,iOS,Apple,Apple,"Macbookair10,1",0.0,0,0,0.0,0.0,1,0,0,1,0,0,0,0,0,0,0,0,1,0,1,0,0,0,1,1,0,1,1,0,0,0,0,0,0,1,0,0,0,1,1,0.48925614,0
1385,0,Monthly,App,Apple,Brazil,4.0,Intermediate,lose weight and tone,2,iOS,Apple,Apple,"Iphone13,3",0.0,8,3,0.0,17.183333333,0,0,1,0,0,0,1,0,0,0,0,0,0,0,1,0,0,0,0,1,0,0,0,0,1,0,1,0,0,1,0,1,0,1,0,0.63439083,1
1386,0,Monthly,Web,Stripe,Ireland,3.0,Advanced,lose weight and tone,2,iOS,Apple,Apple,"Iphone15,4",0.0,30,4,0.99125,19.073529412,1,0,0,0,0,0,0,0,0,0,0,0,1,0,0,0,0,0,1,0,0,0,0,0,0,0,1,0,0,0,0,1,0,0,0,0.39899048,0
1389,0,Monthly,Web,Stripe,United Kingdom,4.0,Advanced,lose weight and tone,3.14.0,Android,Samsung,Samsung,Sm-A556b,540.0,18,5,0.88546,33.595652174,1,0,1,0,0,0,1,0,0,0,0,0,0,0,0,0,0,1,0,0,0,0,1,0,1,0,1,0,0,1,0,1,0,0,0,0.37486336,0
1390,0,Monthly,App,Google,South Africa,,Beginner,reduce stress,3.13.1,Android,Samsung,Samsung,Sm-G9600,7.0,10,10,0.89977,13.02,0,1,0,0,0,0,0,0,0,0,0,0,1,0,1,1,0,1,1,0,0,0,0,0,1,0,1,0,0,1,0,1,0,1,1,0.5264596,1
1392,0,Monthly,Web,App to Web,United States of America,3.0,Beginner,Start my fitness journey,2,iOS,Apple,Apple,"Iphone14,3",0.0,1,1,0.9952,13.916666667,0,1,0,0,0,0,0,0,0,0,0,0,0,0,0,1,0,0,0,1,0,1,1,0,0,0,1,0,0,1,0,0,0,1,0,0.5234172,1
1394,0,Monthly,App,Apple,United States of America,3.0,Beginner,lose weight and tone,6,iOS,Apple,Apple,"Iphone15,5",,1,1,0.9928,13.916666667,0,0,1,0,0,0,0,0,0,0,0,0,0,0,0,0,0,0,0,0,0,1,0,0,0,0,1,1,0,0,0,0,0,1,0,0.5631194,1
1395,0,Monthly,Web,App to Web,United States of America,3.0,Intermediate,lose weight and tone,6,iOS,Apple,Apple,"Iphone14,3",0.0,1,1,1.0,31.033333333,0,0,1,0,0,0,0,0,0,0,0,0,0,0,0,0,0,0,0,0,0,0,0,0,0,0,1,0,0,0,0,0,0,0,0,0.48981598,0
1396,0,Monthly,Web,Stripe,Italy,3.0,Intermediate,lose weight and tone,3.14.0,Android,Samsung,Samsung,Sm-P613,0.0,6,6,0.7161833333,24.038888889,0,0,1,0,0,0,0,0,0,0,0,0,0,0,0,0,0,0,0,0,0,0,0,0,0,0,0,0,0,0,0,0,0,0,0,0.4078115,0
1397,0,Monthly,App,Apple,Canada,2.0,Beginner,lose weight and tone,2,iOS,Apple,Apple,"Iphone16,1",0.0,1,1,0.9988,13.916666667,0,0,1,0,0,0,0,0,0,0,0,0,0,0,0,0,0,0,0,0,0,1,0,0,0,0,1,0,0,0,0,0,0,0,0,0.5593335,1
1398,0,Monthly,Web,Stripe,Spain,3.0,Intermediate,lose weight and tone,2,iOS,Apple,Apple,"Iphone14,7",0.0,0,0,0.0,0.0,0,0,1,1,0,0,0,0,0,0,0,0,1,0,1,0,0,0,0,0,0,1,0,0,1,0,0,0,0,1,0,1,0,0,1,0.3313838,0
1401,0,Monthly,Web,Stripe,United States of America,3.0,Intermediate,lose weight and tone,6,iOS,Apple,Apple,"Iphone14,7",0.0,0,0,0.0,0.0,1,0,0,1,0,0,1,0,0,0,0,0,1,0,1,1,0,1,0,0,0,1,0,0,1,0,0,0,0,1,0,1,0,0,0,0.45496833,0
1402,0,Monthly,App,Google,United States of America,3.0,Intermediate,lose weight and tone,3.13.1,Android,Samsung,Samsung,Sm-F721n,519.0,5,4,0.25,11.546296296,0,0,1,0,1,1,1,1,0,0,0,1,0,0,0,0,0,1,1,0,1,1,1,1,1,0,1,1,1,1,1,1,0,0,0,0.673942,1
1405,0,Monthly,Web,Stripe,United States of America,3.0,Beginner,Start my fitness journey,6,iOS,Apple,Apple,"Iphone15,3",0.0,0,0,0.0,0.0,0,0,1,0,0,0,0,0,0,0,0,0,0,0,0,0,0,0,1,0,0,0,0,0,0,0,1,0,0,0,0,1,0,1,0,0.45913345,0
1407,0,Monthly,Web,App to Web,United States of America,3.0,Beginner,lose weight and tone,2,iOS,Apple,Apple,"Iphone18,1",0.0,0,0,0.0,0.0,0,1,0,0,0,0,0,0,0,0,0,0,1,0,1,0,0,0,0,0,0,0,0,0,1,0,1,0,0,1,0,0,0,0,0,0.4594798,0
1408,0,Monthly,Web,App to Web,United States of America,4.0,Beginner,lose weight and tone,2,iOS,Apple,Apple,"Iphone16,1",0.0,0,0,0.0,0.0,0,0,1,0,0,0,0,0,0,0,0,0,0,0,0,1,0,0,1,1,0,1,1,0,0,0,1,0,0,0,0,0,0,0,0,0.48007452,0
1411,7,Monthly,Web,Stripe,United States of America,3.0,Beginner,lose weight and tone,2,iOS,Apple,Apple,"Iphone17,2",7.0,0,0,0.0,0.0,0,1,0,0,0,0,0,0,0,0,0,0,1,0,1,0,0,1,0,0,0,1,1,0,0,0,1,0,0,0,0,1,0,1,0,0.4914737,0
1413,0,Monthly,Web,Stripe,United States of America,5.0,Beginner,reduce stress,3.13.1,Android,Samsung,Samsung,Sm-S926u,0.0,0,0,0.0,0.0,0,1,0,0,0,0,0,0,0,0,0,0,0,0,1,1,0,0,1,1,0,0,1,0,0,0,1,0,0,0,0,1,0,1,0,0.5397485,1
1416,0,Monthly,App,Apple,United States of America,4.0,Beginner,lose weight and tone,6,iOS,Apple,Apple,"Ipad14,10",0.0,4,3,0.7967333333,39.492857143,0,0,1,0,0,0,0,0,0,0,0,0,0,0,0,0,0,0,0,0,0,1,0,0,0,0,1,0,0,0,0,1,0,0,0,0.5068054,1
1422,7,Monthly,Web,Stripe,United States of America,3.0,Intermediate,lose weight and tone,2,iOS,Apple,Apple,"Iphone17,3",,1,1,0.1674,31.95,0,0,1,0,0,0,1,0,0,0,0,0,0,0,1,0,0,0,0,0,0,1,0,0,1,0,0,0,0,1,0,1,0,0,0,0.5333876,1
1423,0,Monthly,Web,Stripe,United States of America,5.0,Beginner,lose weight and tone,3.13.1,Android,Samsung,Samsung,Sm-A166u,0.0,0,0,0.0,0.0,0,0,1,1,0,0,1,0,0,0,0,0,1,0,1,0,0,1,1,0,0,1,0,0,0,0,0,0,0,1,0,1,0,0,0,0.46462545,0
1426,0,Monthly,Web,Stripe,United Kingdom,3.0,Beginner,lose weight and tone,6,iOS,Apple,Apple,"Iphone15,4",15.0,2,0,0.0,22.475,0,0,1,1,0,0,1,0,0,0,0,0,1,0,1,0,0,0,1,0,0,0,1,0,1,0,1,0,0,1,0,1,0,0,1,0.52331233,1
1428,0,Monthly,Web,Stripe,United States of America,2.0,Beginner,lose weight and tone,6,iOS,Apple,Apple,"Iphone17,1",0.0,0,0,0.0,0.0,0,1,1,0,0,0,0,0,0,0,0,0,0,0,0,1,0,0,0,0,0,1,1,0,0,0,1,0,0,0,0,0,0,0,0,0.51056147,1
1429,0,Monthly,Web,Stripe,Greece,4.0,Advanced,lose weight and tone,3.13.1,Android,Samsung,Samsung,Sm-S916b,486.0,1,1,1.0,52.683333333,1,0,0,0,1,0,0,0,0,0,0,1,0,0,0,0,0,1,1,0,0,1,1,1,1,0,1,1,0,1,0,1,0,0,0,0.46232077,0
1431,0,Monthly,App,Google,Brazil,5.0,Beginner,lose weight and tone,3.13.1,Android,Xiaomi,Redmi,23100rn82l,0.0,4,4,0.259475,19.379166667,0,0,1,0,0,0,0,0,0,0,0,0,0,0,0,0,0,0,0,1,0,1,0,0,0,0,0,0,0,1,0,0,0,0,0,0.76129097,1
1432,7,Monthly,App,Apple,United States of America,4.0,Intermediate,lose weight and tone,2,iOS,Apple,Apple,"Iphone17,4",429.0,4,4,0.99635,36.854166667,1,0,1,0,0,0,0,0,0,0,0,0,0,0,0,0,0,1,0,0,0,1,0,0,0,0,1,1,1,1,0,0,0,0,0,0.44465685,0
1434,0,Monthly,App,Apple,Canada,3.0,Intermediate,lose weight and tone,2,iOS,Apple,Apple,"Iphone15,4",0.0,4,2,0.62335,16.597222222,0,0,1,0,0,0,0,0,0,0,0,0,0,0,1,0,0,0,1,0,0,0,0,0,0,0,1,0,0,0,0,1,0,0,0,0.55618966,1
1435,0,Monthly,Web,Stripe,United States of America,3.0,Intermediate,lose weight and tone,2,iOS,Apple,Apple,"Iphone15,4",0.0,0,0,0.0,0.0,1,0,1,1,0,0,1,0,0,0,0,0,1,0,1,1,0,1,1,1,0,1,1,0,1,0,1,0,0,1,0,1,0,1,1,0.43960726,0
1438,0,Monthly,App,Apple,United Kingdom,3.0,Beginner,reduce stress,6,iOS,Apple,Apple,"Iphone15,3",0.0,0,0,0.0,0.0,0,0,1,0,0,0,0,0,0,0,0,0,0,0,0,0,0,0,1,0,0,1,1,0,0,0,1,0,0,0,0,0,0,0,0,0.5657074,1
1440,0,Monthly,Web,App to Web,United States of America,3.0,Beginner,Start my fitness journey,2,iOS,Apple,Apple,"Iphone15,4",0.0,1,0,0.0,13.916666667,0,0,1,0,0,0,0,0,0,0,0,0,1,0,1,0,0,0,0,0,0,1,0,0,0,0,1,0,0,1,0,1,0,0,0,0.51357085,1
1447,0,Monthly,Web,App to Web,United States of America,3.0,Intermediate,lose weight and tone,6,iOS,Apple,Apple,"Iphone15,2",0.0,4,3,0.9548666667,27.997619048,1,0,1,1,0,0,0,0,0,0,0,0,1,0,1,0,0,0,1,0,0,1,1,0,0,0,1,0,0,0,0,1,0,0,0,0.42173836,0
1448,0,Monthly,Web,Stripe,United States of America,3.0,Beginner,lose weight and tone,6,iOS,Apple,Apple,"Iphone16,1",0.0,0,0,0.0,0.0,0,0,1,0,0,0,0,0,0,0,0,0,1,0,0,1,0,1,1,0,0,1,0,0,0,0,1,0,0,0,0,1,0,0,1,0.45756796,0
1449,0,Monthly,Web,App to Web,United States of America,3.0,Beginner,lose weight and tone,6,iOS,Apple,Apple,"Iphone15,4",0.0,0,0,0.0,0.0,0,0,1,1,0,0,0,0,0,0,0,0,1,0,1,0,0,0,1,0,0,0,0,0,0,0,0,0,0,0,0,1,0,1,1,0.44183823,0
1451,0,Monthly,Web,App to Web,United States of America,4.0,Beginner,Start my fitness journey,2,iOS,Apple,Apple,"Iphone15,2",0.0,2,2,0.19415,17.5,1,0,1,1,0,0,1,0,0,0,0,0,1,0,1,1,0,1,1,1,0,1,1,0,1,0,1,0,0,1,0,1,0,1,1,0.5488222,1
1452,0,Monthly,App,Apple,United States of America,5.0,Advanced,lose weight and tone,2,iOS,Apple,Apple,"Iphone15,4",0.0,2,1,0.7219,25.216666667,1,0,0,0,0,0,1,0,0,0,0,0,0,0,0,0,0,1,0,0,0,0,0,0,1,0,0,0,0,1,0,1,0,0,0,0.5914576,1
1453,0,Monthly,Web,Stripe,United Kingdom,3.0,Beginner,lose weight and tone,2,iOS,Apple,Apple,"Ipad13,1",0.0,0,0,0.0,0.0,0,1,0,0,0,0,0,0,0,0,0,0,0,0,0,0,0,0,0,0,0,0,0,0,0,0,0,0,0,1,0,0,0,0,0,0.4858105,0
1457,0,Monthly,App,Apple,Israel,3.0,Intermediate,lose weight and tone,2,iOS,Apple,Apple,"Iphone17,2",0.0,11,7,0.4683857143,36.896875,0,0,1,0,0,0,1,0,0,0,0,0,0,0,1,0,0,1,0,0,0,0,0,0,1,0,0,0,0,0,0,1,0,0,0,0.497728,0
1462,0,Monthly,App,Apple,United Kingdom,3.0,Intermediate,reduce stress,2,iOS,Apple,Apple,"Iphone15,5",0.0,1,1,0.693,28.716666667,0,0,1,0,0,0,0,0,0,0,0,0,0,0,0,0,0,0,1,1,0,0,1,0,0,0,1,0,0,0,0,1,0,1,0,0.5630036,1
1463,0,Monthly,Web,App to Web,United States of America,3.0,Intermediate,lose weight and tone,2,iOS,Apple,Apple,"Iphone15,3",,5,1,0.177,32.986666667,0,0,1,0,0,0,0,1,0,1,0,1,0,0,0,0,1,0,0,0,0,1,0,0,0,0,1,0,0,1,0,1,1,0,0,0.5317685,1
1467,0,Monthly,App,Google,United States of America,5.0,Intermediate,lose weight and tone,3.14.0,Android,Samsung,Samsung,Sm-S921u,0.0,1,0,0.0,13.916666667,0,0,1,0,0,0,0,0,0,0,0,0,0,0,0,1,0,0,1,0,0,1,1,0,1,0,1,0,0,1,0,1,0,0,0,0.5863584,1
1468,0,Monthly,Web,Stripe,Italy,3.0,Intermediate,lose weight and tone,2,iOS,Apple,Apple,"Iphone12,1",-1.0,9,6,0.6955666667,23.193333333,0,0,1,0,0,0,1,0,0,0,0,0,1,0,1,0,0,1,0,0,0,0,0,0,0,0,0,0,0,1,0,1,0,0,0,0.3783548,0
1470,0,Monthly,Web,Stripe,United States of America,3.0,Beginner,Start my fitness journey,3.13.1,Android,Samsung,Samsung,Sm-G970u1,0.0,4,2,0.2558,32.072222222,0,1,0,0,0,0,0,0,0,0,0,0,0,0,0,0,0,0,0,1,0,1,0,0,0,0,1,0,0,0,0,0,0,1,0,0.6505485,1
1471,7,Monthly,App,Apple,Poland,3.0,Beginner,reduce stress,6,iOS,Apple,Apple,"Iphone14,2",8.0,5,4,0.75,22.766666667,0,1,0,0,0,0,1,0,0,0,0,0,1,0,0,1,0,1,1,1,0,0,1,0,0,0,1,0,0,1,0,1,0,0,1,0.46812755,0
1473,0,Monthly,Web,Stripe,United States of America,2.0,Beginner,lose weight and tone,6,iOS,Apple,Apple,"Iphone14,2",,0,0,0.0,0.0,0,1,0,0,0,0,0,0,0,0,0,0,1,0,0,0,0,0,0,1,0,1,0,0,0,0,1,0,0,0,0,1,0,0,1,0.46943006,0
1474,0,Monthly,Web,App to Web,United States of America,4.0,Intermediate,lose weight and tone,6,iOS,Apple,Apple,"Iphone15,4",0.0,0,0,0.0,0.0,1,0,0,0,0,0,1,0,0,0,0,0,0,0,0,0,0,1,0,0,0,1,0,0,1,0,0,0,0,1,0,0,0,0,0,0.45070988,0
1475,0,Monthly,App,Apple,United States of America,4.0,Beginner,Start my fitness journey,2,iOS,Apple,Apple,"Iphone17,4",378.0,3,3,0.9979333333,21.811111111,0,1,1,0,0,0,1,0,0,0,0,0,0,0,0,0,0,1,0,0,0,1,0,0,1,0,1,1,0,1,0,1,0,0,0,0.5259375,1
1478,0,Monthly,Web,App to Web,United States of America,3.0,Beginner,lose weight and tone,6,iOS,Apple,Apple,"Iphone15,4",0.0,1,0,0.0,13.916666667,1,0,0,0,0,0,1,0,0,0,0,0,0,0,0,0,0,1,0,0,0,1,1,0,1,0,0,0,0,1,0,1,0,0,0,0.5203112,1
1481,0,Monthly,Web,Stripe,United States of America,5.0,Beginner,lose weight and tone,2,iOS,Apple,Apple,"Iphone14,3",494.0,8,5,0.3618,44.912820513,0,1,1,0,0,0,0,0,0,0,0,0,0,0,0,0,1,1,0,0,0,0,0,0,0,0,0,0,0,1,0,0,0,0,0,0.558455,1
1483,0,Monthly,App,Apple,Indonesia,3.0,Intermediate,reduce stress,2,iOS,Apple,Apple,"Iphone14,2",42.0,1,1,0.9995,31.45,0,0,1,0,0,0,0,0,0,0,0,0,0,0,0,0,0,0,0,0,0,0,0,0,0,0,0,0,0,0,0,0,0,0,0,0.5044792,1
1484,7,Monthly,App,App to Web,United States of America,3.0,Beginner,lose weight and tone,2,iOS,Apple,Apple,"Iphone15,3",21.0,0,0,0.0,0.0,0,1,0,0,0,0,1,0,0,0,0,0,1,0,1,1,0,1,1,1,0,0,1,0,1,0,1,0,0,1,0,1,0,1,1,0.53626543,1
1487,0,Monthly,Web,Stripe,United States of America,2.0,Intermediate,lose weight and tone,6,iOS,Apple,Apple,"Iphone12,1",0.0,0,0,0.0,0.0,0,0,1,1,0,0,1,0,0,0,0,0,1,0,1,0,0,1,1,0,0,1,1,0,1,0,1,0,0,1,0,1,0,0,1,0.43344036,0
1492,0,Monthly,Web,App to Web,United States of America,3.0,Advanced,lose weight and tone,3,iOS,Apple,Apple,"Iphone14,7",195.0,2,1,1.0,30.0,1,0,0,0,0,0,0,0,0,0,0,0,0,0,0,0,0,0,0,0,0,0,0,0,0,0,0,0,0,0,0,0,0,0,0,0.5390785,1
1497,0,Monthly,Web,Stripe,Bosnia and Herzegovina,5.0,Intermediate,lose weight and tone,6,iOS,Apple,Apple,"Iphone14,5",0.0,5,0,0.0,27.37,0,0,1,0,0,0,0,0,0,0,0,0,0,0,0,0,0,0,0,0,0,0,0,0,0,0,0,0,0,0,0,1,0,0,0,0.5265514,1
1498,0,Monthly,Web,Stripe,Hungary,2.0,Intermediate,reduce stress,2,iOS,Apple,Apple,"Iphone14,4",0.0,3,2,0.02185,5.0,0,0,1,0,0,0,1,0,0,0,0,0,1,0,1,0,0,0,1,0,0,0,0,0,0,0,1,0,0,0,0,1,0,0,0,0.50535053,1
1502,0,Monthly,App,Google,Sweden,,Beginner,Have some fun,3.14.0,Android,Samsung,Samsung,Sm-S711b,0.0,8,4,0.7449,23.947222222,0,1,0,1,0,0,0,0,0,0,0,0,0,0,1,0,0,0,0,0,0,0,0,0,0,0,0,0,0,1,0,0,0,0,0,0.61835784,1
1504,0,Monthly,Web,App to Web,United States of America,3.0,Beginner,lose weight and tone,2,iOS,Apple,Apple,"Iphone17,4",0.0,3,2,0.99945,27.973333333,0,0,1,1,0,0,1,0,0,0,0,0,0,0,0,0,0,1,0,0,0,1,0,0,0,0,1,0,0,1,0,0,0,0,1,0.43101612,0
1508,0,Monthly,Web,App to Web,United States of America,3.0,Intermediate,lose weight and tone,2,iOS,Apple,Apple,"Iphone14,7",7.0,3,1,0.5653,46.65,1,0,0,1,0,0,0,0,0,0,0,0,0,0,1,0,0,0,0,0,0,0,0,0,1,0,0,0,0,1,0,1,0,0,0,0.49069825,0
1510,0,Monthly,Web,Stripe,United States of America,3.0,Beginner,lose weight and tone,2,iOS,Apple,Apple,"Iphone12,1",0.0,0,0,0.0,0.0,0,0,1,0,0,0,0,0,0,0,0,0,0,0,0,0,0,1,1,0,0,0,1,0,0,0,1,0,0,1,0,1,0,0,1,0.4778948,0
1511,0,Monthly,Web,Stripe,United Kingdom,4.0,Beginner,lose weight and tone,6,iOS,Apple,Apple,"Iphone14,3",0.0,1,1,0.0,1.016666667,0,1,0,1,0,0,1,0,0,0,0,0,1,0,1,0,0,1,0,0,0,0,0,0,1,0,1,0,0,1,0,1,0,0,0,0.46367,0
1512,7,Monthly,App,App to Web,United States of America,3.0,Intermediate,Unknown,6,iOS,Apple,Apple,"Iphone17,1",654.0,3,1,1.0,30.8625,0,0,1,0,0,0,1,0,0,0,0,0,0,0,1,0,0,1,0,0,0,1,0,0,1,0,1,1,1,1,0,1,0,0,0,0.3690131,0
1514,0,Monthly,App,Apple,United States of America,,Intermediate,Unknown,2,iOS,Apple,Apple,"Iphone14,7",584.0,2,2,0.52475,20.55,0,0,1,0,1,1,1,1,0,1,1,1,0,1,0,0,1,1,1,0,1,1,1,1,1,1,1,1,1,1,1,1,1,0,0,0.60536444,1
1516,0,Monthly,App,Apple,Germany,3.0,Beginner,lose weight and tone,2,iOS,Apple,Apple,"Iphone13,1",0.0,0,0,0.0,0.0,0,0,1,0,0,0,0,0,0,0,0,0,0,0,0,0,0,0,1,1,0,0,0,0,0,0,1,0,0,0,0,0,0,0,0,0.6226708,1
1517,0,Monthly,App,Apple,United States of America,3.0,Intermediate,lose weight and tone,2,iOS,Apple,Apple,"Iphone17,2",410.0,3,2,0.9983,19.62,0,0,1,0,0,0,0,0,0,0,0,0,0,0,0,0,1,0,0,0,0,1,0,0,0,0,1,1,0,1,0,1,0,0,0,0.56785226,1
1523,0,Monthly,Web,Stripe,United States of America,3.0,Beginner,lose weight and tone,2,iOS,Apple,Apple,"Iphone15,4",0.0,0,0,0.0,0.0,0,0,1,1,0,0,0,0,0,0,0,0,1,0,1,0,0,1,0,0,0,0,1,0,0,0,1,0,0,1,0,0,0,1,0,0.48154658,0
1525,0,Monthly,App,Apple,United States of America,3.0,Intermediate,Unknown,6,iOS,Apple,Apple,"Iphone17,1",0.0,1,0,0.0,13.916666667,0,0,1,0,0,0,0,0,0,0,0,0,0,0,0,0,0,0,0,0,0,0,0,0,0,0,0,0,0,0,0,0,0,0,0,0.5839753,1
1526,0,Monthly,App,Apple,United States of America,3.0,Beginner,lose weight and tone,6,iOS,Apple,Apple,"Iphone15,4",280.0,3,3,0.6185333333,24.988888889,0,1,1,0,0,0,0,0,0,0,0,0,0,0,0,0,1,0,0,0,0,0,0,0,0,0,1,0,0,0,1,0,0,0,0,0.62650913,1
1528,0,Monthly,Web,App to Web,United States of America,3.0,Intermediate,lose weight and tone,2,iOS,Apple,Apple,"Iphone16,1",0.0,0,0,0.0,0.0,0,0,1,0,0,0,0,0,0,0,0,0,1,0,0,0,0,0,0,0,0,0,0,0,0,0,1,0,0,0,0,0,0,0,0,0.4784657,0
1530,0,Monthly,Web,Stripe,United States of America,2.0,Beginner,lose weight and tone,6,iOS,Apple,Apple,"Iphone15,2",0.0,3,3,0.6628333333,31.688888889,0,0,1,0,0,0,0,0,0,0,0,0,0,0,0,0,0,0,0,0,0,1,0,0,0,0,1,0,0,0,0,1,0,0,0,0.50636494,1
1532,0,Monthly,Web,Stripe,United Kingdom,3.0,Beginner,Start my fitness journey,2,iOS,Apple,Apple,"Iphone13,4",0.0,1,0,0.0,13.916666667,0,0,1,1,0,0,1,0,0,0,0,0,1,0,1,1,0,0,0,0,0,0,0,0,0,0,1,0,0,0,0,1,0,0,1,0.5122334,1
1534,0,Monthly,App,Apple,Italy,3.0,Beginner,lose weight and tone,6,iOS,Apple,Apple,"Iphone14,7",0.0,0,0,0.0,0.0,0,0,1,0,0,0,0,0,0,0,0,0,0,0,1,1,0,0,1,0,0,0,0,0,0,0,1,0,0,1,0,0,0,0,1,0.5217574,1
1536,0,Monthly,App,Apple,United States of America,3.0,Beginner,lose weight and tone,2,iOS,Apple,Apple,"Iphone16,1",0.0,0,0,0.0,0.0,0,1,1,0,0,0,0,0,0,0,0,0,0,0,0,0,0,0,0,1,0,0,1,0,0,0,1,0,0,0,0,0,0,1,0,0.5910268,1
1541,0,Monthly,Web,Stripe,Italy,2.0,Beginner,lose weight and tone,3.14.0,Android,Samsung,Samsung,Sm-P613,0.0,4,4,0.999875,36.070833333,0,0,1,0,0,0,1,0,0,0,0,0,1,0,1,1,0,0,1,0,0,1,1,0,1,0,1,0,0,1,0,1,0,0,1,0.27477375,0
1542,0,Monthly,Web,Stripe,United States of America,3.0,Intermediate,lose weight and tone,2,iOS,Apple,Apple,"Iphone14,5",0.0,2,0,0.0,18.675,0,0,1,0,0,0,0,0,0,0,0,0,0,0,0,0,0,0,1,0,0,0,0,0,0,0,0,0,0,0,0,0,0,0,0,0.59045094,1
1543,0,Monthly,Web,Stripe,United States of America,3.0,Intermediate,reduce stress,2,iOS,Apple,Apple,"Iphone17,4",0.0,1,1,0.499,49.966666667,0,0,1,1,0,0,1,0,0,0,0,0,1,0,1,0,0,0,1,0,0,1,1,0,0,0,1,0,0,1,0,1,0,1,1,0.5305741,1
1544,0,Monthly,App,Apple,United States of America,5.0,Advanced,lose weight and tone,6,iOS,Apple,Apple,"Iphone15,2",0.0,2,0,0.0,23.141666667,0,0,1,1,0,0,1,0,0,0,0,0,0,0,1,0,0,0,0,0,0,0,0,0,1,0,0,0,0,1,0,1,0,0,0,0.6009102,1
1546,0,Monthly,Web,Stripe,Canada,3.0,Beginner,lose weight and tone,2,iOS,Apple,Apple,"Iphone16,2",0.0,40,29,0.8913862069,32.362935323,0,0,1,1,0,0,1,0,0,0,0,0,1,0,1,1,0,1,1,1,0,0,1,0,0,0,1,0,0,1,0,1,0,1,1,0.19050373,0
1547,0,Monthly,Web,Stripe,Australia,3.0,Beginner,lose weight and tone,3.13.1,Android,Samsung,Samsung,Sm-S911b,,7,5,0.40898,31.975,0,0,1,0,0,0,0,0,0,0,0,0,0,0,0,0,0,0,1,0,0,1,1,0,0,0,1,0,0,0,0,0,0,0,0,0.47335184,0
1549,0,Monthly,Web,Stripe,United States of America,,Intermediate,lose weight and tone,3.13.1,Android,Samsung,Samsung,Sm-S928u,0.0,2,1,0.0,13.333333333,0,0,1,0,0,0,1,0,0,0,0,0,0,0,0,1,0,0,0,1,0,1,0,0,0,0,1,0,0,1,0,1,0,1,0,0.59519386,1
1551,0,Monthly,Web,Stripe,Italy,3.0,Beginner,Have some fun,3.13.1,Android,Samsung,Samsung,Sm-S921b,0.0,1,1,1.0,13.916666667,0,1,0,0,0,0,1,0,0,0,0,0,0,0,1,0,0,0,0,0,0,0,0,0,1,0,1,0,0,0,0,1,0,0,0,0.50103843,1
1556,0,Monthly,App,App to Web,United States of America,3.0,Beginner,lose weight and tone,2,iOS,Apple,Apple,"Iphone13,2",0.0,1,1,0.9988,13.916666667,0,0,1,0,0,0,0,0,0,0,0,0,0,1,0,0,1,0,1,0,0,0,0,0,0,0,1,1,0,0,0,0,0,0,0,0.57498777,1
1558,0,Monthly,Web,App to Web,United States of America,3.0,Beginner,lose weight and tone,6,iOS,Apple,Apple,"Iphone17,1",0.0,0,0,0.0,0.0,0,0,1,0,0,0,1,0,0,0,0,0,0,0,0,0,0,0,0,0,0,1,1,0,1,0,0,0,0,1,0,1,0,0,0,0.43770754,0
1562,0,Monthly,App,Apple,Germany,3.0,Advanced,lose weight and tone,6,iOS,Apple,Apple,"Iphone17,4",,0,0,0.0,0.0,1,0,0,0,1,0,1,0,0,0,0,0,0,0,0,0,0,1,1,0,1,1,1,0,1,0,0,1,1,1,0,1,0,0,0,0.5249209,1
1570,0,Monthly,Web,Stripe,United States of America,4.0,Intermediate,Start my fitness journey,6,iOS,Apple,Apple,"Iphone14,5",,0,0,0.0,0.0,1,0,1,1,0,0,1,0,0,0,0,0,1,0,1,0,0,1,1,1,0,0,0,0,1,0,1,0,0,1,0,1,0,0,1,0.4157314,0
1576,0,Monthly,Web,App to Web,United States of America,3.0,Beginner,lose weight and tone,2,iOS,Apple,Apple,"Iphone15,2",534.0,0,0,0.0,0.0,0,1,0,0,0,1,0,0,0,0,0,0,0,0,0,0,1,1,0,0,0,1,0,0,1,0,1,1,1,1,0,0,0,0,0,0.48334014,0
1577,0,Monthly,App,Apple,Switzerland,4.0,Intermediate,lose weight and tone,6,iOS,Apple,Apple,"Iphone14,5",316.0,17,12,0.845825,32.112068966,0,0,1,0,1,1,1,1,0,1,1,1,0,1,0,0,1,1,1,0,1,1,1,1,1,1,1,1,1,1,1,1,1,0,0,0.29395413,0
1580,0,Monthly,Web,Stripe,United States of America,7.0,Beginner,Have some fun,2,iOS,Apple,Apple,"Iphone15,5",0.0,2,2,0.11655,31.925,0,1,0,1,0,0,0,0,0,0,0,0,0,0,1,0,0,0,1,1,0,0,1,0,0,0,1,0,0,0,0,0,0,0,0,0.6320163,1
1585,0,Monthly,App,Apple,Italy,5.0,Intermediate,reduce stress,2,iOS,Apple,Apple,"Iphone15,2",45.0,18,8,0.774775,23.251923077,0,0,1,1,0,0,1,0,0,0,0,0,1,0,1,0,0,0,0,0,0,1,0,0,1,0,1,0,0,1,0,0,0,0,1,0.48011327,0
1589,0,Monthly,App,Google,Germany,,Beginner,lose weight and tone,3.13.1,Android,Samsung,Samsung,Sm-S931b,0.0,0,0,0.0,0.0,0,0,1,0,0,0,0,0,0,0,0,0,0,0,1,1,0,0,1,0,0,0,0,0,0,0,1,0,0,1,0,1,0,0,0,0.64900875,1
1592,0,Monthly,Web,Stripe,United States of America,4.0,Intermediate,lose weight and tone,2,iOS,Apple,Apple,"Iphone13,3",316.0,5,3,0.1943,31.270833333,0,1,1,1,0,0,1,0,0,0,0,0,0,0,0,0,0,1,0,0,0,0,0,0,1,0,0,0,0,0,0,1,0,0,1,0.5515751,1
1594,0,Monthly,Web,App to Web,United States of America,4.0,Beginner,Start my fitness journey,6,iOS,Apple,Apple,"Iphone14,5",0.0,2,2,0.9967,33.3,0,1,1,1,0,0,1,0,0,0,0,0,1,0,1,1,0,1,1,1,0,1,1,0,1,0,1,0,0,1,0,1,0,1,1,0.43944198,0
1602,0,Monthly,App,Apple,United States of America,4.0,Beginner,lose weight and tone,2,iOS,Apple,Apple,"Iphone14,3",0.0,0,0,0.0,0.0,1,0,0,0,0,0,0,0,0,0,0,0,0,0,0,0,0,0,0,1,0,0,0,0,0,0,0,0,0,1,0,1,0,1,0,0.58901924,1
1603,7,Monthly,App,Apple,United Kingdom,3.0,Intermediate,lose weight and tone,2,iOS,Apple,Apple,"Iphone13,4",503.0,0,0,0.0,0.0,0,0,1,0,1,0,1,1,0,1,0,1,0,0,0,0,0,0,1,0,0,1,1,0,0,0,1,0,0,0,0,0,0,0,0,0.606573,1
1610,0,Monthly,App,Google,Brazil,2.0,Beginner,lose weight and tone,3.13.1,Android,Samsung,Samsung,Sm-A166m,82.0,5,2,0.78795,31.176190476,0,0,1,0,0,0,0,0,0,0,0,0,1,0,1,0,0,0,0,0,0,0,0,0,0,0,0,0,0,0,0,1,0,0,0,0.5655695,1
1613,0,Monthly,App,Google,United States of America,,Intermediate,Start my fitness journey,3.14.0,Android,Samsung,Samsung,Sm-G973u,0.0,0,0,0.0,0.0,0,0,1,1,0,0,1,0,0,0,0,0,1,0,1,1,0,1,1,1,0,1,1,0,1,0,1,0,0,1,0,1,0,1,1,0.50965863,1
1615,0,Monthly,App,Apple,United States of America,3.0,Beginner,lose weight and tone,2,iOS,Apple,Apple,"Iphone17,2",5.0,0,0,0.0,0.0,0,1,0,0,0,0,0,0,0,0,0,0,0,0,0,0,0,0,0,0,0,0,0,0,0,0,1,0,0,0,0,0,0,0,0,0.60006195,1
1616,0,Monthly,Web,Stripe,United States of America,3.0,Beginner,lose weight and tone,2,iOS,Apple,Apple,"Ipad11,3",0.0,2,1,0.9987,12.416666667,0,0,1,0,0,0,0,0,0,0,0,0,0,0,1,0,0,0,0,0,0,1,0,0,0,0,1,0,0,1,0,0,0,1,0,0.5253514,1
1618,0,Monthly,Web,Stripe,United States of America,3.0,Beginner,lose weight and tone,3.13.1,Android,Samsung,Samsung,Sm-S908u,0.0,2,0,0.0,23.016666667,0,1,0,0,0,0,0,0,0,0,0,0,1,0,1,0,0,0,0,0,0,1,0,0,0,0,0,0,0,0,0,0,0,0,0,0.6332964,1
1622,0,Monthly,Web,Stripe,United States of America,3.0,Beginner,Start my fitness journey,3.14.0,Android,Samsung,Samsung,Sm-S938u,0.0,0,0,0.0,0.0,0,1,0,0,0,0,0,0,0,0,0,0,0,0,0,0,0,1,1,0,0,0,0,0,1,0,0,0,0,0,0,1,0,0,0,0.4050879,0
1623,0,Monthly,Web,App to Web,United States of America,3.0,Beginner,lose weight and tone,6,iOS,Apple,Apple,"Iphone16,2",70.0,0,0,0.0,0.0,0,0,1,1,0,0,0,0,0,0,0,0,1,0,1,0,0,0,0,0,0,0,0,0,0,0,1,0,0,0,0,1,0,0,1,0.46569595,0
1625,0,Monthly,App,Google,Germany,7.0,Beginner,lose weight and tone,3.13.1,Android,Samsung,Samsung,Sm-S928b,0.0,0,0,0.0,0.0,0,0,1,1,0,0,1,0,0,0,0,0,1,0,1,0,0,0,1,1,0,0,0,0,0,0,1,0,0,0,0,0,0,0,1,0.6546161,1
1626,0,Monthly,Web,Stripe,United States of America,4.0,Intermediate,reduce stress,3.13.1,Android,Samsung,Samsung,Sm-S146vl,253.0,0,0,0.0,0.0,0,0,1,0,0,1,0,0,0,0,0,0,0,0,0,0,0,0,0,0,0,0,0,0,0,0,1,0,0,0,1,1,0,0,0,0.57036525,1
1631,0,Monthly,Web,App to Web,United States of America,5.0,Beginner,lose weight and tone,6,iOS,Apple,Apple,"Iphone12,1",0.0,3,3,0.2797,11.383333333,0,1,0,0,0,0,0,0,0,0,0,0,0,0,0,0,0,0,0,0,0,1,0,0,0,0,0,0,0,0,0,0,0,0,0,0.6186072,1
1633,0,Monthly,App,Apple,Canada,3.0,Advanced,lose weight and tone,2,iOS,Apple,Apple,"Iphone14,7",0.0,8,4,0.754475,50.6625,1,0,0,1,0,0,1,0,0,0,0,0,1,0,1,0,0,1,1,0,0,1,0,0,1,0,1,0,0,1,0,1,0,0,1,0.4272232,0
1635,0,Monthly,Web,Stripe,United States of America,4.0,Beginner,Start my fitness journey,2,iOS,Apple,Apple,"Iphone16,2",0.0,0,0,0.0,0.0,0,1,0,0,0,0,0,0,0,0,0,0,0,0,0,0,0,0,0,1,0,1,1,0,0,0,1,0,0,0,0,0,0,1,1,0.51963866,1
1636,0,Monthly,Web,App to Web,United States of America,3.0,Beginner,lose weight and tone,2,iOS,Apple,Apple,"Iphone17,4",1.0,3,2,0.9998,36.5,0,0,1,0,0,0,0,0,0,0,0,0,0,0,0,0,0,0,0,0,0,0,0,0,1,0,0,0,0,0,0,1,0,0,0,0.37804717,0
1643,0,Monthly,Web,Stripe,United States of America,3.0,Beginner,lose weight and tone,6,iOS,Apple,Apple,"Iphone14,7",0.0,1,1,1.0,28.716666667,0,0,1,0,0,0,0,0,0,0,0,0,0,0,0,0,0,0,0,1,0,0,1,0,0,0,1,0,0,0,0,0,0,0,0,0.47828075,0
1644,0,Monthly,Web,Stripe,United States of America,3.0,Intermediate,lose weight and tone,6,iOS,Apple,Apple,"Iphone14,2",0.0,2,1,0.9997,43.311111111,0,0,1,0,0,0,1,0,0,0,0,0,1,0,1,1,0,1,1,1,0,1,1,0,1,0,1,0,0,1,0,1,0,0,0,0.4005939,0
1645,0,Monthly,Web,Stripe,United States of America,5.0,Beginner,lose weight and tone,2,iOS,Apple,Apple,"Iphone15,4",0.0,3,3,0.9906666667,20.766666667,1,1,1,0,0,0,0,0,0,0,0,0,0,0,0,0,0,0,0,0,0,1,0,0,0,0,1,0,0,0,0,0,0,0,0,0.53255546,1
1647,0,Monthly,App,Google,United States of America,5.0,Beginner,lose weight and tone,3.13.1,Android,Samsung,Samsung,Sm-S938u,0.0,0,0,0.0,0.0,1,0,1,0,0,0,0,0,0,0,0,0,1,0,1,0,0,0,0,0,0,1,0,0,1,0,1,0,0,0,0,1,0,1,0,0.61932486,1
1648,0,Monthly,Web,App to Web,United States of America,5.0,Intermediate,lose weight and tone,6,iOS,Apple,Apple,"Iphone13,2",0.0,4,4,0.96525,26.4875,0,0,1,0,0,0,0,0,0,0,0,0,0,0,0,0,0,0,0,0,0,0,0,0,0,0,1,0,0,0,0,0,0,0,0,0.4621684,0
1649,0,Monthly,Web,App to Web,United States of America,7.0,Intermediate,lose weight and tone,2,iOS,Apple,Apple,"Iphone14,3",0.0,0,0,0.0,0.0,0,0,1,0,0,0,0,0,0,0,0,0,0,0,0,0,0,0,0,0,0,0,0,0,0,0,0,0,0,0,0,0,0,0,0,0.46295258,0
1650,0,Monthly,App,Apple,United Kingdom,2.0,Intermediate,Have some fun,2,iOS,Apple,Apple,"Iphone13,2",0.0,4,2,1.0,22.344444444,1,0,0,1,0,0,1,0,0,0,0,0,1,0,1,0,0,1,1,0,0,1,1,0,1,0,1,0,0,1,0,1,0,1,1,0.45049083,0
1654,0,Monthly,Web,Stripe,United States of America,7.0,Intermediate,lose weight and tone,2,iOS,Apple,Apple,"Iphone17,4",0.0,1,1,0.9984,20.55,1,0,0,0,0,0,0,0,0,0,0,0,0,0,0,0,0,0,0,0,0,0,0,0,0,0,1,0,0,0,0,0,0,0,0,0.5566129,1
1657,0,Monthly,Web,Stripe,United States of America,2.0,Beginner,lose weight and tone,6,iOS,Apple,Apple,"Iphone14,7",605.0,13,2,0.4992,20.257777778,0,1,1,0,0,0,0,0,0,0,0,0,0,0,0,0,1,0,0,0,0,0,0,0,0,0,1,0,0,0,1,1,0,0,0,0.5742629,1
1660,0,Monthly,Web,Stripe,United States of America,5.0,Beginner,lose weight and tone,2,iOS,Apple,Apple,"Iphone17,3",0.0,0,0,0.0,0.0,1,0,0,0,0,0,0,0,0,0,0,0,0,0,1,1,0,0,0,0,0,0,0,0,1,0,1,0,0,1,0,1,0,0,1,0.47459772,0
1662,0,Monthly,Web,Stripe,Italy,,Intermediate,lose weight and tone,2,iOS,Apple,Apple,"Iphone17,3",0.0,7,2,0.0,13.333333333,0,0,1,0,0,0,1,0,0,0,0,0,0,0,1,0,0,0,1,0,0,0,1,0,0,0,1,0,0,0,0,0,0,1,0,0.55191225,1
1663,0,Monthly,App,Apple,United States of America,3.0,Intermediate,lose weight and tone,6,iOS,Apple,Apple,"Iphone15,4",1.0,2,0,0.0,26.316666667,1,0,0,0,0,0,0,0,0,0,0,0,0,0,0,0,0,0,0,0,0,1,0,0,0,0,1,0,0,1,0,1,0,0,0,0.6276564,1
1665,0,Monthly,Web,App to Web,United States of America,4.0,Beginner,lose weight and tone,2,iOS,Apple,Apple,"Iphone17,1",8.0,7,5,0.59976,17.270833333,1,1,1,0,0,0,0,0,0,0,0,0,0,0,0,0,0,0,1,0,0,0,0,0,0,0,1,0,0,0,0,0,0,1,0,0.5861546,1
1666,0,Monthly,Web,Stripe,United States of America,3.0,Intermediate,Have some fun,6,iOS,Apple,Apple,"Iphone15,5",0.0,7,0,0.0,39.426190476,1,0,0,1,0,0,1,0,0,0,0,0,0,0,1,0,0,1,0,0,0,0,0,0,1,0,0,0,0,1,0,1,0,0,0,0.59948,1
1668,0,Monthly,Web,Stripe,United States of America,3.0,Intermediate,lose weight and tone,3.14.0,Android,Samsung,Samsung,Sm-S901u,0.0,0,0,0.0,0.0,0,1,1,0,0,0,0,0,0,0,0,0,0,0,1,1,0,0,0,0,0,1,1,0,0,0,1,0,0,0,0,0,0,1,0,0.46964818,0
1671,0,Monthly,App,Google,Turkey,,Beginner,lose weight and tone,3.13.1,Android,Samsung,Samsung,Sm-S918b,132.0,0,0,0.0,0.0,0,1,1,0,0,0,0,1,0,0,1,0,0,0,0,0,1,0,0,0,0,0,0,0,0,0,1,1,0,0,0,1,0,0,1,0.60259724,1
1672,0,Monthly,Web,Stripe,United States of America,3.0,Beginner,Start my fitness journey,3.13.1,Android,Samsung,Samsung,Sm-S926u,0.0,1,1,0.9988,13.916666667,0,1,0,1,0,0,0,0,0,0,0,0,1,0,1,0,0,0,1,1,0,1,1,0,0,0,1,0,0,1,0,0,0,1,0,0.5290717,1
1674,0,Monthly,App,Apple,Korea (the Republic of),4.0,Beginner,Unknown,2,iOS,Apple,Apple,"Iphone17,1",0.0,1,0,0.0,49.966666667,0,0,1,1,0,0,1,0,0,0,0,0,1,0,1,1,0,1,1,1,0,1,1,0,1,0,1,0,0,1,0,1,0,1,1,0.5555481,1
1675,0,Monthly,App,Apple,United States of America,4.0,Intermediate,lose weight and tone,2,iOS,Apple,Apple,"Iphone17,1",0.0,0,0,0.0,0.0,1,1,1,1,0,0,1,0,0,0,0,0,1,0,1,1,0,1,1,1,0,1,1,0,1,0,1,0,0,1,0,1,0,1,1,0.5357828,1
1676,0,Monthly,App,Apple,Italy,3.0,Intermediate,lose weight and tone,2,iOS,Apple,Apple,"Iphone17,2",0.0,5,3,0.2708,45.8875,1,0,1,0,0,0,1,0,0,0,0,0,1,0,1,0,0,1,1,0,0,1,1,0,1,0,0,0,0,0,0,1,0,0,0,0.49401793,0
1679,0,Monthly,Web,App to Web,United States of America,7.0,Beginner,lose weight and tone,3,iOS,Apple,Apple,"Iphone14,7",0.0,4,3,0.6899666667,23.107142857,1,0,0,0,0,0,0,0,0,0,0,0,0,0,0,0,0,0,0,0,0,0,0,0,0,0,0,0,0,0,0,0,0,0,0,0.5835901,1
1680,0,Monthly,App,Google,United States of America,5.0,Intermediate,lose weight and tone,3.13.1,Android,Samsung,Samsung,Sm-G996u,0.0,21,0,0.0,31.091269841,1,1,1,0,0,0,0,0,0,0,0,0,0,0,0,0,0,0,1,0,0,1,1,0,0,0,0,0,0,0,0,0,0,0,1,0.7229146,1
1682,0,Monthly,App,Apple,Canada,4.0,Intermediate,lose weight and tone,6,iOS,Apple,Apple,"Iphone17,3",0.0,2,0,0.0,20.616666667,0,1,0,0,0,0,0,0,0,0,0,0,0,0,0,0,0,0,1,0,0,0,0,0,0,0,0,0,0,0,0,0,0,0,0,0.61326957,1
1685,0,Monthly,App,Apple,United States of America,4.0,Advanced,lose weight and tone,2,iOS,Apple,Apple,"Iphone15,3",0.0,5,3,0.7124666667,25.452083333,0,0,1,0,0,0,1,0,0,0,0,0,0,0,0,0,0,0,1,0,0,1,0,0,1,0,1,0,0,1,0,1,0,0,0,0.5390272,1
1687,0,Monthly,Web,App to Web,United States of America,5.0,Advanced,lose weight and tone,2,iOS,Apple,Apple,"Iphone14,5",0.0,0,0,0.0,0.0,1,0,0,0,0,0,1,0,0,0,0,0,0,0,0,0,0,1,0,0,0,0,0,0,1,0,0,0,0,1,0,1,0,0,0,0.43950313,0
1688,0,Monthly,Web,Stripe,United States of America,3.0,Intermediate,Have some fun,2,iOS,Apple,Apple,"Iphone16,2",0.0,12,3,0.1245,41.943333333,0,0,1,0,0,0,1,0,0,0,0,0,0,0,0,0,0,1,0,0,0,0,0,0,1,0,0,0,0,1,0,0,0,0,0,0.5407479,1
1690,0,Monthly,App,Apple,Indonesia,4.0,Beginner,lose weight and tone,2,iOS,Apple,Apple,"Iphone13,3",0.0,6,1,1.0,43.395238095,0,0,1,0,0,0,0,0,0,0,0,0,0,0,0,0,0,0,0,0,0,0,0,0,0,0,1,0,0,0,0,0,0,0,0,0.541345,1
1691,0,Monthly,App,Google,United Kingdom,,Beginner,lose weight and tone,3.13.1,Android,Samsung,Samsung,Sm-S926b,0.0,0,0,0.0,0.0,0,0,1,0,0,0,0,0,0,0,0,0,0,0,0,0,0,0,1,0,0,1,0,0,0,0,1,0,0,0,0,0,0,0,0,0.65058196,1
1692,7,Monthly,Web,Stripe,United States of America,3.0,Beginner,Start my fitness journey,2,iOS,Apple,Apple,"Iphone17,3",7.0,0,0,0.0,0.0,0,0,1,0,0,0,0,0,0,0,0,0,0,0,0,0,0,0,0,0,0,1,0,0,1,0,1,0,0,0,0,1,0,1,0,0.47876608,0
1693,0,Monthly,App,Google,Belgium,4.0,Beginner,lose weight and tone,3.14.0,Android,Samsung,Samsung,Sm-A346b,0.0,2,1,0.9976,13.916666667,0,1,0,1,0,0,1,0,0,0,0,0,1,0,1,1,0,0,0,0,0,0,0,0,1,0,0,0,0,1,0,0,0,0,1,0.55754626,1
1696,7,Monthly,App,Apple,United States of America,5.0,Intermediate,lose weight and tone,2,iOS,Apple,Apple,"Iphone14,7",191.0,2,1,1.0,25.822222222,0,0,1,1,0,0,1,0,0,0,0,0,1,0,1,1,0,1,1,1,0,1,1,0,1,0,0,0,0,1,0,1,0,1,1,0.5846836,1
1699,0,Monthly,Web,Stripe,Denmark,3.0,Intermediate,reduce stress,3.14.0,Android,Oneplus,Oneplus,Cph2399,0.0,1,0,0.0,13.916666667,0,1,0,0,0,0,1,0,0,0,0,0,1,0,1,1,0,0,0,0,0,0,0,0,1,0,0,0,0,1,0,1,0,0,1,0.4512676,0
1701,0,Monthly,App,Apple,United States of America,3.0,Beginner,lose weight and tone,2,iOS,Apple,Apple,"Iphone14,2",0.0,0,0,0.0,0.0,0,0,1,0,0,0,0,0,0,0,0,0,0,0,1,1,0,0,1,0,0,1,1,0,0,0,1,0,0,0,0,0,0,1,0,0.568778,1
1704,0,Monthly,Web,Stripe,United States of America,3.0,Intermediate,lose weight and tone,2,iOS,Apple,Apple,"Iphone16,1",0.0,3,0,0.0,21.955555556,0,1,1,0,0,0,0,0,0,0,0,0,0,0,0,0,0,0,0,0,0,1,0,0,0,0,1,0,0,0,0,0,0,0,0,0.6211345,1
1706,0,Monthly,Web,Stripe,United States of America,4.0,Advanced,lose weight and tone,3.13.1,Android,Samsung,Samsung,Sm-S936u,0.0,7,1,0.2946,48.360416667,0,0,1,1,0,0,1,0,0,0,0,0,0,0,1,0,0,1,0,0,0,1,0,0,1,0,0,0,0,1,0,1,0,0,0,0.59322625,1
1709,0,Monthly,Web,Stripe,United States of America,3.0,Intermediate,lose weight and tone,3.14.0,Android,Google,Google,Pixel 10,0.0,0,0,0.0,0.0,0,0,1,0,0,0,0,0,0,0,0,0,0,0,1,0,0,0,0,0,0,0,0,0,0,0,1,0,0,1,0,0,0,0,1,0.44316694,0
1711,0,Monthly,Web,App to Web,United States of America,5.0,Advanced,lose weight and tone,2,iOS,Apple,Apple,"Iphone15,4",0.0,4,4,0.961075,26.2375,0,0,1,1,0,0,0,0,0,0,0,0,1,0,1,1,0,0,1,0,0,0,0,0,0,0,1,0,0,0,0,0,0,0,0,0.47067252,0
1715,0,Monthly,Web,Stripe,United Kingdom,3.0,Intermediate,lose weight and tone,6,iOS,Apple,Apple,"Iphone10,1",0.0,8,6,0.60425,36.796428571,1,0,1,0,0,0,1,0,0,0,0,0,0,0,0,0,0,0,1,0,0,0,0,0,0,0,1,0,0,0,0,1,0,0,0,0.44082204,0
1716,0,Monthly,Web,Stripe,Portugal,2.0,Intermediate,lose weight and tone,3.13.1,Android,Samsung,Samsung,Sm-A356b,,3,2,0.5,15.0,0,0,1,0,0,0,1,0,0,0,0,0,0,0,1,0,0,1,1,0,0,0,0,0,1,0,1,0,0,1,0,1,0,0,1,0.5912165,1
1719,0,Monthly,App,Google,France,4.0,Beginner,lose weight and tone,3.13.1,Android,Xiaomi,Xiaomi,2406apnfag,0.0,1,0,0.0,20.55,0,0,1,1,0,0,1,0,0,0,0,0,1,0,1,0,0,1,0,0,0,1,1,0,0,0,0,0,0,1,0,1,0,0,1,0.60545534,1
1720,0,Monthly,Web,App to Web,United States of America,4.0,Beginner,lose weight and tone,2,iOS,Apple,Apple,"Iphone15,4",0.0,10,4,0.0,10.445238095,0,0,1,0,0,0,1,0,0,0,0,0,0,0,0,0,0,1,1,0,0,1,0,0,0,0,1,0,0,1,0,1,0,0,0,0.5238077,1
1722,0,Monthly,App,Apple,United States of America,3.0,Beginner,Start my fitness journey,2,iOS,Apple,Apple,"Iphone17,2",0.0,1,0,0.0,13.916666667,0,0,1,1,0,0,0,0,0,0,0,0,1,0,1,0,0,0,0,0,0,1,0,0,0,0,1,0,0,1,0,0,0,0,1,0.62548685,1
1723,7,Monthly,App,Apple,United States of America,3.0,Beginner,lose weight and tone,2,iOS,Apple,Apple,"Iphone15,5",38.0,0,0,0.0,0.0,0,0,1,0,0,0,1,0,0,0,0,0,0,0,0,0,0,1,0,0,0,0,0,0,1,0,1,0,0,1,0,0,0,0,1,0.6238928,1
1724,0,Monthly,App,Apple,United States of America,3.0,Beginner,Start my fitness journey,6,iOS,Apple,Apple,"Iphone16,2",2.0,0,0,0.0,0.0,1,0,0,1,0,0,1,0,0,0,0,0,1,0,1,1,0,1,1,1,0,1,1,0,1,0,1,0,0,1,0,1,0,1,1,0.5025839,1
1729,0,Monthly,Web,Stripe,France,2.0,Beginner,Have some fun,3.13.1,Android,Motorola,Motorola,Moto G54 5g,0.0,7,6,0.5682166667,25.757692308,0,0,1,0,0,0,0,0,0,0,0,0,1,0,1,0,0,0,0,0,0,0,0,0,0,0,0,0,0,1,0,1,0,0,0,0.46492508,0
1731,0,Monthly,Web,Stripe,Germany,2.0,Beginner,Start my fitness journey,6,iOS,Apple,Apple,"Iphone17,1",0.0,3,2,0.0,7.236666667,0,0,1,0,0,0,1,0,0,0,0,0,1,0,1,0,0,0,1,1,0,0,1,0,0,0,1,0,0,0,0,0,0,0,0,0.58064944,1
1736,0,Monthly,App,Google,United States of America,,Beginner,Have some fun,3.13.1,Android,Samsung,Samsung,Sm-A166u,0.0,6,4,0.2321,36.205,0,1,1,0,0,0,0,0,0,0,0,0,0,0,0,0,0,0,0,0,0,1,1,0,0,0,1,0,0,0,0,0,0,0,0,0.7603473,1
1737,0,Monthly,App,Google,Italy,,Beginner,Unknown,3.14.0,Android,Xiaomi,Redmi,23108rn04y,0.0,6,6,0.4999166667,13.580555556,0,0,1,0,0,0,0,0,0,0,0,0,0,0,0,0,0,0,0,0,0,0,0,0,0,0,0,0,0,0,0,0,0,0,0,0.5723931,1
1743,0,Monthly,Web,Stripe,United States of America,3.0,Beginner,lose weight and tone,2,iOS,Apple,Apple,"Iphone14,5",338.0,0,0,0.0,0.0,0,1,0,0,0,0,1,0,0,0,0,0,0,0,0,0,0,1,1,0,1,0,0,0,1,0,0,0,0,0,0,1,0,0,0,0.48881972,0
1745,0,Monthly,Web,Stripe,United States of America,3.0,Beginner,lose weight and tone,3.13.1,Android,Samsung,Samsung,Sm-A546u,0.0,0,0,0.0,0.0,0,0,1,0,0,0,0,0,0,0,0,0,0,0,0,0,0,0,0,0,0,0,0,0,0,0,0,0,0,0,0,0,0,0,0,0.52266175,1
1748,0,Monthly,Web,Stripe,Dominican Republic,5.0,Intermediate,lose weight and tone,2,iOS,Apple,Apple,"Iphone14,2",0.0,3,0,0.0,51.466666667,1,0,0,0,0,0,1,0,0,0,0,0,0,0,1,0,0,1,0,0,0,0,0,0,1,0,1,0,0,1,0,1,0,0,0,0.47442868,0
1750,0,Monthly,App,Google,United States of America,4.0,Intermediate,lose weight and tone,3.14.0,Android,Samsung,Samsung,Sm-G996u,5.0,2,1,0.1371,18.338888889,0,0,1,1,0,0,0,0,0,0,0,0,1,0,1,0,0,0,0,0,0,0,0,0,0,0,0,0,0,0,0,0,0,0,0,0.6859123,1
1751,0,Monthly,App,App to Web,United States of America,3.0,Intermediate,Start my fitness journey,2,iOS,Apple,Apple,"Iphone12,8",189.0,6,4,0.326475,39.693333333,1,1,1,1,1,0,1,0,0,0,0,0,1,0,0,0,0,0,0,0,0,0,0,0,1,0,0,0,0,0,0,1,0,0,0,0.56038934,1
1753,0,Monthly,Web,App to Web,United States of America,3.0,Intermediate,lose weight and tone,2,iOS,Apple,Apple,"Iphone15,4",17.0,0,0,0.0,0.0,1,0,1,1,0,0,1,0,0,0,0,0,1,0,1,0,0,1,1,0,0,1,0,0,1,0,1,0,0,1,0,1,0,0,1,0.4334901,0
1755,0,Monthly,Web,App to Web,United States of America,3.0,Beginner,Have some fun,2,iOS,Apple,Apple,"Iphone17,1",0.0,6,2,0.0834,32.414583333,0,0,1,0,0,0,0,0,0,0,0,0,0,0,0,0,0,0,1,0,0,1,0,0,1,0,1,0,0,0,0,1,0,0,0,0.56793976,1
1757,0,Monthly,App,Apple,United States of America,3.0,Beginner,lose weight and tone,6,iOS,Apple,Apple,"Iphone17,5",0.0,0,0,0.0,0.0,0,0,1,0,0,0,0,0,0,0,0,0,0,0,0,0,0,0,0,0,0,0,0,0,0,0,0,0,0,0,0,0,0,0,0,0.5590408,1
1762,0,Monthly,App,Apple,United Kingdom,2.0,Intermediate,Start my fitness journey,2,iOS,Apple,Apple,"Iphone17,3",0.0,1,0,0.0,20.55,0,0,1,0,0,0,0,0,0,0,0,0,0,0,0,0,0,0,0,0,0,0,0,0,0,0,1,0,0,0,0,0,0,0,0,0.61728907,1
1764,0,Monthly,Web,Stripe,United States of America,3.0,Beginner,Start my fitness journey,2,iOS,Apple,Apple,"Iphone12,1",0.0,2,2,0.33165,31.883333333,0,0,1,0,0,0,0,0,0,0,0,0,1,0,0,1,0,1,0,1,0,0,1,0,1,0,1,0,0,0,0,1,0,1,0,0.5150874,1
1765,0,Monthly,Web,Stripe,United Kingdom,3.0,Beginner,lose weight and tone,2,iOS,Apple,Apple,"Iphone15,4",528.0,10,7,0.7134428571,22.102941176,1,0,0,0,0,0,0,1,0,0,0,1,0,1,0,0,1,0,1,0,0,0,0,0,1,0,1,0,0,0,1,1,0,0,0,0.4879658,0
1766,0,Monthly,Web,Stripe,France,2.0,Advanced,lose weight and tone,2,iOS,Apple,Apple,"Iphone17,3",0.0,3,3,0.9988,23.533333333,1,0,0,0,0,0,0,0,0,0,0,0,1,0,1,0,0,0,0,1,0,0,0,0,1,0,1,0,0,1,0,1,0,1,1,0.4330915,0
1768,0,Monthly,App,Google,United Kingdom,,Beginner,Start my fitness journey,3.13.1,Android,Google,Google,Pixel 8,0.0,2,2,0.3098,34.258333333,0,0,1,0,0,0,0,0,0,0,0,0,0,0,0,0,0,0,1,0,0,1,1,0,0,0,0,0,0,0,0,0,0,0,0,0.6787082,1
1772,0,Monthly,Web,App to Web,United States of America,3.0,Intermediate,Have some fun,2,iOS,Apple,Apple,"Iphone17,1",2.0,4,2,0.60805,30.847222222,0,0,1,1,0,0,1,0,0,0,0,0,1,0,1,0,0,1,1,0,0,1,0,0,1,0,1,0,0,1,0,1,0,0,1,0.5028438,1
1773,0,Monthly,Web,Stripe,United Kingdom,3.0,Intermediate,lose weight and tone,3.13.1,Android,Samsung,Samsung,Sm-S911b,0.0,3,2,0.33305,16.783333333,0,0,1,0,0,0,0,0,0,0,0,0,0,0,0,1,0,0,1,0,0,0,0,0,0,0,1,0,0,0,0,1,0,0,1,0.6126557,1
1775,0,Monthly,App,Apple,United Kingdom,2.0,Intermediate,lose weight and tone,6,iOS,Apple,Apple,"Iphone15,4",0.0,4,3,0.9203666667,30.580952381,0,0,1,1,0,0,1,0,0,0,0,0,1,0,1,1,0,1,1,1,0,1,1,0,1,0,1,0,0,1,0,1,0,1,1,0.39514253,0
1783,0,Monthly,Web,Stripe,United States of America,3.0,Intermediate,lose weight and tone,3.14.0,Android,Samsung,Samsung,Sm-S928u,0.0,0,0,0.0,0.0,1,0,0,1,0,0,1,0,0,0,0,0,1,0,1,0,0,1,1,0,0,1,0,0,1,0,1,0,0,0,0,1,0,1,0,0.4024891,0
1784,0,Monthly,Web,Stripe,United Kingdom,3.0,Beginner,lose weight and tone,3.14.0,Android,Samsung,Samsung,Sm-A346b,2.0,4,1,0.2228,17.34,0,1,0,0,0,0,0,0,0,0,0,0,0,0,0,0,0,0,1,0,0,0,0,0,0,0,0,0,0,0,0,0,0,0,0,0.5942925,1
