USER_ID,SUBSCRIPTION_ID,NEW_PAID_SUBSCRIPTION_DATE,TRIAL_DURATION_DAYS,SUBSCRIPTION_TIER,SUBSCRIPTION_SOURCE,SUBSCRIPTION_PROVIDER,SUBSCRIPTION_AFFILIATE,AGE,GENDER_IDENTITY,COUNTRY,REGION_TYPE_LEVEL_1,REGION_TYPE_LEVEL_2,CLASS_FORMAT_PREFERENCE,CLASS_INTENSITY_PREFERENCE,CLASS_PER_WEEK_GOAL,DANCE_LEVEL_PREFERENCE,FITNESS_GOAL_PREFERENCE,MOTIVATING_FACTORS,MUSIC_PREFERENCE,APP_VERSION,DEVICE_OPERATING_SYSTEM,DEVICE_MANUFACTURER,DEVICE_BRAND,DEVICE_MODEL,APP_INSTALL_TO_PAID_SUBSCRIPTION_DAYS,NO_VIDEO_STARTED_30D,NO_VIDEO_WATCHED_30D,AVG_VIDEO_WATCHED_PERCENTAGE_30D,AVG_VIDEO_LENGTH_MIN_30D,PAID_SUBSCRIPTION_DURATION_DAYS,PAID_SUBSCRIPTION_CHURN_30D
4289552,99c48279-920f-4f45-92ee-bb071f910d7f,2025-11-22,7,Annual,Web,Stripe,,25-34,female,United States of America,"Canada, Great Britain & United States",North America,,"[
  ""Low"",
  ""Medium""
]",2,Beginner,,,"[
  ""Afro Rhythms"",
  ""Brazilian Rhythms"",
  ""Caribbean Rhythms"",
  ""Hip Hop"",
  ""Merengue"",
  ""Pop"",
  ""Reggaeton"",
  ""Salsa""
]",,iOS,,,,,0,0,0,0,1,1
3718818,a1fad2b3-f6bd-4feb-af42-c353e99acdae,2025-11-22,0,Monthly,App,Google,,45-54,female,Croatia,Rest of the World,Europe,,"[
  ""Medium""
]",5,Intermediate,lose weight and tone,,"[
  ""Afrobeats"",
  ""Bachata"",
  ""Belly Dance"",
  ""Bollywood"",
  ""Cumbia"",
  ""Disco"",
  ""Funk"",
  ""Merengue"",
  ""Pop"",
  ""Reggaeton"",
  ""Rock"",
  ""Salsa""
]",3.14.0,Android,Samsung,Samsung,Sm-S931b,0,0,0,0,0,1,1
3497934,2a15ec91-6c06-469b-8bca-372fde586138,2025-11-23,7,Annual,Web,Stripe,,35-44,female,Germany,Rest of the World,Europe,,"[
  ""Low""
]",3,Beginner,Start my fitness journey,,"[
  ""Bachata"",
  ""Bhangra"",
  ""Bollywood"",
  ""Cumbia"",
  ""Disco"",
  ""Merengue"",
  ""Reggaeton"",
  ""Salsa""
]",2.6.0,Android,Samsung,Samsung,Sm-S908b,340,0,0,0,0,0,1
4144248,2ceec5c8-c45c-488e-b528-d13fd164ff41,2025-11-23,0,Monthly,App,Apple,,35-44,female,Thailand,Rest of the World,APAC (excl. India),,"[
  ""High""
]",5,Advanced,lose weight and tone,,"[
  ""Afro Rhythms"",
  ""Hip Hop"",
  ""House"",
  ""Pop"",
  ""Reggaeton"",
  ""Techno""
]",2,iOS,Apple,Apple,"Iphone14,7",92,10,1,0.156,37.337878788,0,1
4275469,bf85fff3-5fe0-42aa-960c-c880d2e0f51b,2025-11-23,7,Annual,Web,Stripe,Rejoin,45-54,female,Finland,Rest of the World,Europe,,"[
  ""Medium""
]",4,Intermediate,reduce stress,,"[
  ""Bachata"",
  ""Brazilian Rhythms"",
  ""Caribbean Rhythms"",
  ""Cumbia"",
  ""Merengue"",
  ""Reggaeton"",
  ""Salsa""
]",6,iOS,Apple,Apple,"Iphone14,5",7,0,0,0,0,0,1
4290972,f28c88ad-3bd1-4548-a28e-2ad03cd35269,2025-11-22,7,Annual,Web,Stripe,,65+,female,United States of America,"Canada, Great Britain & United States",North America,,"[
  ""Medium""
]",3,Beginner,lose weight and tone,,"[
  ""Cumbia"",
  ""Disco"",
  ""Pop"",
  ""Salsa""
]",,iOS,,,,,0,0,0,0,1,1
4291689,859f42ee-9a04-4de5-9af2-ef6deb9e7afc,2025-11-23,7,Annual,Web,Stripe,,45-54,female,United Kingdom,"Canada, Great Britain & United States",Europe,,"[
  ""Medium""
]",3,Intermediate,lose weight and tone,,"[
  ""Disco"",
  ""House"",
  ""Pop"",
  ""Salsa""
]",6,iOS,Apple,Apple,"Iphone14,7",7,0,0,0,0,0,1
4150404,0854f4fd-3c03-4ef5-95dd-9196ced1fa54,2025-11-23,7,Annual,App,Google,,,,Austria,Rest of the World,Europe,,,,Advanced,,,"[
  ""Afro Rhythms"",
  ""Hip Hop"",
  ""House"",
  ""Pop""
]",3.13.1,Android,Google,Google,Pixel 7a,89,0,0,0,0,0,1
4283628,603b3166-6823-46cd-b6c7-424dd0ec00c7,2025-11-23,7,Annual,App,Google,,45-54,female,Spain,Rest of the World,Europe,,"[
  ""High""
]",4,Advanced,Have some fun,,"[
  ""Bachata"",
  ""Caribbean Rhythms"",
  ""Cumbia"",
  ""Disco"",
  ""Merengue"",
  ""Pop"",
  ""Reggaeton"",
  ""Salsa""
]",3.14.0,Android,Samsung,Samsung,Sm-G781b,12,0,0,0,0,0,1
3547092,10ad1a7c-a9c9-4c0b-bce7-876ae2cc0274,2025-11-23,0,Annual,Web,Stripe,,35-44,female,United States of America,"Canada, Great Britain & United States",North America,,"[
  ""High""
]",3,Beginner,lose weight and tone,,"[
  ""Afrobeats"",
  ""Funk"",
  ""Hip Hop"",
  ""Reggaeton""
]",6,iOS,Apple,Apple,"Iphone17,2",162,0,0,0,0,0,1
4292752,64c92562-a387-45b2-b9f7-1defb9014737,2025-11-23,7,Annual,App,Apple,,55-64,female,United States of America,"Canada, Great Britain & United States",North America,,,3,,lose weight and tone,,,2,iOS,Apple,Apple,"Iphone17,3",7,0,0,0,0,0,1
4222828,65f05b37-5613-4e5c-816c-afa96de67c29,2025-11-23,7,Annual,Web,Stripe,,55-64,female,United States of America,"Canada, Great Britain & United States",North America,,"[
  ""Medium""
]",3,Beginner,lose weight and tone,,"[
  ""Caribbean Rhythms"",
  ""Chill Out"",
  ""Pop"",
  ""World Rhythms""
]",2,iOS,Apple,Apple,"Iphone15,4",7,0,0,0,0,0,1
4303592,5c742967-3acf-450b-ac55-a1054a593d75,2025-11-23,0,Monthly,Web,App to Web,,45-54,female,United States of America,"Canada, Great Britain & United States",North America,,"[
  ""Medium"",
  ""High""
]",3,Beginner,Have some fun,,,6,iOS,Apple,Apple,"Iphone17,2",,1,1,0.9928,13.916666667,0,1
4289978,f4b2ca55-0d66-41fc-9feb-4bfa162352ed,2025-11-22,7,Annual,App,Apple,,35-44,female,United Kingdom,"Canada, Great Britain & United States",Europe,,"[
  ""Medium""
]",4,Intermediate,lose weight and tone,,"[
  ""Afro Rhythms"",
  ""Brazilian Rhythms"",
  ""Caribbean Rhythms"",
  ""Chill Out"",
  ""Disco"",
  ""Electronic"",
  ""Pop"",
  ""Reggaeton"",
  ""Salsa"",
  ""Techno""
]",2,iOS,Apple,Apple,"Iphone14,5",7,0,0,0,0,1,1
4247718,e85e0cf2-e6c4-4837-a3ae-1d9ca234d7db,2025-11-09,0,Annual,Web,App to Web,,35-44,male,United States of America,"Canada, Great Britain & United States",North America,,"[
  ""High""
]",5,Advanced,lose weight and tone,,"[
  ""Afro Rhythms"",
  ""Bachata"",
  ""Brazilian Rhythms"",
  ""Caribbean Rhythms"",
  ""Chill Out"",
  ""Cumbia"",
  ""Disco"",
  ""Electronic"",
  ""Hip Hop"",
  ""House"",
  ""Merengue"",
  ""Pop"",
  ""Reggaeton"",
  ""Salsa"",
  ""Techno"",
  ""World Rhythms""
]",2,iOS,Apple,Apple,"Iphone16,1",20,3,1,0.0907,41.283333333,14,1
4294810,54dc9c29-d3aa-459e-aadb-e251a4dd727b,2025-11-17,0,Monthly,Web,App to Web,,35-44,female,United States of America,"Canada, Great Britain & United States",North America,,"[
  ""Medium""
]",3,Beginner,,,"[
  ""Bachata"",
  ""Cumbia"",
  ""Disco"",
  ""Hip Hop"",
  ""Merengue"",
  ""Pop"",
  ""Reggaeton"",
  ""Salsa""
]",6,iOS,Apple,Apple,"Iphone15,3",0,5,3,0.5801666667,35.927083333,6,1
4276043,e451c61d-979d-4bf6-9581-f24845cc02a6,2025-11-13,7,Annual,Web,App to Web,,25-34,female,United States of America,"Canada, Great Britain & United States",North America,,"[
  ""High"",
  ""Medium""
]",5,Intermediate,lose weight and tone,,"[
  ""Bachata"",
  ""Caribbean Rhythms"",
  ""Disco"",
  ""House"",
  ""Pop"",
  ""Salsa"",
  ""Techno""
]",2,iOS,Apple,Apple,"Iphone17,1",7,0,0,0,0,10,1
4285897,a767526a-1342-4a0d-804f-627a7b3807e1,2025-11-12,0,Monthly,Web,Stripe,,35-44,female,Spain,Rest of the World,Europe,,"[
  ""High""
]",5,Advanced,lose weight and tone,,"[
  ""Afro Rhythms"",
  ""Bachata"",
  ""Brazilian Rhythms"",
  ""Caribbean Rhythms"",
  ""Chill Out"",
  ""Cumbia"",
  ""Disco"",
  ""Hip Hop"",
  ""House"",
  ""Merengue"",
  ""Pop"",
  ""Reggaeton"",
  ""Salsa""
]",3.13.1,Android,Oppo,Oppo,Cph2699,0,2,0,0,31.941666667,11,1
4267171,b4d9d475-dc6a-434b-aeb8-9dc31655b97f,2025-11-08,7,Annual,Web,Stripe,,,,United States of America,"Canada, Great Britain & United States",North America,,"[
  ""High"",
  ""Low""
]",5,Beginner,,,,2,iOS,Apple,Apple,"Iphone12,1",7,0,0,0,0,15,1
3238681,82505128-5aa6-4137-ab65-820563bfe8ae,2025-11-13,7,Monthly,App,Apple,,,,Netherlands,Rest of the World,Europe,,"[
  ""Medium"",
  ""High""
]",3,Advanced,lose weight and tone,,"[
  ""Afrobeats"",
  ""Bachata"",
  ""Belly Dance"",
  ""Cumbia"",
  ""Disco"",
  ""Merengue"",
  ""R&B"",
  ""Reggaeton"",
  ""Salsa""
]",3.14.0,Android,Lenovo,Lenovo,Tb351fu,445,12,9,0.8816666667,25.95952381,10,1
4221517,8b423298-e0c6-47af-9d0f-9b31ab46e002,2025-11-10,7,Annual,App,Apple,,45-54,female,United States of America,"Canada, Great Britain & United States",North America,,"[
  ""Medium""
]",3,Intermediate,lose weight and tone,,"[
  ""Hip Hop"",
  ""Pop"",
  ""Salsa""
]",2,iOS,Apple,Apple,"Iphone15,4",37,0,0,0,0,13,1
4189061,0fd9140c-d742-424c-8600-a9d3873078b1,2025-11-11,7,Annual,App,Apple,,25-34,female,United Arab Emirates,Rest of the World,ME-A,,"[
  ""Medium""
]",3,Intermediate,lose weight and tone,,"[
  ""Bachata"",
  ""Brazilian Rhythms"",
  ""Pop"",
  ""Salsa"",
  ""World Rhythms""
]",2,iOS,Apple,Apple,"Iphone15,3",7,1,0,0,0,12,1
4280681,76a315cb-dfb7-49af-b10b-d82fd91d4070,2025-11-09,0,Monthly,Web,App to Web,,45-54,female,United States of America,"Canada, Great Britain & United States",North America,,"[
  ""Medium""
]",4,Intermediate,lose weight and tone,,"[
  ""Afro Rhythms"",
  ""Caribbean Rhythms"",
  ""Cumbia"",
  ""Hip Hop"",
  ""Merengue"",
  ""Reggaeton"",
  ""Salsa""
]",6,iOS,Apple,Apple,"Iphone12,1",0,0,0,0,0,14,1
4294531,ac923dfe-6f23-415a-9c41-8254e3e9a4ab,2025-11-17,0,Monthly,App,App to Web,,35-44,female,United States of America,"Canada, Great Britain & United States",North America,,"[
  ""Medium""
]",3,Intermediate,lose weight and tone,,"[
  ""Afro Rhythms"",
  ""Bachata"",
  ""Brazilian Rhythms"",
  ""Caribbean Rhythms"",
  ""Cumbia"",
  ""Disco"",
  ""Electronic"",
  ""Hip Hop"",
  ""Merengue"",
  ""Pop"",
  ""Reggaeton"",
  ""Salsa"",
  ""Techno"",
  ""World Rhythms""
]",6,iOS,Apple,Apple,"Iphone15,3",0,4,2,0.99925,28.641666667,6,1
4266761,869e7671-3639-4ac8-86e3-c5e4d04da0f6,2025-11-08,7,Annual,App,Apple,,55-64,female,United States of America,"Canada, Great Britain & United States",North America,,"[
  ""Medium""
]",7,Beginner,lose weight and tone,,"[
  ""Salsa""
]",6,iOS,Apple,Apple,"Iphone14,5",7,0,0,0,0,15,1
4274377,ef1ff6c8-cc81-490d-8409-1a6723e4f82f,2025-11-12,7,Annual,Web,App to Web,,35-44,female,United States of America,"Canada, Great Britain & United States",North America,,"[
  ""Medium""
]",5,Intermediate,Have some fun,,"[
  ""Afro Rhythms"",
  ""Bachata"",
  ""Brazilian Rhythms"",
  ""Cumbia"",
  ""Electronic"",
  ""Hip Hop"",
  ""House"",
  ""Pop"",
  ""Salsa"",
  ""World Rhythms""
]",2,iOS,Apple,Apple,"Iphone16,2",7,2,1,0.9973,44.111111111,11,1
4291282,830ae937-4aee-4e93-bcef-ab53727af246,2025-11-16,0,Monthly,App,Apple,,45-54,female,Finland,Rest of the World,Europe,,"[
  ""Low""
]",3,Beginner,lose weight and tone,,"[
  ""Afro Rhythms"",
  ""Bachata"",
  ""Brazilian Rhythms"",
  ""Caribbean Rhythms"",
  ""Disco"",
  ""Merengue"",
  ""Pop"",
  ""Salsa"",
  ""World Rhythms""
]",2,iOS,Apple,Apple,"Iphone13,1",0,6,5,0.08982,6.189393939,7,1
4273087,5791371f-cebe-48b4-83cc-818c7f125dad,2025-11-14,7,Annual,Web,Stripe,,35-44,female,Germany,Rest of the World,Europe,,"[
  ""Medium"",
  ""High""
]",5,Intermediate,,,"[
  ""Afro Rhythms"",
  ""Bachata"",
  ""Brazilian Rhythms"",
  ""Caribbean Rhythms"",
  ""Cumbia"",
  ""Electronic"",
  ""Merengue"",
  ""Reggaeton"",
  ""Salsa"",
  ""Techno""
]",2,iOS,Apple,Apple,"Iphone14,7",9,0,0,0,0,9,1
4293118,bfaa17f3-dae5-48b4-8e8c-278b5448061f,2025-11-17,0,Monthly,App,Google,,35-44,female,Germany,Rest of the World,Europe,,"[
  ""High""
]",2,Beginner,lose weight and tone,,,3.13.1,Android,Samsung,Samsung,Sm-A556b,0,1,1,0.5796,13.916666667,6,1
3955770,93fbf153-e668-4fef-b0ec-92eae6641ff6,2025-11-11,7,Annual,Web,App to Web,,35-44,female,United States of America,"Canada, Great Britain & United States",North America,,"[
  ""Medium""
]",3,Intermediate,Start my fitness journey,,"[
  ""Bellydance"",
  ""Pop"",
  ""R&B""
]",2,iOS,Apple,Apple,"Iphone14,7",138,4,3,0.9971666667,33.576190476,12,1
4282587,1f098e38-27f5-4b0a-8463-35d6a72d3f1a,2025-11-17,7,Annual,Web,Stripe,,35-44,female,United States of America,"Canada, Great Britain & United States",North America,,"[
  ""Low""
]",5,Beginner,lose weight and tone,,"[
  ""Cumbia"",
  ""Merengue"",
  ""Reggaeton"",
  ""Salsa""
]",3.13.1,Android,Samsung,Samsung,Sm-S928u,,8,6,0.9997333333,32.478571429,6,1
2464505,23752603-d693-4ddd-b426-2b0d2483392f,2025-11-18,0,Monthly,Web,App to Web,,35-44,female,United States of America,"Canada, Great Britain & United States",North America,,"[
  ""High""
]",5,Intermediate,lose weight and tone,,"[
  ""Afro Rhythms"",
  ""Bachata"",
  ""Brazilian Rhythms"",
  ""Caribbean Rhythms"",
  ""Chill Out"",
  ""Cumbia"",
  ""Merengue"",
  ""Pop"",
  ""Reggaeton"",
  ""Salsa"",
  ""Techno"",
  ""World Rhythms""
]",2,iOS,Apple,Apple,"Iphone15,2",0,8,4,0.595675,33.386111111,5,1
4288735,61f777cc-f0ca-49a7-a464-66a5b782a2d3,2025-11-14,0,Monthly,Web,App to Web,,,,United States of America,"Canada, Great Britain & United States",North America,,"[
  ""Medium""
]",,Intermediate,,,"[
  ""Disco"",
  ""Hip Hop"",
  ""House"",
  ""Pop"",
  ""Salsa"",
  ""Techno""
]",2,iOS,Apple,Apple,"Iphone14,3",0,0,0,0,0,9,1
2571908,8989b015-bc79-4e82-af4c-24554ccb2e23,2025-11-20,7,Annual,Web,Stripe,,25-34,female,United States of America,"Canada, Great Britain & United States",North America,Virtual Classes,"[
  ""Medium"",
  ""High""
]",4,Intermediate,lose weight and tone,"[
  ""Earning Badges"",
  ""Joining a supportive community"",
  ""Tracking activity streaks"",
  ""Receiving class reminders""
]","[
  ""Afrobeats"",
  ""Alternative"",
  ""Bhangra"",
  ""Blues"",
  ""Bollywood"",
  ""Broadway"",
  ""Funk"",
  ""Merengue"",
  ""Pop"",
  ""R&B"",
  ""Rock"",
  ""Salsa""
]",2,iOS,Apple,Apple,"Iphone13,1",638,0,0,0,0,3,1
4282487,929d7982-6bef-4ade-9e0f-d1df3fa16730,2025-11-10,0,Monthly,Web,Stripe,,,,United States of America,"Canada, Great Britain & United States",North America,,"[
  ""Medium""
]",3,Intermediate,,,"[
  ""Caribbean Rhythms"",
  ""Pop""
]",2,iOS,Apple,Apple,"Iphone17,1",-1,10,5,0.99976,21.333333333,13,1
4274921,3828992b-d647-427c-addb-273a73343d39,2025-11-13,7,Annual,Web,Stripe,,55-64,female,United States of America,"Canada, Great Britain & United States",North America,,"[
  ""Low""
]",3,Beginner,lose weight and tone,,"[
  ""Caribbean Rhythms"",
  ""Disco"",
  ""House"",
  ""Pop"",
  ""Salsa""
]",2,iOS,Apple,Apple,"Iphone15,4",7,1,1,0.521,13.916666667,10,1
4295782,7208d0a7-43e9-4b83-a01a-384fefc76cb6,2025-11-18,0,Monthly,Web,Stripe,,,,Canada,"Canada, Great Britain & United States",North America,,"[
  ""Medium""
]",3,Beginner,,,"[
  ""Afro Rhythms"",
  ""Hip Hop"",
  ""Reggaeton""
]",,iOS,,,,,1,0,0,32.416666667,5,1
4296317,4dbda478-0752-460d-beb2-dc1d098f56b5,2025-11-18,0,Monthly,Web,Stripe,,35-44,female,United States of America,"Canada, Great Britain & United States",North America,,"[
  ""Medium""
]",3,Beginner,lose weight and tone,,"[
  ""Brazilian Rhythms"",
  ""Caribbean Rhythms"",
  ""Electronic"",
  ""Hip Hop"",
  ""House"",
  ""Pop"",
  ""Reggaeton"",
  ""Techno""
]",2,iOS,Apple,Apple,"Iphone14,2",0,0,0,0,0,5,1
4285915,8fd8eb4d-bfb1-4ec9-9450-514a44f26aee,2025-11-19,7,Annual,Web,Stripe,,35-44,female,United Kingdom,"Canada, Great Britain & United States",Europe,,"[
  ""Medium""
]",3,Beginner,lose weight and tone,,"[
  ""Caribbean Rhythms"",
  ""Electronic"",
  ""House"",
  ""Pop"",
  ""Techno""
]",3.13.1,Android,Samsung,Samsung,Sm-S928b,6,0,1,1,32.4,4,1
4298857,16ee2315-3055-41e0-a3f0-e6d0cd1e3433,2025-11-20,0,Monthly,Web,Stripe,,35-44,female,Denmark,Rest of the World,Europe,,"[
  ""Low"",
  ""Medium"",
  ""High""
]",5,Beginner,lose weight and tone,,"[
  ""Afro Rhythms"",
  ""Bachata"",
  ""Brazilian Rhythms"",
  ""Caribbean Rhythms"",
  ""Chill Out"",
  ""Cumbia"",
  ""Disco"",
  ""Electronic"",
  ""Hip Hop"",
  ""House"",
  ""Merengue"",
  ""Pop"",
  ""Reggaeton"",
  ""Salsa"",
  ""Techno"",
  ""World Rhythms""
]",2,iOS,Apple,Apple,"Iphone15,4",0,0,0,0,0,3,1
4296626,997c27c2-d920-4ad0-b52a-7f030afffb9e,2025-11-18,0,Monthly,Web,App to Web,,35-44,female,United States of America,"Canada, Great Britain & United States",North America,,"[
  ""Medium""
]",3,Intermediate,lose weight and tone,,"[
  ""Afro Rhythms"",
  ""Bachata"",
  ""Brazilian Rhythms"",
  ""Caribbean Rhythms"",
  ""Chill Out"",
  ""Cumbia"",
  ""Disco"",
  ""Electronic"",
  ""Hip Hop"",
  ""House"",
  ""Merengue"",
  ""Pop"",
  ""Reggaeton"",
  ""Salsa"",
  ""Techno"",
  ""World Rhythms""
]",2,iOS,Apple,Apple,"Iphone14,7",1,3,1,0.9988,22.475,5,1
2837488,35c992f5-c9f2-4bda-8edb-e5073f73fb03,2025-11-08,14,Annual,App,Apple,,,,United Kingdom,"Canada, Great Britain & United States",Europe,Virtual Classes,"[
  ""Medium"",
  ""High""
]",,Intermediate,,"[
  ""Earning Badges"",
  ""Taking classes at home"",
  ""New Music"",
  ""Receiving class reminders""
]","[
  ""Afrobeats"",
  ""Bachata"",
  ""Belly Dance"",
  ""Bhangra"",
  ""Bollywood"",
  ""Cumbia"",
  ""Disco"",
  ""Funk"",
  ""Hip Hop"",
  ""House"",
  ""K-Pop"",
  ""Pop"",
  ""Reggae"",
  ""Reggaeton"",
  ""Salsa"",
  ""Soca""
]",3.0.1,Android,Samsung,Samsung,Sm-T736b,647,1,1,1,30,2,1
3584493,424fd913-07b5-4e48-be2c-61d4c18cd24b,2025-11-18,7,Annual,App,Google,,,,Australia,Rest of the World,APAC (excl. India),,"[
  ""Medium""
]",2,Intermediate,lose weight and tone,,"[
  ""Alternative"",
  ""Belly Dance"",
  ""Blues"",
  ""Disco"",
  ""Funk"",
  ""Hip Hop"",
  ""House"",
  ""Pop"",
  ""R&B""
]",3.13.1,Android,Samsung,Samsung,Sm-F946b,311,0,0,0,0,5,1
4289562,057f10b9-5c05-4638-83b3-f37bc4a3f81b,2025-11-22,7,Annual,Web,Stripe,,35-44,female,United States of America,"Canada, Great Britain & United States",North America,,"[
  ""Medium""
]",3,Beginner,lose weight and tone,,"[
  ""Cumbia"",
  ""Electronic"",
  ""Hip Hop"",
  ""Pop"",
  ""Reggaeton"",
  ""Salsa""
]",3.13.1,Android,Google,Google,Pixel 9 Pro Xl,7,0,0,0,0,1,1
4287788,68bbb518-62f0-4af6-97c2-27054ca15dd7,2025-11-21,7,Monthly,App,Apple,,25-34,female,United Kingdom,"Canada, Great Britain & United States",Europe,,"[
  ""Medium""
]",3,Beginner,lose weight and tone,,,2,iOS,Apple,Apple,"Iphone17,2",8,0,0,0,0,2,1
4287878,7753b524-e1e0-437d-bae5-d6f332429d77,2025-11-20,7,Annual,Web,Stripe,,,,United States of America,"Canada, Great Britain & United States",North America,,"[
  ""Low""
]",3,Beginner,lose weight and tone,,[],3.14.0,Android,Google,Google,Pixel 9,7,4,3,0.1549666667,32.116666667,3,1
4302445,330de82f-6b1e-49c9-b17b-aa0df573315d,2025-11-22,0,Monthly,Web,Stripe,,25-34,female,United States of America,"Canada, Great Britain & United States",North America,,"[
  ""Medium""
]",3,Intermediate,reduce stress,,"[
  ""Electronic"",
  ""Hip Hop"",
  ""Pop"",
  ""Salsa"",
  ""Techno""
]",3.14.0,Android,Samsung,Samsung,Sm-S928u,0,0,0,0,0,1,1
4272764,bb45d94f-8d8c-496f-aed0-29fd01acb06e,2025-11-12,7,Annual,Web,App to Web,,55-64,female,United States of America,"Canada, Great Britain & United States",North America,,"[
  ""Low""
]",3,Beginner,lose weight and tone,,,2,iOS,Apple,Apple,"Iphone16,1",7,16,12,0.6854583333,23.370833333,11,1
2303250,5ecb0ae4-ace3-41ac-af91-5f2e972f664d,2025-11-09,0,Annual,Web,Stripe,,65+,female,United States of America,"Canada, Great Britain & United States",North America,Virtual Classes,"[
  ""Medium"",
  ""Low""
]",3,Beginner,lose weight and tone,"[
  ""Following instructors"",
  ""Earning Badges"",
  ""Taking classes at home"",
  ""Tracking heart rate & calories with my watch"",
  ""Learning dances""
]","[
  ""Afro Rhythms"",
  ""Brazilian Rhythms"",
  ""Caribbean Rhythms"",
  ""Disco"",
  ""Hip Hop"",
  ""Pop"",
  ""Reggaeton""
]",5,iOS,Apple,Apple,"Ipad12,1",663,0,0,0,0,14,1
4280073,0bea31f5-5d67-45ab-8361-a5eb810bde00,2025-11-16,7,Annual,Web,Stripe,Strand,25-34,female,United States of America,"Canada, Great Britain & United States",North America,,"[
  ""Low"",
  ""Medium""
]",3,Beginner,lose weight and tone,,"[
  ""Brazilian Rhythms"",
  ""Caribbean Rhythms"",
  ""Cumbia"",
  ""Merengue"",
  ""Reggaeton"",
  ""Salsa"",
  ""World Rhythms""
]",2,iOS,Apple,Apple,"Iphone14,3",7,7,7,0.8520285714,24.554761905,7,1
3396060,f2872812-3c31-4bea-a019-2ecd85360e16,2025-11-13,0,Monthly,App,Apple,,,,Ukraine,Rest of the World,Europe,,"[
  ""Medium""
]",7,Intermediate,lose weight and tone,,"[
  ""Afrobeats"",
  ""Bachata"",
  ""Disco"",
  ""Hip Hop"",
  ""Pop""
]",6,iOS,Apple,Apple,"Iphone14,3",371,18,11,0.7908636364,38.688505747,10,1
4290355,90bd44ac-5f7f-40a9-a367-dff925c05f65,2025-11-15,0,Monthly,App,Google,,45-54,female,United States of America,"Canada, Great Britain & United States",North America,,"[
  ""High"",
  ""Medium""
]",,Intermediate,lose weight and tone,,"[
  ""Bachata"",
  ""Brazilian Rhythms"",
  ""Caribbean Rhythms"",
  ""Disco"",
  ""Hip Hop"",
  ""Pop"",
  ""Salsa""
]",3.14.0,Android,Samsung,Samsung,Sm-A366u,0,3,2,0.809,48.493333333,8,1
4288265,26bbbc84-1322-4271-884f-ea858e3a2324,2025-11-14,0,Monthly,Web,Stripe,,25-34,female,United States of America,"Canada, Great Britain & United States",North America,,"[
  ""Medium"",
  ""High""
]",2,Intermediate,lose weight and tone,,"[
  ""Bachata"",
  ""Electronic"",
  ""House"",
  ""Merengue"",
  ""Pop""
]",2,iOS,Apple,Apple,"Iphone14,5",0,5,5,0.7673,22.19,9,1
4276821,0a3db742-2c92-48a2-8a7b-da1d9c9ca380,2025-11-14,7,Annual,Web,Stripe,,55-64,female,United States of America,"Canada, Great Britain & United States",North America,,"[
  ""Medium""
]",3,Intermediate,lose weight and tone,,"[
  ""Disco"",
  ""Merengue""
]",2,iOS,Apple,Apple,"Iphone17,1",7,0,0,0,0,9,1
4280991,eb754b89-8def-44b8-b6c4-7cd98610e424,2025-11-17,7,Annual,Web,Stripe,,45-54,female,United Kingdom,"Canada, Great Britain & United States",Europe,,"[
  ""Medium""
]",3,Intermediate,lose weight and tone,,"[
  ""Brazilian Rhythms"",
  ""Caribbean Rhythms"",
  ""Disco"",
  ""Electronic"",
  ""House"",
  ""Pop"",
  ""Reggaeton"",
  ""Salsa"",
  ""Techno"",
  ""World Rhythms""
]",6,iOS,Apple,Apple,"Iphone17,2",7,0,0,0,0,6,1
4281467,10ddc028-a7c1-446e-8d97-d62ef6f4cd38,2025-11-10,0,Monthly,App,Google,,35-44,female,United States of America,"Canada, Great Britain & United States",North America,,"[
  ""Medium""
]",4,Intermediate,lose weight and tone,,"[
  ""Bachata"",
  ""Cumbia"",
  ""Hip Hop"",
  ""Reggaeton""
]",3.13.1,Android,Samsung,Samsung,Sm-S928u,0,4,2,0.46565,26.086111111,13,1
4269682,73d85fca-58c2-4747-923f-eaa66dc392be,2025-11-10,7,Annual,Web,App to Web,,45-54,female,United States of America,"Canada, Great Britain & United States",North America,,"[
  ""Low""
]",2,Beginner,lose weight and tone,,"[
  ""Caribbean Rhythms"",
  ""Hip Hop"",
  ""House"",
  ""Pop""
]",2,iOS,Apple,Apple,"Iphone11,8",7,0,0,0,0,13,1
4269549,21ca09c3-bed8-4225-95f4-b23b16ddb4be,2025-11-10,7,Annual,Web,Stripe,,35-44,female,United States of America,"Canada, Great Britain & United States",North America,,"[
  ""Medium""
]",5,Advanced,lose weight and tone,,"[
  ""Hip Hop"",
  ""House"",
  ""Pop"",
  ""Reggaeton""
]",2,iOS,Apple,Apple,"Iphone16,2",7,0,0,0,0,13,1
4274474,2dad11ff-48d2-4f9d-b538-82e23b7eed3b,2025-11-13,7,Annual,Web,App to Web,,35-44,female,United States of America,"Canada, Great Britain & United States",North America,,"[
  ""Medium"",
  ""High""
]",4,Intermediate,lose weight and tone,,"[
  ""Afro Rhythms"",
  ""Bachata"",
  ""Brazilian Rhythms"",
  ""Cumbia"",
  ""Disco"",
  ""Hip Hop"",
  ""House"",
  ""Pop"",
  ""Reggaeton"",
  ""Techno""
]",2,iOS,Apple,Apple,"Iphone15,3",7,0,0,0,0,10,1
4276997,661efb36-aa83-41ab-a295-ba887d85bc44,2025-11-14,7,Annual,Web,App to Web,,35-44,female,United States of America,"Canada, Great Britain & United States",North America,,"[
  ""Medium""
]",3,Beginner,lose weight and tone,,"[
  ""Bachata"",
  ""Brazilian Rhythms"",
  ""Caribbean Rhythms"",
  ""Cumbia"",
  ""Electronic"",
  ""Hip Hop"",
  ""Merengue"",
  ""Pop"",
  ""Reggaeton"",
  ""Salsa"",
  ""World Rhythms""
]",6,iOS,Apple,Apple,"Iphone17,1",8,2,2,0.82945,40.5,9,1
4277928,576d4eeb-b594-4e82-8b2b-6fd57b9613e5,2025-11-08,0,Monthly,App,Apple,,45-54,female,Canada,"Canada, Great Britain & United States",North America,,"[
  ""Low""
]",2,Beginner,lose weight and tone,,"[
  ""Brazilian Rhythms"",
  ""Caribbean Rhythms"",
  ""Chill Out"",
  ""Pop"",
  ""Reggaeton"",
  ""World Rhythms""
]",2,iOS,Apple,Apple,"Ipad11,6",0,9,9,0.8864333333,24.614814815,15,1
4278672,0e4609a9-db13-471e-ba8f-4e5c5fd6fc4a,2025-11-08,0,Monthly,Web,Stripe,,35-44,female,Australia,Rest of the World,APAC (excl. India),,"[
  ""Medium""
]",3,Intermediate,lose weight and tone,,"[
  ""Pop"",
  ""Reggaeton"",
  ""Salsa""
]",2,iOS,Apple,Apple,"Iphone17,1",0,26,5,0.51542,30.280107527,15,1
4220602,dd8c903a-1b26-493d-8d84-b2a9157bc4fb,2025-11-16,7,Annual,Web,Stripe,,55-64,female,United States of America,"Canada, Great Britain & United States",North America,,"[
  ""Low""
]",3,Beginner,lose weight and tone,,"[
  ""Hip Hop"",
  ""Pop""
]",2,iOS,Apple,Apple,"Iphone17,2",43,0,0,0,0,7,1
3668509,81def555-e26d-4e36-bbfb-6b78638161c8,2025-11-16,7,Annual,Web,Stripe,,65+,female,Canada,"Canada, Great Britain & United States",North America,,"[
  ""Medium""
]",1,Intermediate,Have some fun,,"[
  ""Cumbia"",
  ""Merengue"",
  ""Pop"",
  ""Salsa""
]",2,iOS,Apple,Apple,"Ipad15,7",7,1,1,1,31.433333333,7,1
4288606,212609fe-1753-43c1-b4b4-c6505a3721fd,2025-11-14,0,Monthly,Web,App to Web,,35-44,female,United States of America,"Canada, Great Britain & United States",North America,,"[
  ""High""
]",3,Intermediate,lose weight and tone,,"[
  ""Afro Rhythms"",
  ""Brazilian Rhythms"",
  ""Caribbean Rhythms"",
  ""Electronic"",
  ""Pop"",
  ""Reggaeton"",
  ""Techno"",
  ""World Rhythms""
]",6,iOS,Apple,Apple,"Iphone15,4",0,5,3,0.9948666667,32.060416667,9,1
4196679,cacf2ce7-c84e-4a7e-90e7-d361b405c2f9,2025-11-11,7,Annual,App,Google,,35-44,female,Canada,"Canada, Great Britain & United States",North America,,"[
  ""Medium""
]",3,Intermediate,lose weight and tone,,"[
  ""Brazilian Rhythms"",
  ""Caribbean Rhythms"",
  ""Hip Hop"",
  ""Pop"",
  ""Salsa""
]",3.13.1,Android,Samsung,Samsung,Sm-S921w,7,5,5,0.9998,31.64,12,1
4280339,43f133db-58a9-4654-ab81-19d0d4b000c9,2025-11-16,7,Annual,Web,Stripe,,35-44,female,United States of America,"Canada, Great Britain & United States",North America,,"[
  ""Low""
]",3,Beginner,Have some fun,,"[
  ""Chill Out"",
  ""Hip Hop"",
  ""Pop"",
  ""Salsa""
]",3.13.1,Android,Motorola,Motorola,Moto G Power - 2025,7,0,0,0,0,7,1
4273514,0bbfcc5c-edeb-4553-a54e-e4db18c1facd,2025-11-19,0,Annual,App,Google,,25-34,female,United States of America,"Canada, Great Britain & United States",North America,,"[
  ""Low""
]",5,Beginner,lose weight and tone,,"[
  ""Brazilian Rhythms"",
  ""Disco"",
  ""Hip Hop"",
  ""Merengue"",
  ""Pop"",
  ""Reggaeton"",
  ""Salsa""
]",3.14.0,Android,Samsung,Samsung,Sm-S721u,14,7,3,0.9232666667,42.285,4,1
4302951,02e947fc-e218-43d8-b506-1c42d41d48f9,2025-11-22,0,Monthly,App,Apple,,25-34,female,United States of America,"Canada, Great Britain & United States",North America,,"[
  ""Low""
]",3,Beginner,lose weight and tone,,"[
  ""Afro Rhythms"",
  ""Bachata"",
  ""Brazilian Rhythms"",
  ""Caribbean Rhythms"",
  ""Cumbia"",
  ""Hip Hop"",
  ""Pop"",
  ""Reggaeton"",
  ""Salsa""
]",6,iOS,Apple,Apple,"Iphone15,4",0,1,1,0.994,13.916666667,1,1
4289448,1f8b9d38-52a0-4d11-891e-00697418ed34,2025-11-21,7,Annual,Web,App to Web,,35-44,female,United States of America,"Canada, Great Britain & United States",North America,,"[
  ""Medium"",
  ""High""
]",3,Intermediate,lose weight and tone,,"[
  ""Afro Rhythms"",
  ""Bachata"",
  ""Brazilian Rhythms"",
  ""Caribbean Rhythms"",
  ""Chill Out"",
  ""Cumbia"",
  ""Hip Hop"",
  ""Merengue"",
  ""Reggaeton"",
  ""Salsa"",
  ""World Rhythms""
]",2,iOS,Apple,Apple,"Iphone18,1",7,0,0,0,0,2,1
4087401,f83cf718-e7a1-4cfe-9bad-7c162f0e8145,2025-11-16,0,Monthly,App,Apple,,,,United Kingdom,"Canada, Great Britain & United States",Europe,,"[
  ""High""
]",3,Intermediate,lose weight and tone,,"[
  ""Afro Rhythms"",
  ""Afrobeats"",
  ""Bachata"",
  ""Brazilian Rhythms"",
  ""Broadway"",
  ""Caribbean Rhythms"",
  ""Country"",
  ""Cumbia"",
  ""Disco"",
  ""Funk"",
  ""Hip Hop"",
  ""Merengue"",
  ""Pop"",
  ""R&B"",
  ""Reggae"",
  ""Reggaeton"",
  ""Salsa"",
  ""World Rhythms""
]",2,iOS,Apple,Apple,"Iphone14,3",118,4,1,0.9995,31.75,7,1
4300147,45f72eae-e14b-4ec1-ba71-1dea32efdb40,2025-11-20,0,Monthly,Web,App to Web,,35-44,female,United States of America,"Canada, Great Britain & United States",North America,,"[
  ""Medium""
]",3,Intermediate,,,"[
  ""Bachata"",
  ""Merengue"",
  ""Salsa""
]",6,iOS,Apple,Apple,"Iphone18,1",0,4,1,1,22.023333333,3,1
4230661,ed3b2cb9-6144-42a1-9a3e-cb2e86c65227,2025-11-12,7,Annual,Web,Stripe,Rejoin,25-34,female,United States of America,"Canada, Great Britain & United States",North America,,"[
  ""Low"",
  ""Medium""
]",3,Intermediate,lose weight and tone,,"[
  ""Afro Rhythms"",
  ""Bachata"",
  ""Caribbean Rhythms"",
  ""Chill Out"",
  ""Cumbia"",
  ""Electronic"",
  ""Hip Hop"",
  ""House"",
  ""Pop"",
  ""Reggaeton"",
  ""Techno""
]",3,iOS,Apple,Apple,"Iphone15,2",27,0,0,0,0,11,1
3981107,eda95460-fa79-41b1-accf-b8bbaa6b0aae,2025-11-20,7,Annual,Web,App to Web,,25-34,female,United States of America,"Canada, Great Britain & United States",North America,,"[
  ""Medium"",
  ""Low""
]",4,Intermediate,lose weight and tone,,"[
  ""Cumbia"",
  ""Merengue"",
  ""Reggaeton"",
  ""Salsa""
]",2,iOS,Apple,Apple,"Iphone13,3",,0,0,0,0,3,1
4280034,47e7e57b-c0a1-40ad-8d7e-512f1e726074,2025-11-09,0,Monthly,Web,Stripe,,25-34,female,United States of America,"Canada, Great Britain & United States",North America,,"[
  ""Medium""
]",5,Beginner,lose weight and tone,,"[
  ""Bachata"",
  ""Hip Hop"",
  ""Merengue"",
  ""Reggaeton"",
  ""Salsa""
]",6,iOS,Apple,Apple,"Iphone15,2",0,3,1,1,22.866666667,14,1
4279949,63efa2ee-8b72-4800-95aa-a808c90c7c0d,2025-11-16,7,Annual,Web,Stripe,,35-44,female,United States of America,"Canada, Great Britain & United States",North America,,"[
  ""Low""
]",3,Intermediate,lose weight and tone,,"[
  ""Cumbia"",
  ""Hip Hop"",
  ""Pop"",
  ""Reggaeton""
]",2,iOS,Apple,Apple,"Iphone15,2",7,0,0,0,0,7,1
4283224,60f22103-80a1-47d2-aa19-954d7ed418b4,2025-11-18,7,Annual,Web,Stripe,,35-44,female,United States of America,"Canada, Great Britain & United States",North America,,"[
  ""Medium""
]",3,Beginner,lose weight and tone,,"[
  ""Afro Rhythms"",
  ""Bachata"",
  ""Brazilian Rhythms"",
  ""Caribbean Rhythms"",
  ""Chill Out"",
  ""Cumbia"",
  ""Disco"",
  ""Electronic"",
  ""Hip Hop"",
  ""House"",
  ""Merengue"",
  ""Pop"",
  ""Reggaeton"",
  ""Salsa"",
  ""Techno"",
  ""World Rhythms""
]",2,iOS,Apple,Apple,"Iphone14,7",7,1,0,0,30,5,1
4292683,7c29cb05-f4f7-4534-966b-01d17d33ca5f,2025-11-16,0,Monthly,App,Google,,45-54,female,Brazil,Rest of the World,LATAM,,"[
  ""High""
]",5,Intermediate,lose weight and tone,,"[
  ""Caribbean Rhythms"",
  ""Disco"",
  ""Electronic"",
  ""Hip Hop"",
  ""House"",
  ""Reggaeton"",
  ""Techno""
]",3.13.1,Android,Xiaomi,Redmi,2312dra50g,0,1,1,1,13.916666667,7,1
4268439,c7192adc-2b5e-4905-aa6a-d619ed9ad314,2025-11-09,7,Annual,Web,Stripe,,35-44,female,United States of America,"Canada, Great Britain & United States",North America,,"[
  ""Medium""
]",3,Beginner,lose weight and tone,,"[
  ""Disco"",
  ""Hip Hop"",
  ""Pop""
]",3.14.0,Android,Google,Google,Pixel 8a,-9,0,0,0,0,14,1
4299088,0e720deb-84d7-4ff2-8400-99d2ace97e0c,2025-11-20,0,Monthly,App,Google,,45-54,female,France,Rest of the World,Europe,,"[
  ""Medium""
]",,Intermediate,lose weight and tone,,"[
  ""Afro Rhythms"",
  ""Bachata"",
  ""Brazilian Rhythms"",
  ""Cumbia"",
  ""Merengue"",
  ""Reggaeton"",
  ""Salsa""
]",,Android,,,,,3,2,0.99835,19.93,3,1
4269365,453facea-756b-4d17-8c69-17d0d6d28d89,2025-11-10,1,Monthly,App,Apple,,35-44,female,United Kingdom,"Canada, Great Britain & United States",Europe,,"[
  ""Medium""
]",3,Intermediate,lose weight and tone,,"[
  ""Disco"",
  ""Pop"",
  ""Salsa""
]",2,iOS,Apple,Apple,"Iphone14,2",7,3,3,0.9945333333,16.05,13,1
4283609,4b2a6cce-af86-4b9e-95d9-5ee8c45f4415,2025-11-18,7,Annual,Web,Stripe,Strand,35-44,female,United States of America,"Canada, Great Britain & United States",North America,,"[
  ""Medium""
]",3,Intermediate,Start my fitness journey,,,2,iOS,Apple,Apple,"Iphone12,5",,0,0,0,0,5,1
4279335,0bc0fd33-73a3-41e3-b0b0-8e1ef28ae952,2025-11-16,7,Annual,Web,Stripe,,55-64,female,United Kingdom,"Canada, Great Britain & United States",Europe,,"[
  ""Medium""
]",3,Intermediate,reduce stress,,"[
  ""Disco"",
  ""Pop""
]",,Android,,,,,0,0,0,0,7,1
4262658,1c9daad1-166f-4893-bf1b-6a08e00c6f99,2025-11-15,0,Monthly,App,Google,,35-44,female,Brazil,Rest of the World,LATAM,,"[
  ""Medium""
]",,Intermediate,lose weight and tone,,"[
  ""Afro Rhythms"",
  ""Bachata"",
  ""Brazilian Rhythms"",
  ""Caribbean Rhythms"",
  ""Merengue"",
  ""Pop"",
  ""Reggaeton"",
  ""Salsa""
]",3.14.0,Android,Samsung,Samsung,Sm-A546e,17,2,2,1,39.641666667,8,1
4287483,7f802d25-6613-4c4d-a378-438270339b24,2025-11-13,0,Monthly,Web,App to Web,,25-34,female,United States of America,"Canada, Great Britain & United States",North America,,"[
  ""Medium""
]",3,Beginner,lose weight and tone,,"[
  ""Disco"",
  ""Hip Hop"",
  ""Pop"",
  ""Salsa"",
  ""Techno""
]",2,iOS,Apple,Apple,"Iphone15,2",0,0,0,0,0,10,1
4223906,b084e136-78cc-4b38-b003-d71a1e8026c1,2025-11-19,0,Monthly,App,Apple,,35-44,female,United States of America,"Canada, Great Britain & United States",North America,,"[
  ""Medium""
]",4,Intermediate,lose weight and tone,,"[
  ""Afro Rhythms"",
  ""Bachata"",
  ""Brazilian Rhythms"",
  ""Caribbean Rhythms"",
  ""Chill Out"",
  ""Cumbia"",
  ""Disco"",
  ""Electronic"",
  ""Hip Hop"",
  ""House"",
  ""Merengue"",
  ""Pop"",
  ""Reggaeton"",
  ""Salsa"",
  ""Techno"",
  ""World Rhythms""
]",2,iOS,Apple,Apple,"Iphone15,3",44,7,3,0.7838666667,39.108333333,4,1
3604940,e68c3e6b-81da-4901-b019-03a49a9bbd29,2025-11-15,7,Annual,App,Google,,,,United States of America,"Canada, Great Britain & United States",North America,,"[
  ""Medium"",
  ""Low""
]",2,Beginner,lose weight and tone,,"[
  ""Bachata"",
  ""Hip Hop"",
  ""Merengue"",
  ""Pop"",
  ""R&B"",
  ""Salsa""
]",3.14.0,Android,Samsung,Samsung,Sm-S911u,305,7,3,0.9997,17.551666667,8,1
4268656,a3d85573-34a8-4348-b388-f20aa9d6dbde,2025-11-09,7,Annual,Web,Stripe,,45-54,female,United States of America,"Canada, Great Britain & United States",North America,,"[
  ""Medium""
]",3,Beginner,lose weight and tone,,"[
  ""Afro Rhythms"",
  ""Bachata"",
  ""Brazilian Rhythms"",
  ""Caribbean Rhythms"",
  ""Cumbia"",
  ""Hip Hop"",
  ""Merengue"",
  ""Reggaeton"",
  ""Salsa"",
  ""World Rhythms""
]",6,iOS,Apple,Apple,"Iphone15,4",6,9,9,0.6664,15.675925926,14,1
4293914,9187ae06-1f64-4543-bd36-71e98ea0987c,2025-11-17,0,Monthly,App,Apple,,45-54,female,Finland,Rest of the World,Europe,,"[
  ""Medium""
]",2,Intermediate,Start my fitness journey,,"[
  ""Disco""
]",2,iOS,Apple,Apple,"Ipad8,7",0,4,2,0.979,22.725,6,1
4293602,7c250cc2-ed5a-421f-a9bc-d135e2f0377a,2025-11-17,0,Monthly,Web,App to Web,,35-44,female,United States of America,"Canada, Great Britain & United States",North America,,"[
  ""Medium"",
  ""Low""
]",4,Beginner,reduce stress,,"[
  ""Bachata"",
  ""Hip Hop"",
  ""Pop"",
  ""Reggaeton"",
  ""Techno""
]",6,iOS,Apple,Apple,"Iphone16,2",0,3,2,0.5643,16.066666667,6,1
4074446,ba627be3-a554-48b7-b55a-6009aabd1ac3,2025-11-15,7,Annual,App,Google,,,,Singapore,Rest of the World,APAC (excl. India),,"[
  ""High""
]",,Intermediate,lose weight and tone,,"[
  ""Bhangra"",
  ""Bollywood"",
  ""Brazilian Rhythms"",
  ""Caribbean Rhythms"",
  ""Disco"",
  ""Electronic"",
  ""Hip Hop"",
  ""Rock"",
  ""Salsa""
]",3.13.1,Android,Samsung,Samsung,Sm-S916b,124,3,3,0.5653333333,44.322222222,8,1
4281581,0434a980-328c-45d9-8781-f54e2ed43c48,2025-11-17,7,Annual,Web,Stripe,,35-44,female,France,Rest of the World,Europe,,"[
  ""High""
]",1,Advanced,Have some fun,,"[
  ""Afro Rhythms"",
  ""Bachata"",
  ""Brazilian Rhythms"",
  ""Caribbean Rhythms"",
  ""Cumbia"",
  ""Disco"",
  ""Merengue"",
  ""Reggaeton"",
  ""Salsa""
]",3.14.0,Android,Samsung,Samsung,Sm-G988n,6,1,1,0.9993,47.9,6,1
4267889,e2837eb6-877d-45cb-a2a7-7d231b092f87,2025-11-09,7,Annual,App,Apple,,55-64,female,United States of America,"Canada, Great Britain & United States",North America,,"[
  ""Medium""
]",3,Beginner,lose weight and tone,,"[
  ""Hip Hop"",
  ""House"",
  ""Merengue"",
  ""Pop"",
  ""Reggaeton"",
  ""Salsa""
]",2,iOS,Apple,Apple,"Iphone16,1",22,0,0,0,0,2,1
4301178,0a3b58f7-1dc6-4754-b80e-2d0bc0a103c8,2025-11-21,0,Monthly,App,Google,,45-54,female,United States of America,"Canada, Great Britain & United States",North America,,"[
  ""Medium""
]",2,Beginner,lose weight and tone,,"[
  ""Chill Out"",
  ""Disco"",
  ""House""
]",3.14.0,Android,Samsung,Samsung,Sm-S926u,0,0,0,0,0,2,1
4293157,4047d4ef-1bdb-48d9-9430-d76ca38357dc,2025-11-17,0,Monthly,Web,Stripe,,35-44,female,United States of America,"Canada, Great Britain & United States",North America,,"[
  ""High""
]",4,Beginner,Start my fitness journey,,"[
  ""Cumbia"",
  ""Electronic"",
  ""Hip Hop"",
  ""House"",
  ""Pop"",
  ""Reggaeton"",
  ""Techno""
]",2,iOS,Apple,Apple,"Iphone18,2",0,2,0,0,11.4,6,1
3557178,820eeb98-ba2e-451b-b233-2f715efef589,2025-11-19,0,Monthly,Web,Stripe,,,,United States of America,"Canada, Great Britain & United States",North America,,"[
  ""Medium""
]",4,Advanced,lose weight and tone,,"[
  ""Country"",
  ""Hip Hop"",
  ""Pop"",
  ""Rock"",
  ""Salsa""
]",2,iOS,Apple,Apple,"Iphone15,3",318,2,2,0.24335,17.5,4,1
4301114,71b30053-2f1e-4ab9-9509-4ff3d190de07,2025-11-21,0,Monthly,Web,App to Web,,25-34,female,United States of America,"Canada, Great Britain & United States",North America,,"[
  ""Low""
]",3,Beginner,lose weight and tone,,"[
  ""Hip Hop"",
  ""Pop""
]",6,iOS,Apple,Apple,"Iphone17,2",0,0,0,0,0,2,1
4286715,118b20b3-98d8-4a23-aa2e-725581fd5fee,2025-11-20,7,Annual,Web,Stripe,,25-34,female,United States of America,"Canada, Great Britain & United States",North America,,"[
  ""Medium""
]",5,Beginner,lose weight and tone,,"[
  ""Bachata"",
  ""Chill Out"",
  ""Disco"",
  ""Hip Hop"",
  ""House"",
  ""Merengue"",
  ""Pop"",
  ""Reggaeton"",
  ""Salsa""
]",2,iOS,Apple,Apple,"Iphone14,5",7,0,0,0,0,3,1
4281300,64abc5d7-67ef-43b4-b632-5a5f4e549b9d,2025-11-21,0,Monthly,App,Google,,25-34,female,Poland,Rest of the World,Europe,,"[
  ""Medium""
]",3,Intermediate,lose weight and tone,,"[
  ""Bachata"",
  ""Brazilian Rhythms"",
  ""Caribbean Rhythms"",
  ""Chill Out"",
  ""Cumbia"",
  ""Disco"",
  ""Hip Hop"",
  ""Merengue"",
  ""Pop"",
  ""Salsa"",
  ""Techno""
]",3.14.0,Android,Xiaomi,Redmi,23124ra7eo,0,0,0,0,0,2,1
4286019,1d011bb4-d272-4e98-ada3-267a6b0a295f,2025-11-19,7,Annual,Web,App to Web,,65+,female,United States of America,"Canada, Great Britain & United States",North America,,"[
  ""Medium""
]",3,Beginner,,,"[
  ""Bachata"",
  ""Brazilian Rhythms"",
  ""Caribbean Rhythms"",
  ""Merengue"",
  ""Pop"",
  ""Reggaeton"",
  ""Salsa""
]",2,iOS,Apple,Apple,"Iphone17,3",7,0,0,0,0,4,1
4278792,378dd75e-3f57-4b87-9da2-67d127127a56,2025-11-17,7,Annual,Web,App to Web,,25-34,female,United States of America,"Canada, Great Britain & United States",North America,,"[
  ""High""
]",,Intermediate,reduce stress,,"[
  ""Bachata"",
  ""Hip Hop"",
  ""Pop"",
  ""Techno""
]",2,iOS,Apple,Apple,"Iphone15,2",7,0,0,0,0,6,1
4278983,f152a732-ccd4-4d2b-a95a-9e6d7fc0b80a,2025-11-08,0,Monthly,App,Apple,,55-64,female,United States of America,"Canada, Great Britain & United States",North America,,"[
  ""Low""
]",5,Beginner,Start my fitness journey,,"[
  ""Bachata"",
  ""Caribbean Rhythms"",
  ""Cumbia"",
  ""Disco"",
  ""Hip Hop"",
  ""Merengue"",
  ""Pop"",
  ""Reggaeton"",
  ""Salsa""
]",2,iOS,Apple,Apple,"Iphone14,5",0,6,5,0.59976,17.55,15,1
4278837,6329b5ff-4846-4ce7-92f7-b035f2a07d54,2025-11-08,0,Monthly,Web,Stripe,,35-44,female,United States of America,"Canada, Great Britain & United States",North America,,"[
  ""Medium""
]",5,Beginner,lose weight and tone,,"[
  ""Afro Rhythms"",
  ""Brazilian Rhythms"",
  ""Caribbean Rhythms"",
  ""Hip Hop"",
  ""House"",
  ""Reggaeton""
]",2,iOS,Apple,Apple,"Iphone12,1",0,0,0,0,0,15,1
856271,68799541-e072-4357-ade1-821a668576ce,2025-11-18,7,Annual,Web,Stripe,,65+,female,United States of America,"Canada, Great Britain & United States",North America,,"[
  ""High""
]",,Advanced,lose weight and tone,,"[
  ""Bachata"",
  ""Cumbia"",
  ""Merengue"",
  ""Reggaeton"",
  ""Salsa""
]",3.13.1,Android,Samsung,Samsung,Sm-S911u,9,0,0,0,0,5,1
4282350,e620879e-8399-43eb-b92a-0bac4190ebfe,2025-11-10,0,Monthly,Web,App to Web,,25-34,female,United States of America,"Canada, Great Britain & United States",North America,,"[
  ""Medium""
]",3,Beginner,lose weight and tone,,"[
  ""Pop""
]",2,iOS,Apple,Apple,"Iphone15,3",0,0,0,0,0,13,1
3325453,b44ee357-17de-49b2-8523-c6bc05f5e4e1,2025-11-08,0,Monthly,App,Apple,,,,United States of America,"Canada, Great Britain & United States",North America,,"[
  ""Medium""
]",4,Beginner,Start my fitness journey,,"[
  ""Afro Rhythms"",
  ""Bachata"",
  ""Bellydance"",
  ""Bollywood"",
  ""Brazilian Rhythms"",
  ""Caribbean Rhythms"",
  ""Chill Out"",
  ""Country"",
  ""Cumbia"",
  ""Hip Hop"",
  ""K-Pop"",
  ""Merengue"",
  ""Pop"",
  ""Reggae"",
  ""Reggaeton""
]",2,iOS,Apple,Apple,"Iphone16,2",398,0,0,0,0,15,1
2890075,5f1d5a72-7e7f-4d94-8281-3fd32b1e8f9d,2025-11-10,0,Monthly,App,Apple,,,,United States of America,"Canada, Great Britain & United States",North America,In Person Classes,"[
  ""High""
]",,Intermediate,,"[
  ""Following instructors"",
  ""Finding local classes I love"",
  ""Tracking heart rate & calories with my watch""
]","[
  ""Bachata"",
  ""Cumbia"",
  ""Merengue"",
  ""Pop"",
  ""Reggaeton"",
  ""Salsa""
]",2,iOS,Apple,Apple,"Iphone14,7",624,20,10,0.88994,27.975555556,13,1
4287274,18e52c85-23e9-4f11-ba74-0af756665556,2025-11-13,0,Monthly,Web,Stripe,,45-54,female,United Kingdom,"Canada, Great Britain & United States",Europe,,"[
  ""Medium""
]",3,Beginner,lose weight and tone,,"[
  ""Disco"",
  ""Hip Hop"",
  ""Pop""
]",2,iOS,Apple,Apple,"Iphone14,5",0,2,2,0.99915,22.475,10,1
4274038,1b5c2bcf-c051-4131-b4aa-55e86fe556c1,2025-11-12,7,Annual,Web,App to Web,,25-34,female,United States of America,"Canada, Great Britain & United States",North America,,"[
  ""Medium""
]",3,Beginner,Start my fitness journey,,"[
  ""Disco"",
  ""Hip Hop"",
  ""Pop""
]",2,iOS,Apple,Apple,"Iphone14,7",7,1,1,0.9995,34.466666667,11,1
4280383,6bfc01e0-9863-4302-af94-2999617fdaf6,2025-11-09,0,Monthly,Web,Stripe,,25-34,female,United States of America,"Canada, Great Britain & United States",North America,,"[
  ""Medium"",
  ""High""
]",2,Advanced,lose weight and tone,,"[
  ""Afro Rhythms"",
  ""Bachata"",
  ""Brazilian Rhythms"",
  ""Caribbean Rhythms"",
  ""Cumbia"",
  ""Disco"",
  ""Hip Hop"",
  ""Merengue"",
  ""Pop"",
  ""Reggaeton"",
  ""Salsa""
]",2,iOS,Apple,Apple,"Iphone17,3",-1,2,2,0.7058,29.358333333,14,1
4273765,08b83975-6f8a-4f48-8fa3-11c65d171ca0,2025-11-12,7,Annual,Web,Stripe,,35-44,female,United States of America,"Canada, Great Britain & United States",North America,,"[
  ""Medium""
]",4,Intermediate,lose weight and tone,,"[
  ""Afro Rhythms"",
  ""Bachata"",
  ""Brazilian Rhythms"",
  ""Caribbean Rhythms"",
  ""Chill Out"",
  ""Cumbia"",
  ""Disco"",
  ""Electronic"",
  ""Hip Hop"",
  ""House"",
  ""Merengue"",
  ""Pop"",
  ""Reggaeton"",
  ""Salsa"",
  ""Techno"",
  ""World Rhythms""
]",2,iOS,Apple,Apple,"Iphone17,1",7,0,1,1,30,11,1
4275487,fc9d14c2-d362-4649-9c13-3591fd956f07,2025-11-13,7,Annual,Web,Stripe,,,female,United States of America,"Canada, Great Britain & United States",North America,,"[
  ""Low""
]",,,,,"[
  ""Hip Hop""
]",3.14.0,Android,Samsung,Samsung,Sm-S928u,7,7,4,0.654775,38.340909091,10,1
4268256,a363d4c0-4f56-417d-b533-de8b6fc35ebe,2025-11-09,7,Annual,Web,Stripe,,45-54,female,United States of America,"Canada, Great Britain & United States",North America,,"[
  ""Medium""
]",3,Intermediate,lose weight and tone,,"[
  ""Bachata"",
  ""Cumbia"",
  ""Disco"",
  ""Hip Hop"",
  ""Pop"",
  ""Reggaeton"",
  ""Salsa"",
  ""Techno""
]",,Mac OS X,,,,,0,0,0,0,14,1
4281983,f0039cc0-41dc-4a3f-91e5-41e237fdd075,2025-11-10,0,Monthly,App,Google,,25-34,female,United States of America,"Canada, Great Britain & United States",North America,,"[
  ""Medium""
]",4,Beginner,lose weight and tone,,,3.13.1,Android,Samsung,Samsung,Sm-S918u,0,3,3,0.6657,15.683333333,13,1
1536373,84d8ce0c-0dfb-4729-8409-03183253889e,2025-11-21,0,Monthly,App,Apple,,35-44,female,United States of America,"Canada, Great Britain & United States",North America,,"[
  ""Medium""
]",4,Advanced,lose weight and tone,,"[
  ""Cumbia"",
  ""Disco"",
  ""Hip Hop"",
  ""Merengue"",
  ""Pop"",
  ""Salsa"",
  ""Techno"",
  ""World Rhythms""
]",6,iOS,Apple,Apple,"Iphone16,2",0,0,0,0,0,2,1
4284412,0f370f01-8a74-494f-b22c-6f5b0ec9849e,2025-11-18,7,Annual,Web,Stripe,,45-54,female,United States of America,"Canada, Great Britain & United States",North America,,"[
  ""Medium""
]",5,Intermediate,lose weight and tone,,"[
  ""Afro Rhythms"",
  ""Bachata"",
  ""Brazilian Rhythms"",
  ""Caribbean Rhythms"",
  ""Cumbia"",
  ""Electronic"",
  ""Hip Hop"",
  ""House"",
  ""Merengue"",
  ""Pop"",
  ""Reggaeton"",
  ""Salsa"",
  ""World Rhythms""
]",6,iOS,Apple,Apple,"Iphone13,4",7,2,2,0.9112,42.266666667,5,1
4288807,fa250005-7b64-4993-9355-4c0986d59ea8,2025-11-21,7,Annual,Web,Stripe,,25-34,female,United States of America,"Canada, Great Britain & United States",North America,,"[
  ""Medium""
]",5,Beginner,lose weight and tone,,"[
  ""Afro Rhythms"",
  ""Brazilian Rhythms"",
  ""Caribbean Rhythms"",
  ""Hip Hop"",
  ""Pop"",
  ""Reggaeton"",
  ""Salsa"",
  ""World Rhythms""
]",6,iOS,Apple,Apple,"Iphone18,1",7,1,1,1,29.116666667,2,1
4276866,e20ee8d8-a729-4321-b075-255611b58124,2025-11-14,7,Annual,App,Apple,,45-54,female,United States of America,"Canada, Great Britain & United States",North America,,"[
  ""Medium""
]",3,Intermediate,Start my fitness journey,,"[
  ""Afro Rhythms"",
  ""Bachata"",
  ""Brazilian Rhythms"",
  ""Caribbean Rhythms"",
  ""Chill Out"",
  ""Cumbia"",
  ""Disco"",
  ""Electronic"",
  ""Hip Hop"",
  ""House"",
  ""Merengue"",
  ""Pop"",
  ""Reggaeton"",
  ""Salsa"",
  ""Techno"",
  ""World Rhythms""
]",2,iOS,Apple,Apple,"Iphone17,2",7,0,0,0,0,9,1
3476529,8347a0d3-b9c3-4132-994a-5683ab054305,2025-11-18,0,Monthly,Web,App to Web,,,,United States of America,"Canada, Great Britain & United States",North America,,"[
  ""Medium""
]",5,Intermediate,lose weight and tone,,"[
  ""Alternative"",
  ""Cumbia"",
  ""Disco"",
  ""Funk"",
  ""Hip Hop"",
  ""K-Pop"",
  ""Pop"",
  ""R&B"",
  ""Rock""
]",6,iOS,Apple,Apple,"Iphone16,1",344,0,0,0,0,5,1
4282354,d97cfbc1-59aa-4245-825a-58187f545927,2025-11-17,7,Annual,App,Apple,,55-64,female,Canada,"Canada, Great Britain & United States",North America,,"[
  ""Medium""
]",3,Beginner,lose weight and tone,,"[
  ""Disco""
]",2,iOS,Apple,Apple,"Ipad8,11",7,4,4,0.5,16.6375,6,1
4296950,fab2f1de-3a16-4ea9-9a2b-4f1c2b1af0f3,2025-11-19,0,Monthly,App,Apple,,25-34,female,United Kingdom,"Canada, Great Britain & United States",Europe,,"[
  ""Medium"",
  ""High""
]",2,Intermediate,reduce stress,,"[
  ""Brazilian Rhythms"",
  ""Caribbean Rhythms"",
  ""Disco"",
  ""Merengue"",
  ""Pop"",
  ""Reggaeton"",
  ""Salsa"",
  ""World Rhythms""
]",6,iOS,Apple,Apple,"Iphone13,2",0,4,2,0.99975,34.15,4,1
4293717,214bdf4f-5547-4ba8-b602-8facf6f0806b,2025-11-17,0,Monthly,Web,Stripe,,35-44,female,United States of America,"Canada, Great Britain & United States",North America,,"[
  ""High""
]",3,Intermediate,lose weight and tone,,"[
  ""Afro Rhythms"",
  ""Hip Hop"",
  ""Pop""
]",2,iOS,Apple,Apple,"Mac14,15",0,2,1,0.9964,32.416666667,6,1
4289328,4b018520-8320-4e58-a1c3-409c54bc18ed,2025-11-22,7,Annual,App,Google,,35-44,female,Curaçao,Rest of the World,,,"[
  ""Medium""
]",7,Intermediate,lose weight and tone,,"[
  ""Afro Rhythms"",
  ""Bachata"",
  ""Brazilian Rhythms"",
  ""Caribbean Rhythms"",
  ""Cumbia"",
  ""Hip Hop"",
  ""Pop"",
  ""Reggaeton"",
  ""Salsa"",
  ""World Rhythms""
]",3.14.0,Android,Alldocube,Alldocube,Iplay50 Pro,8,0,0,0,0,1,1
4156740,43e0c818-d016-43d4-8c99-a69065f63007,2025-11-17,0,Annual,Web,App to Web,,45-54,female,United States of America,"Canada, Great Britain & United States",North America,,"[
  ""Low""
]",3,Beginner,lose weight and tone,,"[
  ""Bachata"",
  ""Brazilian Rhythms"",
  ""Caribbean Rhythms"",
  ""Cumbia"",
  ""Pop"",
  ""Reggaeton"",
  ""Salsa""
]",2,iOS,Apple,Apple,"Iphone17,2",79,0,0,0,0,6,1
4272462,46673b51-cbf1-4f25-93ce-2676f7b47db4,2025-11-16,0,Monthly,App,Apple,,25-34,female,United States of America,"Canada, Great Britain & United States",North America,,"[
  ""Medium"",
  ""High""
]",5,Beginner,Start my fitness journey,,"[
  ""Bachata"",
  ""Brazilian Rhythms"",
  ""Caribbean Rhythms"",
  ""Chill Out"",
  ""Cumbia"",
  ""Disco"",
  ""Hip Hop"",
  ""House"",
  ""Merengue"",
  ""Pop"",
  ""Reggaeton"",
  ""Salsa"",
  ""Techno"",
  ""World Rhythms""
]",2,iOS,Apple,Apple,"Iphone14,8",12,5,4,0.390325,24.687037037,7,1
4284625,ca351dcc-8fd3-4e3d-be3c-860e550300e9,2025-11-12,0,Monthly,Web,Stripe,,25-34,female,United States of America,"Canada, Great Britain & United States",North America,,"[
  ""Low"",
  ""Medium"",
  ""High""
]",5,Beginner,lose weight and tone,,"[
  ""Bachata"",
  ""Brazilian Rhythms"",
  ""Cumbia"",
  ""Hip Hop"",
  ""Merengue"",
  ""Pop"",
  ""Reggaeton"",
  ""Salsa""
]",2,iOS,Apple,Apple,"Iphone18,1",0,0,0,0,0,11,1
4270358,f680fef2-acdc-460a-88f4-05bcf54fdce8,2025-11-10,7,Annual,Web,Stripe,Samsung,55-64,female,United States of America,"Canada, Great Britain & United States",North America,,"[
  ""Medium""
]",4,Intermediate,lose weight and tone,,"[
  ""Brazilian Rhythms"",
  ""Cumbia"",
  ""Hip Hop"",
  ""Reggaeton"",
  ""Salsa"",
  ""World Rhythms""
]",3.14.0,Android,Samsung,Samsung,Sm-G996u,7,13,9,0.9429666667,32.324166667,13,1
4287359,c0dabc57-8694-4ede-a6f1-418485741efa,2025-11-20,7,Annual,Web,App to Web,,25-34,female,United States of America,"Canada, Great Britain & United States",North America,,"[
  ""Medium""
]",5,Intermediate,lose weight and tone,,"[
  ""Brazilian Rhythms"",
  ""Caribbean Rhythms"",
  ""Cumbia"",
  ""Electronic"",
  ""Hip Hop"",
  ""Pop"",
  ""Reggaeton"",
  ""Salsa""
]",2,iOS,Apple,Apple,"Iphone17,3",7,0,0,0,0,3,1
4279491,f2da2c19-c64a-42b3-ad79-882d87c2f763,2025-11-09,0,Monthly,App,Google,,45-54,female,Germany,Rest of the World,Europe,,"[
  ""High""
]",,Advanced,lose weight and tone,,"[
  ""Bachata"",
  ""Brazilian Rhythms"",
  ""Caribbean Rhythms"",
  ""Disco"",
  ""Hip Hop"",
  ""Merengue"",
  ""Pop"",
  ""Salsa""
]",3.14.0,Android,Google,Google,Pixel 8 Pro,0,10,7,0.1795571429,47.884313725,14,1
4285308,45401f78-ed8e-45f7-a7a0-ec85d80b70b9,2025-11-12,0,Monthly,Web,Stripe,,45-54,female,United States of America,"Canada, Great Britain & United States",North America,,"[
  ""High""
]",5,Advanced,lose weight and tone,,"[
  ""Brazilian Rhythms"",
  ""Hip Hop"",
  ""Salsa""
]",2,iOS,Apple,Apple,"Iphone17,1",0,0,0,0,0,11,1
3620161,00115e55-ab08-4a45-81db-fedab2c9db0d,2025-11-17,0,Monthly,Web,App to Web,,25-34,female,United States of America,"Canada, Great Britain & United States",North America,,"[
  ""Low"",
  ""Medium"",
  ""High""
]",4,Beginner,lose weight and tone,,"[
  ""Caribbean Rhythms"",
  ""Chill Out"",
  ""Pop""
]",2,iOS,Apple,Apple,"Iphone17,3",267,2,2,0.5,16.566666667,6,1
4219991,a51ce06f-105f-4fdf-baa5-52ff88f1f48d,2025-11-14,0,Monthly,Web,App to Web,,45-54,female,United States of America,"Canada, Great Britain & United States",North America,,"[
  ""High""
]",3,Advanced,reduce stress,,,6,iOS,Apple,Apple,"Iphone17,2",,14,9,0.5122666667,41.307246377,9,1
4301174,9416f9f8-9023-4c4c-8554-dfad5071cf8b,2025-11-21,0,Monthly,App,Apple,,,,United States of America,"Canada, Great Britain & United States",North America,,,,,,,,6,iOS,Apple,Apple,"Iphone18,1",0,0,0,0,0,2,1
2772642,bd1a10dd-6dcc-44e4-b965-f70c3d8e9076,2025-11-14,7,Annual,Web,App to Web,,,,United States of America,"Canada, Great Britain & United States",North America,Virtual Classes,"[
  ""High""
]",,Advanced,,"[
  ""Following instructors"",
  ""Earning Badges"",
  ""Taking classes at home""
]","[
  ""Alternative"",
  ""Country"",
  ""Hip Hop"",
  ""Pop"",
  ""R&B"",
  ""Rock""
]",2,iOS,Apple,Apple,"Iphone14,5",702,0,0,0,0,9,1
4284070,ca82ea22-73d2-4c1b-ba15-7fa855a9fc69,2025-11-12,0,Monthly,Web,Stripe,,25-34,female,United States of America,"Canada, Great Britain & United States",North America,,"[
  ""Medium""
]",3,Beginner,lose weight and tone,,"[
  ""Hip Hop"",
  ""Pop"",
  ""Reggaeton""
]",3.14.0,Android,Samsung,Samsung,Sm-S931u1,1,7,6,0.6467666667,20.832051282,11,1
4299793,6afa8a26-193e-4030-b7af-fe51f255a095,2025-11-20,0,Monthly,Web,Stripe,,45-54,female,United States of America,"Canada, Great Britain & United States",North America,,"[
  ""Low""
]",3,Intermediate,lose weight and tone,,"[
  ""Chill Out"",
  ""Cumbia"",
  ""Hip Hop"",
  ""Pop"",
  ""Salsa""
]",,iOS,,,,,0,0,0,0,3,1
4268821,3b2aa1b9-5d40-42ea-a0c4-8a5eda8942af,2025-11-09,7,Annual,Web,Stripe,,45-54,female,United States of America,"Canada, Great Britain & United States",North America,,"[
  ""Medium""
]",5,Intermediate,lose weight and tone,,"[
  ""Disco"",
  ""Hip Hop"",
  ""Pop""
]",,iOS,,,,,0,0,0,0,14,1
4287914,06361d36-3c74-4dd6-96d5-565db795d990,2025-11-20,7,Annual,App,Google,,45-54,female,Canada,"Canada, Great Britain & United States",North America,,"[
  ""Low""
]",,Beginner,lose weight and tone,,"[
  ""Afro Rhythms"",
  ""Bachata"",
  ""Brazilian Rhythms"",
  ""Caribbean Rhythms"",
  ""Chill Out"",
  ""Cumbia"",
  ""Disco"",
  ""Electronic"",
  ""Hip Hop"",
  ""House"",
  ""Merengue"",
  ""Pop"",
  ""Reggaeton"",
  ""Salsa"",
  ""Techno"",
  ""World Rhythms""
]",3.14.0,Android,Samsung,Samsung,Sm-S938w,7,4,2,0.49845,21.633333333,3,1
4271344,5616d64c-9cca-4d96-b99c-57c40a97d5fc,2025-11-11,7,Annual,Web,Stripe,Strand,45-54,female,United States of America,"Canada, Great Britain & United States",North America,,"[
  ""Medium""
]",,Beginner,lose weight and tone,,"[
  ""Afro Rhythms"",
  ""Bachata"",
  ""Brazilian Rhythms"",
  ""Caribbean Rhythms"",
  ""Chill Out"",
  ""Cumbia"",
  ""Disco"",
  ""Electronic"",
  ""Hip Hop"",
  ""House"",
  ""Merengue"",
  ""Pop"",
  ""Reggaeton"",
  ""Salsa"",
  ""Techno"",
  ""World Rhythms""
]",3.13.1,Android,Samsung,Samsung,Sm-S936u,7,0,0,0,0,12,1
4124081,3645d68d-d8b7-4486-86db-356d6c3e7548,2025-11-09,0,Annual,Web,Stripe,,35-44,female,United States of America,"Canada, Great Britain & United States",North America,,"[
  ""Low"",
  ""Medium"",
  ""High""
]",3,Intermediate,lose weight and tone,,"[
  ""Afro Rhythms"",
  ""Bachata"",
  ""Brazilian Rhythms"",
  ""Caribbean Rhythms"",
  ""Cumbia"",
  ""Hip Hop"",
  ""Merengue"",
  ""Reggaeton"",
  ""Salsa""
]",3.10.0,Android,Samsung,Samsung,Sm-S921u,90,0,0,0,0,14,1
4297302,17301472-cdb5-4afc-ab78-cbbb5969b329,2025-11-19,0,Monthly,Web,App to Web,,35-44,female,United States of America,"Canada, Great Britain & United States",North America,,"[
  ""High""
]",5,Beginner,lose weight and tone,,"[
  ""Hip Hop"",
  ""Pop"",
  ""Techno""
]",6,iOS,Apple,Apple,"Iphone17,1",0,6,5,0.38572,27.021212121,4,1
3730264,5bbce9fa-cb46-488d-94b7-55c04a77fa5e,2025-11-20,7,Annual,Web,App to Web,,,,United States of America,"Canada, Great Britain & United States",North America,,"[
  ""High""
]",3,Advanced,reduce stress,,"[
  ""Bachata"",
  ""Cumbia"",
  ""Merengue"",
  ""Pop""
]",6,iOS,Apple,Apple,"Iphone16,1",273,1,0,0,50.933333333,3,1
4279019,dfda1002-6b14-4c6c-9dd4-d5f6e798d3db,2025-11-18,7,Annual,Web,App to Web,,35-44,female,United States of America,"Canada, Great Britain & United States",North America,,"[
  ""Low""
]",4,Intermediate,lose weight and tone,,"[
  ""Afro Rhythms"",
  ""Brazilian Rhythms"",
  ""Caribbean Rhythms"",
  ""Cumbia"",
  ""Hip Hop"",
  ""Merengue"",
  ""Pop"",
  ""Reggaeton"",
  ""Salsa""
]",2,iOS,Apple,Apple,"Iphone12,1",10,2,2,0.56365,30.516666667,5,1
4291822,738157d5-57b0-480e-b42e-2411f82e743e,2025-11-16,0,Monthly,Web,Stripe,,35-44,female,United Kingdom,"Canada, Great Britain & United States",Europe,,"[
  ""Medium""
]",3,Beginner,lose weight and tone,,"[
  ""Afro Rhythms"",
  ""Bachata"",
  ""Brazilian Rhythms"",
  ""Caribbean Rhythms"",
  ""Chill Out"",
  ""Cumbia"",
  ""Disco"",
  ""Electronic"",
  ""Hip Hop"",
  ""House"",
  ""Merengue"",
  ""Pop"",
  ""Reggaeton"",
  ""Salsa"",
  ""Techno"",
  ""World Rhythms""
]",3.13.1,Android,Samsung,Samsung,Sm-S928b,0,2,2,0.5606,23.166666667,7,1
4280405,4caa9378-bafc-49b8-b506-efc67766c54b,2025-11-16,7,Annual,Web,Stripe,,65+,female,United States of America,"Canada, Great Britain & United States",North America,,"[
  ""Medium""
]",,Intermediate,lose weight and tone,,"[
  ""Brazilian Rhythms"",
  ""Caribbean Rhythms"",
  ""Disco"",
  ""Pop"",
  ""Salsa""
]",2,iOS,Apple,Apple,"Iphone15,2",7,0,0,0,0,7,1
4287571,d4ac50b6-5829-4772-bc72-a8e9aea14daa,2025-11-14,0,Monthly,Web,Stripe,,35-44,female,United Kingdom,"Canada, Great Britain & United States",Europe,,"[
  ""Medium""
]",3,Beginner,lose weight and tone,,"[
  ""Bachata"",
  ""Cumbia"",
  ""Merengue"",
  ""Reggaeton"",
  ""Salsa""
]",2,iOS,Apple,Apple,"Iphone14,4",0,1,1,1,32.116666667,9,1
4298323,ea04f192-ce7e-4538-b0a3-2e895aeb3301,2025-11-19,0,Monthly,App,Apple,,35-44,female,United States of America,"Canada, Great Britain & United States",North America,,"[
  ""Medium""
]",3,Beginner,lose weight and tone,,"[
  ""House"",
  ""Merengue"",
  ""Salsa""
]",2,iOS,Apple,Apple,"Iphone14,8",0,3,1,0,12.366666667,4,1
4296391,31fe97e8-e772-452d-870b-0655d1146db7,2025-11-19,0,Monthly,App,Google,,35-44,female,United States of America,"Canada, Great Britain & United States",North America,,"[
  ""Medium""
]",4,Intermediate,lose weight and tone,,"[
  ""Brazilian Rhythms"",
  ""Caribbean Rhythms"",
  ""Hip Hop"",
  ""Pop"",
  ""Reggaeton"",
  ""Salsa"",
  ""Techno"",
  ""World Rhythms""
]",3.13.1,Android,Google,Google,Pixel 8,0,0,0,0,0,4,1
4296706,3b79d458-bd32-4ab7-93a4-c6f54b9941c7,2025-11-18,0,Monthly,Web,Stripe,,35-44,female,United States of America,"Canada, Great Britain & United States",North America,,"[
  ""Low""
]",3,Intermediate,lose weight and tone,,"[
  ""Afro Rhythms"",
  ""Bachata"",
  ""House"",
  ""Merengue"",
  ""Reggaeton"",
  ""Salsa""
]",3.13.1,Android,Samsung,Samsung,Sm-S938u1,0,1,1,0.5305,13.916666667,5,1
4289308,b0179f7c-bb4a-43dd-b0c1-762f3f3935fe,2025-11-14,0,Monthly,App,Google,,45-54,female,Canada,"Canada, Great Britain & United States",North America,,"[
  ""High""
]",5,Advanced,lose weight and tone,,"[
  ""Bachata"",
  ""Brazilian Rhythms"",
  ""Cumbia"",
  ""Hip Hop"",
  ""Merengue"",
  ""Reggaeton"",
  ""Salsa""
]",3.13.1,Android,Samsung,Samsung,Sm-S901w,0,1,1,0.7138,13.916666667,9,1
4205287,8920f70b-ce27-42fa-bbea-1c20328fb3e0,2025-11-16,0,Monthly,Web,Stripe,,45-54,female,United Kingdom,"Canada, Great Britain & United States",Europe,,"[
  ""Low"",
  ""Medium""
]",4,Beginner,lose weight and tone,,"[
  ""Caribbean Rhythms"",
  ""Chill Out"",
  ""Disco"",
  ""Hip Hop"",
  ""Pop"",
  ""World Rhythms""
]",2,iOS,Apple,Apple,"Iphone13,1",0,2,0,0,40.133333333,7,1
4288636,06cbaf75-391a-4acd-b97d-6c0ee0e8f478,2025-11-21,7,Annual,Web,Stripe,,35-44,female,United States of America,"Canada, Great Britain & United States",North America,,"[
  ""Low"",
  ""Medium""
]",3,Beginner,Start my fitness journey,,"[
  ""Afro Rhythms"",
  ""Bachata"",
  ""Brazilian Rhythms"",
  ""Caribbean Rhythms"",
  ""Chill Out"",
  ""Cumbia"",
  ""Disco"",
  ""Electronic"",
  ""Hip Hop"",
  ""House"",
  ""Merengue"",
  ""Pop"",
  ""Reggaeton"",
  ""Salsa"",
  ""Techno"",
  ""World Rhythms""
]",,iOS,,,,,0,0,0,0,2,1
4290810,338a7508-fd77-4557-ba6e-3a84a0f60bdb,2025-11-22,7,Annual,App,Apple,,25-34,female,United States of America,"Canada, Great Britain & United States",North America,,"[
  ""Medium""
]",5,Intermediate,reduce stress,,"[
  ""Disco"",
  ""Electronic"",
  ""Hip Hop"",
  ""House"",
  ""Pop"",
  ""Techno""
]",2,iOS,Apple,Apple,"Iphone17,2",7,0,0,0,0,1,1
4279927,09227158-e2a0-407d-9e49-8b2bedaea39e,2025-11-09,0,Monthly,Web,Stripe,,35-44,female,United States of America,"Canada, Great Britain & United States",North America,,"[
  ""High""
]",3,Intermediate,Have some fun,,"[
  ""Caribbean Rhythms"",
  ""Disco"",
  ""Pop"",
  ""Reggaeton""
]",,Mac OS X,,,,,0,0,0,0,14,1
4265866,89270534-f5e8-4b9e-9e3d-374d9aa777a9,2025-11-09,0,Monthly,Web,App to Web,,35-44,female,United States of America,"Canada, Great Britain & United States",North America,,"[
  ""High""
]",4,Advanced,lose weight and tone,,"[
  ""Pop""
]",2,iOS,Apple,Apple,"Iphone17,2",9,5,4,0.926,33.37962963,14,1
4270875,4bcce0a7-7ea7-4a3b-a7b4-d8df5a31af5f,2025-11-10,7,Annual,App,Google,,55-64,female,United States of America,"Canada, Great Britain & United States",North America,,"[
  ""Medium""
]",4,Intermediate,lose weight and tone,,"[
  ""Bachata"",
  ""Brazilian Rhythms"",
  ""Caribbean Rhythms"",
  ""Cumbia"",
  ""Disco"",
  ""Merengue"",
  ""Salsa""
]",3.14.0,Android,Samsung,Samsung,Sm-S938u,7,12,7,0.7507,36.734210526,13,1
4296819,41d6b187-1e8f-421c-8216-a45760558c9f,2025-11-19,0,Monthly,Web,Stripe,,35-44,female,United States of America,"Canada, Great Britain & United States",North America,,"[
  ""Low"",
  ""Medium""
]",3,Beginner,lose weight and tone,,"[
  ""Pop""
]",,iOS,,,,,0,0,0,0,4,1
4286733,c4eee81d-8d92-4f95-b522-6782426e2813,2025-11-16,0,Monthly,App,Google,,45-54,female,United States of America,"Canada, Great Britain & United States",North America,,"[
  ""Low"",
  ""Medium"",
  ""High""
]",3,Beginner,lose weight and tone,,"[
  ""Hip Hop"",
  ""Pop""
]",3.13.1,Android,Motorola,Motorola,Moto G Play - 2024,0,2,0,0,13.916666667,7,1
4282694,5b07b738-c8f1-43cf-8196-e5947a8fe8b7,2025-11-18,7,Monthly,Web,App to Web,,,,United States of America,"Canada, Great Britain & United States",North America,,,,,,,,2,iOS,Apple,Apple,"Iphone16,2",7,0,0,0,0,5,1
4188260,2318809e-2d0d-4a01-81cb-16c77e0b8bdc,2025-11-16,7,Annual,Web,App to Web,,45-54,female,United States of America,"Canada, Great Britain & United States",North America,,"[
  ""Medium""
]",2,Intermediate,lose weight and tone,,"[
  ""Brazilian Rhythms"",
  ""Caribbean Rhythms"",
  ""Chill Out"",
  ""Disco"",
  ""Electronic"",
  ""Merengue"",
  ""Pop"",
  ""Salsa"",
  ""Techno""
]",2,iOS,Apple,Apple,"Iphone15,3",62,0,0,0,0,7,1
4163154,f14a407e-2ed4-4656-8b2b-80ffdf4d4e20,2025-11-11,0,Monthly,App,Apple,,35-44,female,United States of America,"Canada, Great Britain & United States",North America,,"[
  ""Medium"",
  ""High""
]",2,Intermediate,lose weight and tone,,"[
  ""Afro Rhythms"",
  ""Bachata"",
  ""Brazilian Rhythms"",
  ""Caribbean Rhythms"",
  ""Chill Out"",
  ""Cumbia"",
  ""Electronic"",
  ""Hip Hop"",
  ""Merengue"",
  ""Pop"",
  ""Reggaeton"",
  ""Salsa"",
  ""Techno"",
  ""World Rhythms""
]",4,iOS,Apple,Apple,"Iphone14,2",63,3,2,0.9322,26.783333333,12,1
4201530,b2011268-1e32-4e94-89a5-435eb233a3d1,2025-11-13,0,Annual,App,Apple,,35-44,female,United States of America,"Canada, Great Britain & United States",North America,,"[
  ""High""
]",5,Intermediate,,,,2,iOS,Apple,Apple,"Iphone15,5",21,19,4,0.5956,34.865942029,10,1
4282943,d57abeb8-cb98-4151-9477-5bbf46af7488,2025-11-18,7,Annual,App,Apple,,45-54,female,Germany,Rest of the World,Europe,,"[
  ""High""
]",3,Intermediate,lose weight and tone,,"[
  ""Bachata"",
  ""Brazilian Rhythms"",
  ""Caribbean Rhythms"",
  ""Cumbia"",
  ""Disco"",
  ""Electronic"",
  ""Hip Hop"",
  ""House"",
  ""Merengue"",
  ""Pop"",
  ""Reggaeton"",
  ""Salsa"",
  ""Techno"",
  ""World Rhythms""
]",2,iOS,Apple,Apple,"Iphone15,5",7,4,3,0.9969666667,52.683333333,5,1
4290285,be4118dc-469c-4c4e-9f4f-c102e153c70e,2025-11-15,0,Monthly,Web,App to Web,,35-44,female,United States of America,"Canada, Great Britain & United States",North America,,"[
  ""Medium""
]",3,Intermediate,lose weight and tone,,"[
  ""Caribbean Rhythms"",
  ""Hip Hop"",
  ""Pop"",
  ""Salsa""
]",2,iOS,Apple,Apple,"Iphone16,1",0,0,0,0,0,8,1
4289168,2e7a7d83-f240-41cc-9752-9b6eaa9d06a9,2025-11-14,0,Monthly,Web,Stripe,,35-44,female,United States of America,"Canada, Great Britain & United States",North America,,"[
  ""Medium""
]",4,Intermediate,lose weight and tone,,"[
  ""Bachata"",
  ""Brazilian Rhythms"",
  ""Caribbean Rhythms"",
  ""Chill Out"",
  ""Cumbia"",
  ""Hip Hop"",
  ""Merengue"",
  ""Pop"",
  ""Reggaeton"",
  ""Salsa""
]",2,iOS,Apple,Apple,"Iphone18,1",0,1,0,0,54.516666667,9,1
3220960,b5b6b2f7-839e-47bf-8e11-a58083e314c4,2025-11-21,7,Annual,Web,Stripe,,,,United States of America,"Canada, Great Britain & United States",North America,,"[
  ""High""
]",3,Intermediate,lose weight and tone,,"[
  ""Afrobeats"",
  ""Bollywood"",
  ""Hip Hop"",
  ""Pop"",
  ""R&B"",
  ""Reggae"",
  ""Reggaeton""
]",2,iOS,Apple,Apple,"Iphone13,4",464,0,0,0,0,2,1
4110541,25732b0d-8625-4361-b895-98846fdf0cb9,2025-11-17,7,Annual,App,Apple,,,,United States of America,"Canada, Great Britain & United States",North America,,"[
  ""Low""
]",3,Beginner,lose weight and tone,,"[
  ""Bollywood"",
  ""Brazilian Rhythms"",
  ""Caribbean Rhythms"",
  ""Chill Out"",
  ""Country"",
  ""Electronic"",
  ""Hip Hop"",
  ""House"",
  ""K-Pop"",
  ""Merengue"",
  ""Pop"",
  ""R&B"",
  ""Rock"",
  ""Salsa"",
  ""Techno"",
  ""World Rhythms""
]",5,iOS,Apple,Apple,"Iphone17,3",105,0,0,0,0,6,1
4272901,b6caa55a-2f4c-4c6b-b785-4d217222cb99,2025-11-12,7,Annual,Web,App to Web,,35-44,female,United States of America,"Canada, Great Britain & United States",North America,,"[
  ""Low""
]",5,Beginner,lose weight and tone,,,2,iOS,Apple,Apple,"Iphone14,2",7,0,0,0,0,11,1
3076766,0cf7617d-61bf-4bc7-a519-ba6640a78c4f,2025-11-11,7,Annual,App,Apple,,,,Chile,Rest of the World,LATAM,,"[
  ""Medium"",
  ""High""
]",5,Advanced,lose weight and tone,,"[
  ""Afrobeats"",
  ""Bachata"",
  ""Broadway"",
  ""Cumbia"",
  ""Disco"",
  ""Hip Hop"",
  ""House"",
  ""K-Pop"",
  ""Merengue"",
  ""Pop"",
  ""Reggae"",
  ""Reggaeton"",
  ""Rock"",
  ""Salsa"",
  ""Soca""
]",2,iOS,Apple,Apple,"Iphone15,3",517,8,4,0.772075,49.409722222,12,1
4299682,1d465811-24a3-4367-9ed0-c171435d9337,2025-11-20,0,Monthly,Web,App to Web,,55-64,female,United States of America,"Canada, Great Britain & United States",North America,,"[
  ""Medium""
]",5,Beginner,lose weight and tone,,,6,iOS,Apple,Apple,"Ipad13,18",0,2,2,0.9989,15.7,3,1
4291837,e73975ee-2fa6-4f57-abd1-36bdb72a8d92,2025-11-16,0,Monthly,App,Apple,,45-54,female,United Kingdom,"Canada, Great Britain & United States",Europe,,"[
  ""Medium""
]",3,Intermediate,lose weight and tone,,"[
  ""Brazilian Rhythms"",
  ""Caribbean Rhythms"",
  ""Cumbia"",
  ""Disco"",
  ""Salsa""
]",2,iOS,Apple,Apple,"Iphone14,6",0,6,3,0.9617,30.451851852,7,1
4301822,e1bad639-d15d-4a7d-aea1-afacbf722057,2025-11-22,0,Monthly,Web,Stripe,,35-44,female,United Kingdom,"Canada, Great Britain & United States",Europe,,"[
  ""High""
]",3,Intermediate,lose weight and tone,,"[
  ""Afro Rhythms"",
  ""Bachata"",
  ""Brazilian Rhythms"",
  ""Caribbean Rhythms"",
  ""Hip Hop"",
  ""Pop"",
  ""Reggaeton"",
  ""Salsa""
]",6,iOS,Apple,Apple,"Iphone14,5",0,0,0,0,0,1,1
4258556,316a7256-94de-41a7-b113-1ac893c2ba96,2025-11-14,0,Monthly,Web,Stripe,,45-54,female,United States of America,"Canada, Great Britain & United States",North America,,"[
  ""Medium""
]",3,Intermediate,lose weight and tone,,"[
  ""Afro Rhythms"",
  ""Bachata"",
  ""Brazilian Rhythms"",
  ""Cumbia"",
  ""Disco"",
  ""Electronic"",
  ""Merengue"",
  ""Pop"",
  ""Reggaeton"",
  ""Salsa""
]",3.13.1,Android,Google,Google,Pixel 7a,0,4,4,0.39235,26.4875,9,1
4297726,bd500fd6-89f4-45c3-aa43-b929cf15b071,2025-11-19,0,Annual,Web,App to Web,,35-44,female,United States of America,"Canada, Great Britain & United States",North America,,"[
  ""Medium""
]",3,Intermediate,lose weight and tone,,"[
  ""Afro Rhythms"",
  ""Bachata"",
  ""Brazilian Rhythms"",
  ""Caribbean Rhythms"",
  ""Chill Out"",
  ""Cumbia"",
  ""Hip Hop"",
  ""House"",
  ""Pop"",
  ""Reggaeton"",
  ""World Rhythms""
]",6,iOS,Apple,Apple,"Iphone16,2",,6,2,0.99705,9.054166667,4,1
4298701,b64a362c-eb54-43df-b93f-5ec401214e25,2025-11-20,0,Monthly,Web,Stripe,,35-44,female,Saudi Arabia,Rest of the World,ME-A,,"[
  ""Medium""
]",3,Intermediate,lose weight and tone,,"[
  ""Afro Rhythms"",
  ""Bachata"",
  ""Brazilian Rhythms"",
  ""Caribbean Rhythms"",
  ""Chill Out"",
  ""Cumbia"",
  ""Disco"",
  ""Hip Hop"",
  ""House"",
  ""Merengue"",
  ""Pop"",
  ""Reggaeton"",
  ""Salsa"",
  ""Techno"",
  ""World Rhythms""
]",3.14.0,Android,Samsung,Samsung,Sm-S938b,0,1,1,0.4898,13.916666667,3,1
3916240,edd5d238-f68b-48af-83a4-4eaaa5723e95,2025-11-17,0,Monthly,Web,Stripe,,,,United States of America,"Canada, Great Britain & United States",North America,,,3,,Start my fitness journey,,,2,iOS,Apple,Apple,"Iphone14,3",195,4,3,0.7598,24.697619048,6,1
4261290,5734521d-036e-47f3-84ad-450f4c937c20,2025-11-21,0,Monthly,Web,Stripe,,35-44,female,United States of America,"Canada, Great Britain & United States",North America,,"[
  ""High"",
  ""Medium""
]",5,,lose weight and tone,,"[
  ""Brazilian Rhythms"",
  ""Caribbean Rhythms"",
  ""Chill Out"",
  ""Disco"",
  ""Hip Hop"",
  ""House"",
  ""Merengue"",
  ""Pop"",
  ""Salsa""
]",6,iOS,Apple,Apple,"Iphone14,7",24,10,3,0.3942666667,26.31025641,2,1
4300249,05b1d1b0-492f-4678-9b56-3b6bd14ec9b1,2025-11-20,0,Monthly,Web,App to Web,,35-44,female,United States of America,"Canada, Great Britain & United States",North America,,"[
  ""Medium"",
  ""Low"",
  ""High""
]",7,Beginner,lose weight and tone,,"[
  ""Bachata"",
  ""Cumbia"",
  ""Hip Hop"",
  ""Merengue"",
  ""Pop"",
  ""Reggaeton"",
  ""Salsa""
]",6,iOS,Apple,Apple,"Iphone14,2",0,0,0,0,0,3,1
3972431,2926bbbf-0e3f-4e84-b30f-393417054d77,2025-11-21,7,Annual,Web,App to Web,,,,United States of America,"Canada, Great Britain & United States",North America,,"[
  ""Medium""
]",3,Beginner,Have some fun,,"[
  ""Caribbean Rhythms"",
  ""Pop""
]",2,iOS,Apple,Apple,"Iphone17,1",176,0,0,0,0,2,1
4294666,b838d4c3-a99b-43ab-8213-ca5c5808cc7c,2025-11-17,0,Monthly,Web,App to Web,,45-54,female,United States of America,"Canada, Great Britain & United States",North America,,"[
  ""Low""
]",4,Beginner,lose weight and tone,,"[
  ""Bachata"",
  ""Brazilian Rhythms"",
  ""Merengue"",
  ""Salsa""
]",2,iOS,Apple,Apple,"Iphone14,7",0,1,1,0,1.016666667,6,1
4286899,e7199ec4-395c-4303-878f-d4da080056aa,2025-11-20,7,Annual,Web,Stripe,,35-44,female,United States of America,"Canada, Great Britain & United States",North America,,"[
  ""Medium""
]",3,Intermediate,lose weight and tone,,"[
  ""Bachata"",
  ""Brazilian Rhythms"",
  ""Caribbean Rhythms"",
  ""Cumbia"",
  ""Disco"",
  ""Hip Hop"",
  ""House"",
  ""Merengue"",
  ""Pop"",
  ""Reggaeton"",
  ""Salsa"",
  ""Techno""
]",2,iOS,Apple,Apple,"Iphone15,3",7,0,0,0,0,3,1
4279298,b8342420-41a6-42b9-bf1f-e561fb05b514,2025-11-09,0,Monthly,App,Apple,,45-54,female,United Kingdom,"Canada, Great Britain & United States",Europe,,"[
  ""Medium""
]",3,Beginner,Start my fitness journey,,"[
  ""Afro Rhythms"",
  ""Brazilian Rhythms"",
  ""Caribbean Rhythms"",
  ""Disco"",
  ""Hip Hop"",
  ""House"",
  ""World Rhythms""
]",2,iOS,Apple,Apple,"Iphone14,5",0,6,5,0.39976,10.189393939,14,1
1931815,3f429391-960c-461c-a634-6e57eaa27e8f,2025-11-16,7,Annual,Web,Stripe,,,,United States of America,"Canada, Great Britain & United States",North America,,,,,lose weight and tone,,,3.14.0,Android,Samsung,Samsung,Sm-G990u3,7,4,2,0.86025,21.991666667,7,1
4269701,63db5ecd-50ab-4f15-9478-719a9bff34af,2025-11-10,7,Annual,Web,Stripe,,35-44,female,United States of America,"Canada, Great Britain & United States",North America,,"[
  ""Low"",
  ""Medium""
]",2,Intermediate,lose weight and tone,,"[
  ""Caribbean Rhythms"",
  ""Chill Out"",
  ""Cumbia"",
  ""Electronic"",
  ""Pop"",
  ""Reggaeton"",
  ""Salsa"",
  ""Techno""
]",3.13.1,Android,Samsung,Samsung,Sm-S936u,7,0,0,0,0,13,1
4287157,6cb5af3f-a83d-47c0-8585-f1d10a397fc7,2025-11-13,0,Monthly,App,Apple,,25-34,female,Ecuador,Rest of the World,LATAM,,"[
  ""High""
]",3,Advanced,lose weight and tone,,"[
  ""Afro Rhythms"",
  ""Bachata"",
  ""Brazilian Rhythms"",
  ""Caribbean Rhythms"",
  ""Cumbia"",
  ""Electronic"",
  ""Merengue"",
  ""Reggaeton"",
  ""Salsa"",
  ""Techno""
]",2,iOS,Apple,Apple,"Iphone16,2",0,8,2,0.076,39.958333333,10,1
4278913,203bd2b8-449d-4400-9834-cd65ba8be7fa,2025-11-15,7,Annual,Web,App to Web,,45-54,female,United States of America,"Canada, Great Britain & United States",North America,,"[
  ""Medium"",
  ""High""
]",4,Intermediate,lose weight and tone,,"[
  ""Bachata"",
  ""Brazilian Rhythms"",
  ""Hip Hop"",
  ""Pop"",
  ""Reggaeton"",
  ""Salsa"",
  ""World Rhythms""
]",2,iOS,Apple,Apple,"Iphone17,1",7,0,0,0,0,8,1
4279410,d2e0b09e-a476-4451-a965-9c1c62df0fa4,2025-11-16,7,Annual,Web,Stripe,Xtend,,,United States of America,"Canada, Great Britain & United States",North America,,,3,,,,,2,iOS,Apple,Apple,"Ipad13,9",7,0,0,0,0,7,1
2041952,95598f5b-bb2e-41cd-845b-404fe2540626,2025-11-09,14,Annual,App,Apple,,,,Switzerland,Rest of the World,Europe,,"[
  ""Medium""
]",,Intermediate,,,"[
  ""Afrobeats"",
  ""Bachata"",
  ""Cumbia"",
  ""Disco"",
  ""Merengue"",
  ""Pop"",
  ""Reggae"",
  ""Reggaeton"",
  ""Salsa""
]",2,iOS,Apple,Apple,"Macbookair10,1",682,1,2,0.533,21.733333333,14,1
4287340,29a16268-5c5a-456b-83fc-7fc0199968bf,2025-11-13,0,Monthly,Web,Stripe,,65+,female,United States of America,"Canada, Great Britain & United States",North America,,"[
  ""Medium""
]",3,Intermediate,Have some fun,,"[
  ""Bachata"",
  ""Brazilian Rhythms"",
  ""Cumbia"",
  ""Reggaeton"",
  ""Salsa"",
  ""World Rhythms""
]",,iOS,,,,,0,0,0,0,10,1
4286146,207bf821-10ea-4046-8cf0-83ffdc390f52,2025-11-12,0,Monthly,Web,Stripe,,55-64,female,Canada,"Canada, Great Britain & United States",North America,,"[
  ""High""
]",5,Beginner,lose weight and tone,,"[
  ""Disco"",
  ""House"",
  ""Pop"",
  ""Salsa""
]",2,iOS,Apple,Apple,"Iphone14,5",0,3,1,0.4184,26.754166667,11,1
4293451,17c1adec-9727-458f-b239-92ca5f015751,2025-11-17,0,Monthly,Web,Stripe,,35-44,female,Switzerland,Rest of the World,Europe,,"[
  ""Low"",
  ""Medium""
]",3,Intermediate,reduce stress,,"[
  ""Bachata"",
  ""Brazilian Rhythms"",
  ""Caribbean Rhythms"",
  ""Chill Out"",
  ""Cumbia"",
  ""Disco"",
  ""Pop"",
  ""Salsa"",
  ""World Rhythms""
]",2,iOS,Apple,Apple,"Iphone17,3",0,0,0,0,0,6,1
4295341,3e7eee42-ebff-4e13-a0f2-07312c931a76,2025-11-18,0,Monthly,Web,Stripe,,25-34,female,United States of America,"Canada, Great Britain & United States",North America,,"[
  ""Medium""
]",3,Intermediate,lose weight and tone,,"[
  ""Bachata"",
  ""Brazilian Rhythms"",
  ""Caribbean Rhythms"",
  ""Pop"",
  ""World Rhythms""
]",2,iOS,Apple,Apple,"Iphone15,4",0,1,1,0,5,5,1
4288446,ffac270f-6da2-4f98-a4bb-21483f8def87,2025-11-14,0,Annual,App,Google,,35-44,female,Brazil,Rest of the World,LATAM,,"[
  ""Medium""
]",,Intermediate,lose weight and tone,,"[
  ""Caribbean Rhythms"",
  ""Merengue""
]",3.14.0,Android,Samsung,Samsung,Sm-S918b,0,9,7,0.5692285714,9.438541667,9,1
2558978,6b60e7a2-11b8-4858-99a9-62ce2e764ce6,2025-11-22,7,Annual,App,Apple,,35-44,female,Poland,Rest of the World,Europe,,"[
  ""Medium""
]",3,Intermediate,Have some fun,,"[
  ""Afro Rhythms"",
  ""Brazilian Rhythms"",
  ""Caribbean Rhythms"",
  ""Chill Out"",
  ""Cumbia"",
  ""Disco"",
  ""Hip Hop"",
  ""Merengue"",
  ""Pop"",
  ""Reggaeton"",
  ""Salsa"",
  ""World Rhythms""
]",2,iOS,Apple,Apple,"Iphone14,5",7,0,0,0,0,1,1
4282451,c4552724-43ef-4327-b2a1-53b7f1a6133d,2025-11-17,7,Annual,Web,App to Web,,45-54,female,United States of America,"Canada, Great Britain & United States",North America,,"[
  ""Medium""
]",4,Intermediate,Start my fitness journey,,"[
  ""Afro Rhythms"",
  ""Bachata"",
  ""Brazilian Rhythms"",
  ""Caribbean Rhythms"",
  ""Chill Out"",
  ""Cumbia"",
  ""Disco"",
  ""House"",
  ""Merengue"",
  ""Pop"",
  ""Reggaeton"",
  ""Salsa""
]",2,iOS,Apple,Apple,"Iphone17,1",,1,1,0.1701,13.916666667,6,1
3145990,87707c5a-87aa-4abe-a36f-ea308d4518a0,2025-11-14,0,Annual,Web,App to Web,,,,United States of America,"Canada, Great Britain & United States",North America,,"[
  ""Low"",
  ""Medium""
]",2,Beginner,Have some fun,,"[
  ""Alternative"",
  ""Country"",
  ""Hip Hop"",
  ""House"",
  ""Pop"",
  ""Rock""
]",2,iOS,Apple,Apple,"Iphone18,1",490,2,2,0.4994,7.466666667,9,1
4299239,b39965e2-427c-4f36-88c2-bcbda42d500c,2025-11-20,0,Monthly,Web,Stripe,,35-44,female,United States of America,"Canada, Great Britain & United States",North America,,"[
  ""Medium""
]",3,Beginner,lose weight and tone,,"[
  ""Afro Rhythms"",
  ""Chill Out"",
  ""Electronic"",
  ""Hip Hop"",
  ""House"",
  ""Pop"",
  ""Techno""
]",2,iOS,Apple,Apple,"Iphone14,5",,0,0,0,0,3,1
4289062,5005cee8-5580-4bc4-88a4-a3473960fe22,2025-11-14,0,Monthly,Web,Stripe,,25-34,female,United States of America,"Canada, Great Britain & United States",North America,,"[
  ""Low"",
  ""Medium"",
  ""High""
]",2,Beginner,lose weight and tone,,"[
  ""Disco"",
  ""Hip Hop"",
  ""Pop""
]",2,iOS,Apple,Apple,"Iphone17,2",0,6,3,0.6664333333,15.144444444,9,1
4302650,dca55c52-378e-41fe-bc18-eeb5e3d05877,2025-11-22,0,Monthly,Web,App to Web,,55-64,female,United States of America,"Canada, Great Britain & United States",North America,,"[
  ""Medium""
]",3,Intermediate,lose weight and tone,,"[
  ""Afro Rhythms"",
  ""Brazilian Rhythms"",
  ""Caribbean Rhythms"",
  ""Reggaeton""
]",6,iOS,Apple,Apple,"Iphone16,2",0,0,0,0,0,1,1
3865971,391ff6b6-d982-4864-9984-7ffeab65c5d8,2025-11-20,30,Annual,Web,Stripe,Strand,,,United States of America,"Canada, Great Britain & United States",North America,,,,,,,,,Windows,,,,,0,0,0,0,3,1
2070587,a57c2db9-0476-48a0-b5d2-c6d3f61c9c7d,2025-11-10,7,Annual,App,Google,,55-64,female,United States of America,"Canada, Great Britain & United States",North America,,"[
  ""Low""
]",,Beginner,lose weight and tone,,"[
  ""Caribbean Rhythms"",
  ""Disco"",
  ""Pop"",
  ""Reggaeton"",
  ""Salsa""
]",3.13.1,Android,Samsung,Samsung,Sm-S931u1,28,4,3,0.7155666667,31.630952381,13,1
4280662,e0094e90-25f9-452e-879a-a9e45f6cbed3,2025-11-16,7,Annual,Web,Stripe,,25-34,female,Germany,Rest of the World,Europe,,"[
  ""Medium""
]",2,Beginner,lose weight and tone,,"[
  ""Bachata"",
  ""Brazilian Rhythms"",
  ""Merengue"",
  ""Pop"",
  ""Salsa""
]",6,iOS,Apple,Apple,"Iphone18,2",7,1,1,1,31.033333333,7,1
4288050,c6cca26b-8220-477c-9145-6dd6c49bb5fe,2025-11-20,7,Annual,Web,Stripe,,25-34,female,United States of America,"Canada, Great Britain & United States",North America,,"[
  ""Medium""
]",5,Beginner,lose weight and tone,,"[
  ""Electronic"",
  ""Hip Hop"",
  ""Pop"",
  ""Techno""
]",,iOS,,,,,0,0,0,0,3,1
4283219,a42c35d2-baa3-4a76-ac40-4a919c326c78,2025-11-18,7,Annual,Web,Stripe,,25-34,female,United States of America,"Canada, Great Britain & United States",North America,,"[
  ""High""
]",5,Advanced,,,"[
  ""Afro Rhythms"",
  ""Bachata"",
  ""Cumbia"",
  ""Hip Hop"",
  ""Merengue"",
  ""Pop"",
  ""Reggaeton"",
  ""Salsa""
]",2,iOS,Apple,Apple,"Iphone17,3",7,0,0,0,0,5,1
2839522,875a48e2-c479-4b58-8f3f-35a85b7c1af2,2025-11-16,14,Monthly,App,App to Web,,45-54,female,United States of America,"Canada, Great Britain & United States",North America,In Person & Virtual Classes,"[
  ""Low""
]",4,Beginner,lose weight and tone,,"[
  ""Bollywood"",
  ""Hip Hop"",
  ""Pop"",
  ""R&B"",
  ""Reggae"",
  ""Reggaeton"",
  ""Salsa""
]",2,iOS,Apple,Apple,"Iphone17,2",627,0,0,0,0,7,1
4259821,78bd9f45-c3b2-432d-8e0d-c5f4270a3f8c,2025-11-20,0,Monthly,Web,App to Web,,35-44,female,United States of America,"Canada, Great Britain & United States",North America,,"[
  ""Medium""
]",3,Beginner,,,"[
  ""Chill Out"",
  ""Merengue"",
  ""Pop"",
  ""Reggaeton"",
  ""Salsa"",
  ""Techno""
]",2,iOS,Apple,Apple,"Iphone17,1",24,0,0,0,0,3,1
4296642,2a5b6702-e846-4872-9f8f-7478233cea7a,2025-11-18,0,Monthly,Web,Stripe,,25-34,female,United States of America,"Canada, Great Britain & United States",North America,,"[
  ""Medium""
]",3,Beginner,lose weight and tone,,"[
  ""Bachata"",
  ""Caribbean Rhythms"",
  ""Cumbia"",
  ""Merengue"",
  ""Reggaeton"",
  ""Salsa""
]",,iOS,,,,,0,0,0,0,5,1
4289730,7b66ae12-4ea5-4c5e-b6c4-4fdeae8d78f1,2025-11-21,0,Monthly,Web,Stripe,,45-54,female,United States of America,"Canada, Great Britain & United States",North America,,"[
  ""Medium""
]",2,Intermediate,,,"[
  ""Brazilian Rhythms"",
  ""Caribbean Rhythms"",
  ""Chill Out"",
  ""Hip Hop"",
  ""House"",
  ""Pop"",
  ""Reggaeton""
]",,iOS,,,,,0,0,0,0,2,1
4302914,d7217d0d-951e-480f-8c0b-16774b8d30f9,2025-11-22,0,Monthly,Web,App to Web,,35-44,female,United States of America,"Canada, Great Britain & United States",North America,,"[
  ""Medium""
]",5,Beginner,lose weight and tone,,"[
  ""Afro Rhythms"",
  ""Brazilian Rhythms"",
  ""Caribbean Rhythms"",
  ""Electronic"",
  ""Hip Hop"",
  ""House"",
  ""Pop"",
  ""Reggaeton"",
  ""Techno""
]",6,iOS,Apple,Apple,"Iphone15,5",0,0,0,0,0,1,1
4277522,c5dac0e5-e216-4a10-89f8-005c50602c8d,2025-11-14,7,Annual,Web,App to Web,,25-34,female,United States of America,"Canada, Great Britain & United States",North America,,"[
  ""Low""
]",3,Beginner,reduce stress,,"[
  ""Afro Rhythms"",
  ""Bachata"",
  ""Brazilian Rhythms"",
  ""Cumbia"",
  ""House"",
  ""Merengue"",
  ""Pop"",
  ""Salsa"",
  ""World Rhythms""
]",2,iOS,Apple,Apple,"Iphone17,1",7,0,0,0,0,9,1
3466199,bb8ab920-cb4b-40eb-955a-183ca3bdc6bc,2025-11-11,0,Monthly,Web,Stripe,,25-34,female,Greece,Rest of the World,Europe,,"[
  ""Medium""
]",3,Intermediate,lose weight and tone,,"[
  ""Afro Rhythms"",
  ""Brazilian Rhythms"",
  ""Caribbean Rhythms"",
  ""Disco"",
  ""Hip Hop"",
  ""Pop"",
  ""Reggaeton"",
  ""Salsa""
]",3.14.0,Android,Xiaomi,Xiaomi,25069ptebg,0,0,0,0,0,12,1
4224032,d9e174d1-7185-4a08-ba2e-2334a844f2de,2025-11-16,0,Annual,App,Google,,35-44,female,Germany,Rest of the World,Europe,,"[
  ""Medium""
]",,Beginner,Start my fitness journey,,"[
  ""Brazilian Rhythms"",
  ""Caribbean Rhythms"",
  ""Disco"",
  ""Electronic"",
  ""Hip Hop"",
  ""House"",
  ""Pop""
]",3.14.0,Android,Samsung,Samsung,Sm-T970,41,5,4,0.9994,24.67962963,7,1
3974551,8d9a5324-af62-487c-91ee-280e0e7076af,2025-11-13,0,Annual,Web,App to Web,,45-54,female,United States of America,"Canada, Great Britain & United States",North America,,"[
  ""Low""
]",,Beginner,lose weight and tone,,,2,iOS,Apple,Apple,"Iphone12,3",0,2,1,0.9892,25.272222222,10,1
4285608,4d6abd31-39ee-472a-8b45-7b73fbd7e254,2025-11-12,0,Monthly,App,Apple,,25-34,female,United Kingdom,"Canada, Great Britain & United States",Europe,,"[
  ""Medium""
]",5,Intermediate,lose weight and tone,,"[
  ""Chill Out"",
  ""Disco"",
  ""House"",
  ""Pop""
]",2,iOS,Apple,Apple,"Iphone17,2",0,14,4,0.32325,19.621296296,11,1
4012338,d22ab274-aa36-48ce-b708-c985d21aff34,2025-11-16,7,Annual,Web,Stripe,,35-44,female,United States of America,"Canada, Great Britain & United States",North America,,"[
  ""Medium""
]",2,Intermediate,lose weight and tone,,"[
  ""Afro Rhythms"",
  ""Bachata"",
  ""Brazilian Rhythms"",
  ""Caribbean Rhythms"",
  ""Disco"",
  ""Hip Hop"",
  ""Pop"",
  ""World Rhythms""
]",6,iOS,Apple,Apple,"Iphone11,8",7,0,0,0,0,7,1
3577840,3bf7b7d2-c583-401a-967e-e4f31f8f8530,2025-11-10,7,Annual,App,Google,,,,France,Rest of the World,Europe,,"[
  ""Medium""
]",3,Intermediate,lose weight and tone,,"[
  ""Afrobeats"",
  ""Bachata"",
  ""Belly Dance"",
  ""Country"",
  ""Cumbia"",
  ""Hip Hop"",
  ""Merengue"",
  ""Other"",
  ""Pop"",
  ""R&B"",
  ""Reggae"",
  ""Reggaeton"",
  ""Salsa"",
  ""Soca""
]",3.13.1,Android,Samsung,Samsung,Sm-S931b,304,0,0,0,0,13,1
4281530,b2dfbaa5-0500-4979-b2aa-8ccafe507d1a,2025-11-17,7,Annual,Web,App to Web,,35-44,female,United States of America,"Canada, Great Britain & United States",North America,,"[
  ""Medium""
]",3,Intermediate,lose weight and tone,,"[
  ""Afro Rhythms"",
  ""Bachata"",
  ""Brazilian Rhythms"",
  ""Caribbean Rhythms"",
  ""Chill Out"",
  ""Cumbia"",
  ""Disco"",
  ""Electronic"",
  ""Hip Hop"",
  ""House"",
  ""Merengue"",
  ""Pop"",
  ""Reggaeton"",
  ""Salsa"",
  ""Techno"",
  ""World Rhythms""
]",6,iOS,Apple,Apple,"Iphone17,3",7,4,4,0.385675,33.883333333,6,1
4136843,9ed204db-b3c7-4d3a-a20c-cfdeeffc1c8e,2025-11-14,0,Annual,App,Google,,45-54,female,Brazil,Rest of the World,LATAM,,"[
  ""Medium""
]",,Intermediate,,,"[
  ""Afro Rhythms"",
  ""Bachata"",
  ""Brazilian Rhythms"",
  ""Caribbean Rhythms"",
  ""Chill Out"",
  ""Cumbia"",
  ""Disco"",
  ""Electronic"",
  ""Hip Hop"",
  ""House"",
  ""Merengue"",
  ""Pop"",
  ""Reggaeton"",
  ""Salsa"",
  ""Techno"",
  ""World Rhythms""
]",3.14.0,Android,Xiaomi,Redmi,2312draabg,88,8,7,0.7447857143,21.025555556,9,1
4272472,285d6085-280e-4b6e-bb94-8e522b61459a,2025-11-19,0,Annual,App,Apple,,45-54,female,Mexico,Rest of the World,LATAM,,"[
  ""Medium"",
  ""Low"",
  ""High""
]",6,Beginner,lose weight and tone,,,2,iOS,Apple,Apple,"Iphone10,5",15,12,9,0.5555555556,18.396031746,4,1
4282269,bed93986-bbf7-417f-a3de-6b561f6d8f6e,2025-11-10,0,Monthly,App,Apple,,25-34,female,United States of America,"Canada, Great Britain & United States",North America,,"[
  ""Medium""
]",3,Beginner,Have some fun,,,2,iOS,Apple,Apple,"Iphone12,1",0,2,0,0,19.025,13,1
4294093,7a500bbc-afc5-4b10-9149-e1e86831a37d,2025-11-17,0,Monthly,App,Google,,35-44,female,United States of America,"Canada, Great Britain & United States",North America,,"[
  ""Low""
]",,Beginner,Have some fun,,"[
  ""Afro Rhythms"",
  ""Brazilian Rhythms"",
  ""Caribbean Rhythms"",
  ""Cumbia"",
  ""Disco"",
  ""Hip Hop"",
  ""House"",
  ""Merengue"",
  ""Pop"",
  ""Reggaeton"",
  ""Salsa"",
  ""Techno""
]",3.13.1,Android,Google,Google,Pixel 9,0,3,1,0.2766,24.341666667,6,1
2348197,be2fb481-5ed0-42a9-a3f1-6c7404706b96,2025-11-14,7,Annual,Web,App to Web,,,,United States of America,"Canada, Great Britain & United States",North America,,"[
  ""Medium""
]",3,Intermediate,reduce stress,,,6,iOS,Apple,Apple,"Iphone17,1",221,3,3,1,32.211111111,9,1
4294751,c36ab272-b086-488e-8b06-a1b42e8b8e78,2025-11-17,0,Monthly,Web,Stripe,,35-44,female,United States of America,"Canada, Great Britain & United States",North America,,"[
  ""Low"",
  ""Medium"",
  ""High""
]",3,Beginner,Have some fun,,"[
  ""Afro Rhythms"",
  ""Bachata"",
  ""Brazilian Rhythms"",
  ""Caribbean Rhythms"",
  ""Cumbia"",
  ""Disco"",
  ""Merengue"",
  ""Pop"",
  ""Salsa"",
  ""World Rhythms""
]",3.13.1,Android,Google,Google,Pixel 9a,0,1,1,0.3461,13.916666667,6,1
4275015,fc17d7fb-640c-4005-b3a6-634b04cb4790,2025-11-13,7,Annual,Web,App to Web,,35-44,female,United States of America,"Canada, Great Britain & United States",North America,,"[
  ""Medium""
]",3,Beginner,reduce stress,,"[
  ""Afro Rhythms"",
  ""Brazilian Rhythms"",
  ""Caribbean Rhythms"",
  ""Chill Out"",
  ""Cumbia"",
  ""House"",
  ""Pop"",
  ""Reggaeton"",
  ""Salsa""
]",2,iOS,Apple,Apple,"Iphone15,4",7,0,0,0,0,10,1
4294286,605455db-dd99-40bf-a5f5-e0eec9066417,2025-11-17,0,Monthly,Web,App to Web,,25-34,female,United States of America,"Canada, Great Britain & United States",North America,,"[
  ""Low"",
  ""Medium"",
  ""High""
]",4,Beginner,lose weight and tone,,"[
  ""Afro Rhythms"",
  ""Brazilian Rhythms"",
  ""Caribbean Rhythms"",
  ""Chill Out"",
  ""Cumbia"",
  ""Reggaeton"",
  ""World Rhythms""
]",2,iOS,Apple,Apple,"Iphone15,2",0,1,0,0,20.55,6,1
4283174,2306aed8-2e73-4bfa-b061-e0300d7e730f,2025-11-18,7,Annual,Web,Stripe,,35-44,female,United Kingdom,"Canada, Great Britain & United States",Europe,,"[
  ""Medium""
]",3,Intermediate,Start my fitness journey,,"[
  ""Cumbia"",
  ""Hip Hop"",
  ""Reggaeton"",
  ""Salsa""
]",3.13.1,Android,Samsung,Samsung,Sm-S911b,7,4,4,0.499325,14.275,5,1
4283093,d50c0a63-3765-4007-a633-a02bcdd87644,2025-11-18,7,Annual,Web,Stripe,,45-54,female,Switzerland,Rest of the World,Europe,,"[
  ""Medium"",
  ""High""
]",2,Intermediate,Start my fitness journey,,"[
  ""Afro Rhythms"",
  ""Bachata"",
  ""Brazilian Rhythms"",
  ""Caribbean Rhythms"",
  ""Cumbia"",
  ""Hip Hop"",
  ""Merengue"",
  ""Pop"",
  ""Reggaeton"",
  ""Salsa"",
  ""World Rhythms""
]",3.14.0,Android,Lenovo,Lenovo,Tb330fu,7,3,1,0.0667,45.475,5,1
4298121,dd5ba205-4af1-4acc-9e79-a6637a2949a7,2025-11-19,0,Monthly,App,Apple,,45-54,female,United States of America,"Canada, Great Britain & United States",North America,,"[
  ""Medium""
]",3,Beginner,lose weight and tone,,"[
  ""Afro Rhythms"",
  ""Brazilian Rhythms"",
  ""Caribbean Rhythms"",
  ""Hip Hop"",
  ""Salsa""
]",2,iOS,Apple,Apple,"Ipad13,4",0,30,0,0,41.907777778,4,1
1125816,e41e7559-5eba-4039-804d-2b5563d2712a,2025-11-23,7,Annual,Web,Stripe,,45-54,female,United States of America,"Canada, Great Britain & United States",North America,,"[
  ""Medium""
]",,Intermediate,lose weight and tone,,"[
  ""Bachata"",
  ""Brazilian Rhythms"",
  ""Caribbean Rhythms"",
  ""Cumbia"",
  ""Hip Hop"",
  ""Merengue"",
  ""Pop"",
  ""Reggaeton"",
  ""Salsa""
]",3.13.1,Android,Samsung,Samsung,Sm-S901u,7,0,0,0,0,0,1
4288413,24e9509d-cb5a-4cfc-9ace-9a5818299435,2025-11-21,7,Annual,Web,App to Web,,35-44,other,United States of America,"Canada, Great Britain & United States",North America,,"[
  ""Medium""
]",3,Intermediate,lose weight and tone,,"[
  ""Afro Rhythms"",
  ""Brazilian Rhythms"",
  ""Caribbean Rhythms"",
  ""Cumbia"",
  ""Disco"",
  ""Hip Hop"",
  ""House"",
  ""Merengue"",
  ""Pop"",
  ""Reggaeton"",
  ""Salsa"",
  ""World Rhythms""
]",6,iOS,Apple,Apple,"Iphone17,3",7,6,2,0.5,15.991666667,2,1
4285347,3802e048-e63c-4d86-8aef-b5b8c3eea04f,2025-11-23,7,Annual,Web,App to Web,,35-44,female,United States of America,"Canada, Great Britain & United States",North America,,"[
  ""Medium""
]",4,Beginner,lose weight and tone,,"[
  ""Chill Out"",
  ""Pop""
]",2,iOS,Apple,Apple,"Iphone17,1",7,0,0,0,0,0,1
4303222,2a43adef-ecdf-4e76-8d51-2c97f0b6e2bc,2025-11-23,0,Monthly,Web,Stripe,,35-44,female,United Kingdom,"Canada, Great Britain & United States",Europe,,"[
  ""High""
]",3,Intermediate,lose weight and tone,,"[
  ""Afro Rhythms"",
  ""Bachata"",
  ""Brazilian Rhythms"",
  ""Caribbean Rhythms"",
  ""Chill Out"",
  ""Cumbia"",
  ""Disco"",
  ""Electronic"",
  ""Hip Hop"",
  ""House"",
  ""Merengue"",
  ""Pop"",
  ""Reggaeton"",
  ""Salsa"",
  ""Techno"",
  ""World Rhythms""
]",3.14.0,Android,Google,Google,Pixel 7 Pro,0,0,0,0,0,0,1
4300921,00babed4-b541-4a74-b785-e3d4031f2034,2025-11-21,0,Monthly,Web,Stripe,,35-44,female,United States of America,"Canada, Great Britain & United States",North America,,"[
  ""Medium""
]",4,Beginner,lose weight and tone,,"[
  ""Afro Rhythms"",
  ""Bachata"",
  ""Brazilian Rhythms"",
  ""Caribbean Rhythms"",
  ""Cumbia"",
  ""Hip Hop"",
  ""Merengue"",
  ""Pop"",
  ""Reggaeton"",
  ""Salsa"",
  ""World Rhythms""
]",6,iOS,Apple,Apple,"Iphone17,2",-1,0,0,0,0,2,1
4291087,d0ddf8c4-202d-4a10-bec8-8b736a419200,2025-11-23,7,Annual,Web,App to Web,,35-44,female,United States of America,"Canada, Great Britain & United States",North America,,"[
  ""High""
]",3,Advanced,reduce stress,,"[
  ""Bachata"",
  ""Brazilian Rhythms"",
  ""Caribbean Rhythms"",
  ""Cumbia"",
  ""Hip Hop"",
  ""Merengue"",
  ""Pop"",
  ""Reggaeton"",
  ""Salsa""
]",2,iOS,Apple,Apple,"Iphone17,3",7,0,0,0,0,0,1
4303638,a0164381-e568-4266-b336-3920004b5e08,2025-11-23,0,Monthly,Web,Stripe,,35-44,female,United States of America,"Canada, Great Britain & United States",North America,,"[
  ""Low""
]",2,Beginner,Start my fitness journey,,"[
  ""Disco"",
  ""Electronic"",
  ""Hip Hop"",
  ""House"",
  ""Pop"",
  ""Reggaeton"",
  ""Techno""
]",3.14.0,Android,Samsung,Samsung,Sm-S906u,0,0,0,0,0,0,1
4264652,acfdc017-3abf-46fe-8421-909e2fd9df31,2025-11-23,7,Annual,Web,Stripe,,35-44,female,United States of America,"Canada, Great Britain & United States",North America,,"[
  ""Low""
]",4,Beginner,lose weight and tone,,"[
  ""Hip Hop"",
  ""Pop"",
  ""Salsa""
]",2,iOS,Apple,Apple,"Iphone17,2",,0,0,0,0,0,1
3605323,7f05f1c3-f1c8-449a-9811-06f3af1591e4,2025-11-23,7,Annual,App,Apple,,35-44,female,Australia,Rest of the World,APAC (excl. India),,"[
  ""High""
]",2,Intermediate,lose weight and tone,,"[
  ""Afrobeats"",
  ""Bachata"",
  ""Belly Dance"",
  ""Bollywood"",
  ""Cumbia"",
  ""House"",
  ""Merengue"",
  ""Reggaeton"",
  ""Salsa""
]",2,iOS,Apple,Apple,"Iphone17,1",312,0,0,0,0,0,1
4030290,1029cc6b-59d7-4f7c-a2b7-bcb192dbb35c,2025-11-23,7,Annual,Web,Stripe,,25-34,female,United States of America,"Canada, Great Britain & United States",North America,,"[
  ""High""
]",3,Intermediate,lose weight and tone,,"[
  ""Alternative"",
  ""Disco"",
  ""Electronic"",
  ""Hip Hop"",
  ""House"",
  ""R&B"",
  ""Reggaeton"",
  ""Techno""
]",3.13.1,Android,Samsung,Samsung,Sm-S936u,7,0,0,0,0,0,1
4283340,cbcf4f83-99fe-452d-9000-6bb9b74e03fe,2025-11-23,7,Annual,App,Apple,,25-34,female,United States of America,"Canada, Great Britain & United States",North America,,"[
  ""Medium""
]",3,Beginner,lose weight and tone,,"[
  ""Afro Rhythms"",
  ""Hip Hop"",
  ""Pop"",
  ""World Rhythms""
]",2,iOS,Apple,Apple,"Iphone14,3",12,0,0,0,0,0,1
4303136,0e196e88-9b9b-4021-8b9a-e860157a92b1,2025-11-23,0,Monthly,Web,Stripe,,35-44,female,United Kingdom,"Canada, Great Britain & United States",Europe,,"[
  ""Medium""
]",2,Intermediate,lose weight and tone,,"[
  ""Afro Rhythms"",
  ""Bachata"",
  ""Brazilian Rhythms"",
  ""Caribbean Rhythms"",
  ""Cumbia"",
  ""Disco"",
  ""Merengue"",
  ""Reggaeton"",
  ""Salsa""
]",3.14.0,Android,Motorola,Motorola,Moto G85 5g,0,0,0,0,0,0,1
4289585,8ae9c690-b1f0-49d7-b267-e4c850acd077,2025-11-22,7,Annual,Web,Stripe,,,,United States of America,"Canada, Great Britain & United States",North America,,"[
  ""Medium""
]",4,Beginner,lose weight and tone,,[],3.13.1,Android,Samsung,Samsung,Sm-S911u,7,0,0,0,0,1,1
3562241,81309820-9da9-4e31-8943-e30cf73a639a,2025-11-23,0,Monthly,Web,App to Web,,,,United States of America,"Canada, Great Britain & United States",North America,,"[
  ""Medium"",
  ""High""
]",3,Beginner,reduce stress,,"[
  ""Alternative"",
  ""Country"",
  ""Hip Hop"",
  ""Pop"",
  ""R&B"",
  ""Rock"",
  ""Salsa""
]",2,iOS,Apple,Apple,"Iphone16,2",320,0,0,0,0,0,1
4291678,1483b13c-0733-4ca2-93db-9e57d4146cca,2025-11-23,7,Annual,Web,Stripe,,45-54,female,United States of America,"Canada, Great Britain & United States",North America,,"[
  ""Low""
]",3,Beginner,,,"[
  ""Caribbean Rhythms"",
  ""Disco"",
  ""Electronic"",
  ""House"",
  ""Reggaeton"",
  ""Salsa"",
  ""Techno""
]",2,iOS,Apple,Apple,"Iphone17,2",7,0,0,0,0,0,1
4271298,998c7e3a-3302-449b-8459-fdf9999d8c62,2025-11-11,7,Annual,Web,App to Web,,45-54,female,United States of America,"Canada, Great Britain & United States",North America,,"[
  ""Medium""
]",5,Intermediate,lose weight and tone,,"[
  ""Bachata"",
  ""Cumbia"",
  ""Disco"",
  ""Merengue"",
  ""Pop"",
  ""Salsa""
]",3,iOS,Apple,Apple,"Iphone15,4",,21,16,0.678625,21.075225225,12,1
4046736,4e197846-c4ba-40eb-bfae-dd2e1ed7e0d6,2025-11-16,7,Annual,Web,Stripe,,35-44,female,United States of America,"Canada, Great Britain & United States",North America,,"[
  ""High""
]",7,Advanced,lose weight and tone,,"[
  ""Afro Rhythms"",
  ""Bachata"",
  ""Brazilian Rhythms"",
  ""Caribbean Rhythms"",
  ""Cumbia"",
  ""Disco"",
  ""Hip Hop"",
  ""House"",
  ""Merengue"",
  ""Pop"",
  ""Reggaeton"",
  ""Salsa"",
  ""World Rhythms""
]",6,iOS,Apple,Apple,"Iphone15,5",138,7,6,0.9067333333,35.502564103,7,1
4202339,c860da40-9f1d-4ac1-8707-74bcde54c59d,2025-11-08,7,Annual,App,Google,,35-44,female,United States of America,"Canada, Great Britain & United States",North America,,"[
  ""Low""
]",3,Intermediate,lose weight and tone,,"[
  ""Brazilian Rhythms"",
  ""Caribbean Rhythms"",
  ""Hip Hop"",
  ""Merengue"",
  ""Pop"",
  ""Reggaeton"",
  ""Salsa""
]",3.13.0,Android,Samsung,Samsung,Sm-G990u,7,0,0,0,0,15,1
4279843,3ad25f7d-ff9d-4d64-a144-acb668c7163c,2025-11-09,0,Monthly,App,Google,,55-64,female,United States of America,"Canada, Great Britain & United States",North America,,"[
  ""Medium""
]",5,Intermediate,lose weight and tone,,"[
  ""Bachata"",
  ""Cumbia"",
  ""Disco"",
  ""Hip Hop"",
  ""House"",
  ""Pop"",
  ""Reggaeton"",
  ""Salsa""
]",3.14.0,Android,Google,Google,Pixel 9 Pro,0,1,1,0.0971,27.8,14,1
4292869,469e96e8-5afe-43dd-b6bb-8f23fbcdccc1,2025-11-16,0,Monthly,Web,App to Web,,35-44,female,United States of America,"Canada, Great Britain & United States",North America,,"[
  ""Low""
]",3,Beginner,Start my fitness journey,,"[
  ""Chill Out"",
  ""Disco"",
  ""Hip Hop"",
  ""Pop"",
  ""Salsa""
]",2,iOS,Apple,Apple,"Iphone13,2",0,1,1,1,27.8,7,1
4282042,f3b0bf04-102e-468c-bcf4-01f65cc2db9c,2025-11-17,7,Annual,Web,Stripe,,35-44,female,United States of America,"Canada, Great Britain & United States",North America,,"[
  ""Medium""
]",5,Intermediate,lose weight and tone,,"[
  ""Cumbia"",
  ""Hip Hop"",
  ""Pop"",
  ""Reggaeton"",
  ""Salsa""
]",,iOS,,,,,0,0,0,0,6,1
4267791,e150461a-ff43-4a9e-b028-b0c04d02a269,2025-11-09,7,Annual,App,Apple,,35-44,female,Germany,Rest of the World,Europe,,"[
  ""High""
]",3,Advanced,lose weight and tone,,,2,iOS,Apple,Apple,"Ipad13,1",7,0,0,0,0,14,1
4282790,a7ededdc-4fc3-4b66-86c7-4b2c56893ad8,2025-11-11,0,Monthly,Web,App to Web,,45-54,female,United States of America,"Canada, Great Britain & United States",North America,,"[
  ""Medium""
]",5,Intermediate,lose weight and tone,,"[
  ""Bachata"",
  ""Brazilian Rhythms"",
  ""Caribbean Rhythms"",
  ""Cumbia"",
  ""Hip Hop"",
  ""Merengue"",
  ""Reggaeton"",
  ""Salsa""
]",2,iOS,Apple,Apple,"Iphone17,2",0,5,1,0.6707,39.894444444,12,1
4282239,7feb1287-aea1-4530-b8c9-ca49d36d6e3b,2025-11-12,0,Annual,App,Google,,35-44,female,Brazil,Rest of the World,LATAM,,"[
  ""High""
]",,Beginner,lose weight and tone,,"[
  ""Bachata"",
  ""Brazilian Rhythms"",
  ""Caribbean Rhythms"",
  ""Cumbia"",
  ""Disco"",
  ""Merengue"",
  ""Pop"",
  ""Reggaeton"",
  ""Salsa"",
  ""World Rhythms""
]",3.13.1,Android,Samsung,Samsung,Sm-A546e,2,2,0,0,50.041666667,11,1
4267609,0e85be27-48c5-4cf9-ad73-9886cca58b16,2025-11-09,7,Annual,Web,Stripe,,35-44,female,United Kingdom,"Canada, Great Britain & United States",Europe,,"[
  ""Medium""
]",3,Intermediate,lose weight and tone,,"[
  ""Brazilian Rhythms"",
  ""Caribbean Rhythms"",
  ""Disco"",
  ""Hip Hop"",
  ""Pop""
]",2,iOS,Apple,Apple,"Iphone16,2",7,0,0,0,0,14,1
4280381,93ef606c-cb41-414f-b61b-f539e1cdffea,2025-11-09,0,Monthly,App,Apple,,45-54,female,United Kingdom,"Canada, Great Britain & United States",Europe,,"[
  ""Medium""
]",3,Intermediate,lose weight and tone,,"[
  ""Disco"",
  ""Hip Hop"",
  ""Pop"",
  ""Salsa""
]",2,iOS,Apple,Apple,"Iphone14,5",0,8,8,0.857375,27.1875,14,1
4220471,b919772b-49d3-474e-8f86-304277c82e64,2025-11-09,0,Monthly,Web,App to Web,,,,United States of America,"Canada, Great Britain & United States",North America,,"[
  ""Medium""
]",2,Beginner,reduce stress,,[],2,iOS,Apple,Apple,"Iphone15,4",0,0,0,0,0,14,1
4290321,16bc59a2-3a35-473f-a37d-bde0adf018ff,2025-11-15,0,Monthly,Web,App to Web,,55-64,female,United States of America,"Canada, Great Britain & United States",North America,,"[
  ""Low""
]",4,Beginner,Start my fitness journey,,"[
  ""Brazilian Rhythms"",
  ""Caribbean Rhythms"",
  ""Cumbia"",
  ""Disco"",
  ""Electronic"",
  ""Hip Hop"",
  ""House"",
  ""Merengue"",
  ""Pop"",
  ""Salsa"",
  ""Techno"",
  ""World Rhythms""
]",2,iOS,Apple,Apple,"Iphone14,8",0,4,4,0.29035,12.016666667,8,1
4273593,bec804e6-5416-4677-a1ec-9fdb27a752b9,2025-11-22,7,Annual,App,Apple,,45-54,female,Austria,Rest of the World,Europe,,"[
  ""High""
]",3,Advanced,,,"[
  ""Afro Rhythms"",
  ""Bachata"",
  ""Brazilian Rhythms"",
  ""Caribbean Rhythms"",
  ""Chill Out"",
  ""Cumbia"",
  ""Disco"",
  ""Electronic"",
  ""Hip Hop"",
  ""House"",
  ""Merengue"",
  ""Pop"",
  ""Reggaeton"",
  ""Salsa"",
  ""Techno"",
  ""World Rhythms""
]",2,iOS,Apple,Apple,"Iphone14,5",17,0,0,0,0,1,1
4293608,4da61138-388d-4074-8999-fe27d825f379,2025-11-17,0,Monthly,Web,Stripe,,35-44,female,Ukraine,Rest of the World,Europe,,"[
  ""Medium""
]",5,Intermediate,lose weight and tone,,"[
  ""Pop""
]",,iOS,,,,,0,0,0,0,6,1
4290360,88281f89-9bc7-465b-9784-55a4e8d5e2db,2025-11-15,0,Monthly,App,Apple,,55-64,female,Canada,"Canada, Great Britain & United States",North America,,,,,Start my fitness journey,,,2,iOS,Apple,Apple,"Iphone16,1",0,7,4,0.715675,18.886363636,8,1
4276242,567b091b-1f6b-4d05-ae64-fe2567803a94,2025-11-14,7,Annual,App,Google,,35-44,female,France,Rest of the World,Europe,,"[
  ""High""
]",,Intermediate,lose weight and tone,,"[
  ""Afro Rhythms"",
  ""Brazilian Rhythms"",
  ""Caribbean Rhythms"",
  ""Electronic"",
  ""Merengue"",
  ""Pop"",
  ""Reggaeton"",
  ""Salsa"",
  ""Techno""
]",3.13.1,Android,Samsung,Samsung,Sm-F966u1,7,0,0,0,0,9,1
3934688,5a8ef886-3ce1-44aa-a42d-77a587d6cdb7,2025-11-19,0,Monthly,Web,Stripe,,,,Sweden,Rest of the World,Europe,,"[
  ""High""
]",2,Advanced,lose weight and tone,,"[
  ""Brazilian Rhythms"",
  ""Caribbean Rhythms"",
  ""Cumbia"",
  ""Electronic"",
  ""House"",
  ""Merengue"",
  ""Pop"",
  ""Reggae"",
  ""Salsa"",
  ""Techno""
]",6,iOS,Apple,Apple,"Iphone15,2",189,15,5,0.62622,33.876666667,4,1
2862283,b32d39ba-e412-4bd4-80b7-bb216e35ff37,2025-11-21,7,Annual,Web,App to Web,,,,United States of America,"Canada, Great Britain & United States",North America,Virtual Classes,"[
  ""Medium""
]",3,Beginner,,"[
  ""Following instructors"",
  ""Finding local classes I love"",
  ""Taking classes at home"",
  ""Tracking heart rate & calories with my watch"",
  ""Tracking activity streaks"",
  ""New Music"",
  ""Learning dances""
]","[
  ""Bachata"",
  ""Cumbia"",
  ""Funk"",
  ""Hip Hop"",
  ""Merengue"",
  ""Reggae"",
  ""Reggaeton"",
  ""Rock"",
  ""Salsa""
]",2,iOS,Apple,Apple,"Iphone14,8",647,0,0,0,0,2,1
2210118,0fdcfd48-3a7c-448d-ad64-3cd35a6e8d42,2025-11-16,7,Annual,Web,App to Web,,,,United States of America,"Canada, Great Britain & United States",North America,,"[
  ""Medium""
]",3,Intermediate,lose weight and tone,,"[
  ""Afrobeats"",
  ""Alternative"",
  ""Bachata"",
  ""Belly Dance"",
  ""Bhangra"",
  ""Bollywood"",
  ""Cumbia"",
  ""Hip Hop"",
  ""Merengue"",
  ""Pop"",
  ""Reggae"",
  ""Reggaeton"",
  ""Salsa"",
  ""Soca""
]",2,iOS,Apple,Apple,"Iphone18,1",332,0,0,0,0,7,1
4273505,0af90feb-fd57-4f91-a0e9-08944865df9b,2025-11-12,7,Annual,Web,App to Web,,35-44,female,United States of America,"Canada, Great Britain & United States",North America,,"[
  ""Medium"",
  ""Low""
]",6,Beginner,lose weight and tone,,"[
  ""Afro Rhythms"",
  ""Bachata"",
  ""Electronic"",
  ""House"",
  ""Merengue"",
  ""Pop"",
  ""Salsa"",
  ""Techno"",
  ""World Rhythms""
]",2,iOS,Apple,Apple,"Iphone17,2",7,0,0,0,0,11,1
4262318,843dc8c2-9af0-498b-9ba3-ba5f2adf9e0e,2025-11-20,0,Annual,Web,Stripe,Rejoin,35-44,female,United Kingdom,"Canada, Great Britain & United States",Europe,,"[
  ""Low"",
  ""Medium"",
  ""High""
]",3,Intermediate,lose weight and tone,,"[
  ""Brazilian Rhythms"",
  ""Chill Out"",
  ""Hip Hop"",
  ""Merengue"",
  ""Pop"",
  ""Salsa"",
  ""World Rhythms""
]",2,iOS,Apple,Apple,"Ipad8,1",22,1,1,0.9995,31.033333333,3,1
4268721,d6f64898-294b-4339-a193-359d72868ad8,2025-11-09,7,Annual,Web,Stripe,,35-44,female,United States of America,"Canada, Great Britain & United States",North America,,"[
  ""Medium""
]",3,Intermediate,lose weight and tone,,"[
  ""Bachata"",
  ""Brazilian Rhythms"",
  ""Caribbean Rhythms"",
  ""Cumbia"",
  ""Hip Hop"",
  ""House"",
  ""Merengue"",
  ""Pop"",
  ""Reggaeton"",
  ""Salsa"",
  ""Techno""
]",2,iOS,Apple,Apple,"Iphone14,8",7,0,0,0,0,14,1
2787032,2c56255d-fd98-4979-97ca-412ca321fa71,2025-11-17,7,Annual,App,Apple,,,,Egypt,Rest of the World,ME-A,In Person & Virtual Classes,"[
  ""Medium""
]",5,Beginner,,"[
  ""Finding local classes I love"",
  ""Earning Badges"",
  ""Tracking activity streaks"",
  ""Receiving class reminders"",
  ""Learning dances""
]","[
  ""Caribbean Rhythms"",
  ""Hip Hop"",
  ""Pop"",
  ""Reggaeton""
]",6,iOS,Apple,Apple,"Iphone15,4",683,10,10,0.78387,16.17,6,1
4290062,a8af1994-c5e0-4b85-99e7-aa35da62fba5,2025-11-22,7,Annual,Web,Stripe,,45-54,female,Finland,Rest of the World,Europe,,"[
  ""Medium""
]",2,Beginner,lose weight and tone,,"[
  ""Brazilian Rhythms"",
  ""Caribbean Rhythms"",
  ""Cumbia"",
  ""Disco"",
  ""Merengue"",
  ""Pop"",
  ""Reggaeton"",
  ""Salsa""
]",3.14.0,Android,Lenovo,Lenovo,Tb330fu,7,4,3,0.6726,32.071428571,1,1
4290833,0d96c212-ee52-4142-b9bb-f45b05721d33,2025-11-15,0,Monthly,App,Apple,,45-54,female,United States of America,"Canada, Great Britain & United States",North America,,"[
  ""Medium""
]",3,Beginner,lose weight and tone,,"[
  ""Afro Rhythms"",
  ""Caribbean Rhythms"",
  ""Disco"",
  ""Hip Hop"",
  ""House"",
  ""Merengue"",
  ""Pop"",
  ""Reggaeton"",
  ""Salsa""
]",2,iOS,Apple,Apple,"Iphone16,2",0,7,1,0.5605,26.7375,8,1
4292670,cc458b5d-af7b-4704-844e-97ababdf154d,2025-11-16,0,Monthly,App,Google,,25-34,female,United States of America,"Canada, Great Britain & United States",North America,,"[
  ""Medium""
]",,Beginner,lose weight and tone,,"[
  ""Disco"",
  ""Salsa""
]",3.13.1,Android,Samsung,Samsung,Sm-S908u,0,0,0,0,0,7,1
4288485,4da9b380-5b94-4a10-9b7b-8ce865e8d047,2025-11-21,7,Annual,Web,Stripe,,35-44,female,United States of America,"Canada, Great Britain & United States",North America,,"[
  ""Medium""
]",3,Intermediate,lose weight and tone,,"[
  ""Hip Hop"",
  ""Merengue"",
  ""Pop"",
  ""Salsa"",
  ""World Rhythms""
]",3.14.0,Android,Google,Google,Pixel 8a,7,0,0,0,0,2,1
4287637,fb476583-fade-4ce5-934c-c27d218e7b09,2025-11-20,7,Annual,App,Apple,,55-64,female,United Kingdom,"Canada, Great Britain & United States",Europe,,"[
  ""Medium""
]",4,Advanced,lose weight and tone,,"[
  ""Afro Rhythms"",
  ""Bachata"",
  ""Brazilian Rhythms"",
  ""Cumbia"",
  ""Hip Hop"",
  ""House"",
  ""Merengue"",
  ""Reggaeton"",
  ""Salsa"",
  ""Techno""
]",2,iOS,Apple,Apple,"Iphone13,2",7,0,0,0,0,3,1
3845949,70015bd3-d9a3-47c1-83ff-917a91223289,2025-11-16,7,Annual,Web,Stripe,,35-44,female,Canada,"Canada, Great Britain & United States",North America,,"[
  ""Medium"",
  ""High""
]",5,Intermediate,lose weight and tone,,"[
  ""Bachata"",
  ""Brazilian Rhythms"",
  ""Caribbean Rhythms"",
  ""Hip Hop"",
  ""House"",
  ""Merengue"",
  ""Pop"",
  ""Salsa"",
  ""World Rhythms""
]",3.14.0,Android,Google,Google,Pixel 7,223,6,7,0.9991857143,29.173076923,7,1
4298751,ae814d3a-a68b-446b-bffd-cd2461654da9,2025-11-20,0,Monthly,App,Apple,,35-44,female,Brazil,Rest of the World,LATAM,,"[
  ""Low""
]",5,Beginner,Start my fitness journey,,"[
  ""Afro Rhythms"",
  ""Bachata"",
  ""Brazilian Rhythms"",
  ""Caribbean Rhythms"",
  ""Chill Out"",
  ""Cumbia"",
  ""Disco"",
  ""Electronic"",
  ""Hip Hop"",
  ""House"",
  ""Merengue"",
  ""Pop"",
  ""Reggaeton"",
  ""Salsa"",
  ""Techno"",
  ""World Rhythms""
]",6,iOS,Apple,Apple,"Iphone14,7",0,12,9,0.6109222222,24.151587302,3,1
4287816,fa7b4df7-e731-4d6c-82cc-73f7b8f15b05,2025-11-20,7,Annual,Web,App to Web,,35-44,female,United States of America,"Canada, Great Britain & United States",North America,,"[
  ""Medium""
]",3,Intermediate,lose weight and tone,,"[
  ""Afro Rhythms"",
  ""Brazilian Rhythms"",
  ""Caribbean Rhythms"",
  ""Electronic"",
  ""Hip Hop"",
  ""Reggaeton"",
  ""Techno"",
  ""World Rhythms""
]",2,iOS,Apple,Apple,"Iphone18,1",7,0,0,0,0,3,1
4267082,793aab2f-06be-462c-8dcd-28988a06b8be,2025-11-16,7,Annual,Web,Stripe,,,,Australia,Rest of the World,APAC (excl. India),,,,,,,,3.13.1,Android,Samsung,Samsung,Sm-A346e,14,0,0,0,0,7,1
4277273,caa2a13d-da8b-4a4e-a381-b341eecac459,2025-11-14,7,Annual,App,Apple,,25-34,female,United Kingdom,"Canada, Great Britain & United States",Europe,,"[
  ""Medium""
]",3,Beginner,Start my fitness journey,,"[
  ""Afro Rhythms"",
  ""Brazilian Rhythms"",
  ""Caribbean Rhythms"",
  ""Disco"",
  ""Hip Hop"",
  ""House"",
  ""Pop"",
  ""Reggaeton"",
  ""World Rhythms""
]",2,iOS,Apple,Apple,"Iphone17,3",7,3,0,0,13.916666667,9,1
3880817,17bcf8c5-463d-4a31-aa15-3c32b387e77f,2025-11-14,7,Annual,Web,App to Web,,,,United States of America,"Canada, Great Britain & United States",North America,,"[
  ""Medium""
]",5,Beginner,Have some fun,,"[
  ""Alternative"",
  ""Belly Dance"",
  ""Cumbia"",
  ""Hip Hop"",
  ""Merengue"",
  ""Pop"",
  ""Rock""
]",2,iOS,Apple,Apple,"Iphone16,2",207,2,2,0.9995,31.416666667,9,1
4279090,64413d34-0276-4383-b935-ac1536ab0493,2025-11-09,0,Monthly,App,Apple,,65+,female,United States of America,"Canada, Great Britain & United States",North America,,"[
  ""Medium""
]",5,Beginner,lose weight and tone,,"[
  ""Pop""
]",2,iOS,Apple,Apple,"Ipad16,3",0,1,0,0,13.916666667,14,1
4268900,14d00639-531a-4d0f-8c9e-83fdd30e95bc,2025-11-09,7,Annual,Web,App to Web,,35-44,female,United States of America,"Canada, Great Britain & United States",North America,,"[
  ""Medium""
]",,Beginner,lose weight and tone,,"[
  ""Hip Hop"",
  ""Pop""
]",2,iOS,Apple,Apple,"Iphone15,4",7,0,0,0,0,14,1
4279999,c7538851-7523-4a6a-a16c-f33a5f31708c,2025-11-09,0,Monthly,Web,App to Web,,65+,female,United States of America,"Canada, Great Britain & United States",North America,,"[
  ""Low""
]",3,Intermediate,Have some fun,,"[
  ""Pop""
]",2,iOS,Apple,Apple,"Iphone14,7",0,0,0,0,0,14,1
4293773,7f0fc6bb-2080-4656-a5bf-0ec51701dac5,2025-11-17,0,Monthly,Web,Stripe,,25-34,female,United States of America,"Canada, Great Britain & United States",North America,,"[
  ""Medium""
]",3,Beginner,,,"[
  ""Bachata"",
  ""Cumbia"",
  ""Hip Hop"",
  ""Merengue"",
  ""Pop"",
  ""Reggaeton"",
  ""Salsa""
]",3.13.1,Android,Samsung,Samsung,Sm-S911u,0,0,0,0,0,6,1
4216569,82ee2a3f-b2fc-463d-8f34-6de967a2da58,2025-11-09,7,Annual,Web,Stripe,,55-64,female,United States of America,"Canada, Great Britain & United States",North America,,"[
  ""Medium""
]",,Intermediate,lose weight and tone,,"[
  ""Brazilian Rhythms"",
  ""Caribbean Rhythms"",
  ""Cumbia"",
  ""Hip Hop"",
  ""Pop"",
  ""Reggaeton"",
  ""Salsa""
]",3.13.1,Android,Google,Google,Pixel 7,7,5,4,0.497325,17.601851852,14,1
4279503,b76d472b-14e4-4702-b011-5fe94950442c,2025-11-09,0,Monthly,App,Apple,,35-44,female,United States of America,"Canada, Great Britain & United States",North America,,"[
  ""Medium""
]",5,Beginner,lose weight and tone,,"[
  ""Disco"",
  ""Electronic"",
  ""Hip Hop"",
  ""Pop""
]",2,iOS,Apple,Apple,"Iphone17,2",0,1,0,0,13.916666667,14,1
4284352,854048fa-0987-43c1-a1a0-ab15860bdd7d,2025-11-11,0,Monthly,Web,App to Web,,25-34,female,United States of America,"Canada, Great Britain & United States",North America,,"[
  ""Medium""
]",3,Beginner,lose weight and tone,,"[
  ""Chill Out"",
  ""Pop"",
  ""Salsa""
]",2,iOS,Apple,Apple,"Iphone15,4",0,4,2,0.54575,25.377777778,12,1
4282616,dba74625-5c4d-4ae6-86d6-8ade97d17b57,2025-11-10,0,Monthly,App,Apple,,55-64,female,United States of America,"Canada, Great Britain & United States",North America,,,3,Beginner,,,"[
  ""Bachata"",
  ""Brazilian Rhythms"",
  ""Caribbean Rhythms"",
  ""Chill Out"",
  ""Hip Hop"",
  ""Merengue"",
  ""Pop"",
  ""Reggaeton"",
  ""Salsa""
]",2,iOS,Apple,Apple,"Iphone15,3",0,3,2,0.4994,12.396666667,13,1
4266402,2a718b27-4437-425b-8189-a9d20987ed3d,2025-11-08,7,Annual,Web,Stripe,,35-44,female,Mexico,Rest of the World,LATAM,,"[
  ""Low"",
  ""Medium""
]",3,Beginner,reduce stress,,"[
  ""Chill Out"",
  ""Electronic"",
  ""Hip Hop"",
  ""Pop"",
  ""Salsa"",
  ""World Rhythms""
]",3.13.1,Android,Google,Google,Pixel 10 Pro,7,0,0,0,0,15,1
4279040,89dc1925-e868-4b0f-9903-09768470b830,2025-11-15,7,Monthly,Web,Stripe,,25-34,female,United States of America,"Canada, Great Britain & United States",North America,,"[
  ""Medium""
]",5,Beginner,lose weight and tone,,"[
  ""Bachata"",
  ""Caribbean Rhythms"",
  ""Chill Out"",
  ""Cumbia"",
  ""Hip Hop"",
  ""Merengue"",
  ""Pop"",
  ""Reggaeton"",
  ""Salsa""
]",2,iOS,Apple,Apple,"Iphone15,2",7,0,0,0,0,8,1
4282450,7b9d225b-407b-45fa-980c-f197968ae0d8,2025-11-21,7,Annual,App,Google,,55-64,female,United States of America,"Canada, Great Britain & United States",North America,,"[
  ""Medium""
]",4,Advanced,Have some fun,,"[
  ""Bachata"",
  ""Chill Out"",
  ""Disco"",
  ""Electronic"",
  ""Hip Hop"",
  ""House"",
  ""Pop"",
  ""Salsa"",
  ""Techno""
]",3.14.0,Android,Samsung,Samsung,Sm-G973u,7,0,0,0,0,2,1
4273340,0bbc9d7f-ab14-4f00-bbda-90c5488de00a,2025-11-12,7,Annual,App,Google,,35-44,,Albania,Rest of the World,Europe,,"[
  ""Medium""
]",,Beginner,,,"[
  ""Bachata"",
  ""Brazilian Rhythms"",
  ""Caribbean Rhythms"",
  ""Cumbia"",
  ""Disco"",
  ""Hip Hop"",
  ""Merengue"",
  ""Pop"",
  ""Reggaeton"",
  ""Salsa"",
  ""World Rhythms""
]",3.13.1,Android,Samsung,Samsung,Sm-G991b,7,0,0,0,0,11,1
4287215,0ca04c11-c7db-4e9c-954b-adb977224129,2025-11-13,0,Monthly,Web,Stripe,,45-54,female,Romania,Rest of the World,Europe,,"[
  ""Medium""
]",3,Beginner,lose weight and tone,,"[
  ""Afro Rhythms"",
  ""Brazilian Rhythms"",
  ""Caribbean Rhythms"",
  ""Merengue"",
  ""Salsa""
]",3.13.1,Android,Xiaomi,Redmi,2201116sg,0,0,0,0,0,10,1
440932,b48865c5-54db-418e-bacd-d5d361843ea3,2025-11-09,0,Monthly,App,Google,,45-54,female,France,Rest of the World,Europe,,"[
  ""Medium""
]",5,Intermediate,lose weight and tone,,"[
  ""Bachata"",
  ""Brazilian Rhythms"",
  ""Caribbean Rhythms"",
  ""Cumbia"",
  ""Hip Hop"",
  ""Merengue"",
  ""Pop"",
  ""Reggaeton"",
  ""Salsa""
]",3.13.1,Android,Samsung,Samsung,Sm-G990b,0,2,1,0.9968,20.55,14,1
4295484,eae9643f-2d6d-445e-a01f-adebb7f12a35,2025-11-18,0,Monthly,Web,Stripe,,25-34,female,United States of America,"Canada, Great Britain & United States",North America,,"[
  ""Medium"",
  ""High""
]",4,Beginner,lose weight and tone,,"[
  ""Afro Rhythms"",
  ""Bachata"",
  ""Brazilian Rhythms"",
  ""Caribbean Rhythms"",
  ""Cumbia"",
  ""Disco"",
  ""Merengue"",
  ""Reggaeton"",
  ""Salsa"",
  ""World Rhythms""
]",6,iOS,Apple,Apple,"Iphone15,4",0,0,0,0,0,5,1
4271204,c74d4e24-d5b0-4667-a751-46c34da0b614,2025-11-22,0,Annual,Web,Stripe,Rejoin,35-44,female,Australia,Rest of the World,APAC (excl. India),,"[
  ""Medium"",
  ""High""
]",4,Intermediate,lose weight and tone,,"[
  ""Afro Rhythms"",
  ""Disco"",
  ""Electronic"",
  ""Hip Hop"",
  ""House"",
  ""Pop"",
  ""Reggaeton"",
  ""Salsa"",
  ""World Rhythms""
]",6,iOS,Apple,Apple,"Iphone14,2",18,3,2,0.5,20,1,1
4256638,9c54b352-80ab-4192-b067-369832ad3ba9,2025-11-08,7,Annual,Web,Stripe,,35-44,female,France,Rest of the World,Europe,,"[
  ""High""
]",2,Intermediate,reduce stress,,"[
  ""Afro Rhythms"",
  ""Bachata"",
  ""Brazilian Rhythms"",
  ""Caribbean Rhythms"",
  ""Hip Hop"",
  ""Reggaeton"",
  ""Salsa""
]",3.14.0,Android,Realme,Realme,Rmp2103,13,7,7,0.9996857143,32.666666667,15,1
4302375,623349e3-bb13-424f-84c6-84c83c3a11b0,2025-11-22,0,Monthly,App,Google,,25-34,female,United States of America,"Canada, Great Britain & United States",North America,,"[
  ""Low""
]",5,Beginner,reduce stress,,"[
  ""Afro Rhythms""
]",3.14.0,Android,Samsung,Samsung,Sm-S911u,0,3,2,0.53235,31.433333333,1,1
4287095,32a7c4a1-3bf8-4ff0-b3f0-95436781aee3,2025-11-13,0,Monthly,Web,App to Web,,35-44,female,United States of America,"Canada, Great Britain & United States",North America,,"[
  ""Medium""
]",5,Beginner,Start my fitness journey,,"[
  ""Disco"",
  ""Hip Hop"",
  ""House"",
  ""Pop"",
  ""Reggaeton"",
  ""Techno""
]",2,iOS,Apple,Apple,"Iphone17,4",0,0,0,0,0,10,1
4285309,b395ea77-72f7-47ab-9c9a-944391962cb8,2025-11-19,7,Annual,Web,App to Web,,45-54,female,United States of America,"Canada, Great Britain & United States",North America,,"[
  ""Medium""
]",3,Intermediate,,,"[
  ""Afro Rhythms"",
  ""Bachata"",
  ""Brazilian Rhythms"",
  ""Caribbean Rhythms"",
  ""Cumbia"",
  ""Hip Hop"",
  ""House"",
  ""Merengue"",
  ""Pop"",
  ""Reggaeton"",
  ""Salsa"",
  ""Techno""
]",2,iOS,Apple,Apple,"Iphone17,2",7,0,0,0,0,4,1
4296512,0fa9cc1e-aa28-4a95-85fe-0ebb81bd3a0c,2025-11-22,0,Monthly,App,Google,,35-44,female,United States of America,"Canada, Great Britain & United States",North America,,"[
  ""Low"",
  ""Medium"",
  ""High""
]",5,Beginner,lose weight and tone,,"[
  ""Afro Rhythms"",
  ""Bachata"",
  ""Brazilian Rhythms"",
  ""Caribbean Rhythms"",
  ""Chill Out"",
  ""Cumbia"",
  ""Disco"",
  ""Electronic"",
  ""Hip Hop"",
  ""House"",
  ""Merengue"",
  ""Pop"",
  ""Reggaeton"",
  ""Salsa"",
  ""Techno"",
  ""World Rhythms""
]",3.14.0,Android,Samsung,Samsung,Sm-F946u,4,5,5,0.59976,12.82,1,1
4295489,9342667c-6d95-45e0-babb-40cd5d7f5de6,2025-11-18,0,Monthly,Web,App to Web,,35-44,female,United States of America,"Canada, Great Britain & United States",North America,,"[
  ""Medium""
]",3,Intermediate,lose weight and tone,,"[
  ""Hip Hop""
]",2,iOS,Apple,Apple,"Iphone16,2",0,2,2,0.82995,42.216666667,5,1
4290014,e1bec1d8-b0e2-4e4c-8fa3-6bebc12be0ef,2025-11-22,7,Annual,Web,Stripe,,,,United States of America,"Canada, Great Britain & United States",North America,,,3,,,,,3.13.1,Android,Samsung,Samsung,Sm-S928u,7,0,0,0,0,1,1
4280685,29d26be1-5e45-42bb-8379-efcd8b6cfc91,2025-11-09,0,Monthly,App,Apple,,45-54,female,Canada,"Canada, Great Britain & United States",North America,,"[
  ""High""
]",3,Intermediate,Have some fun,,"[
  ""Afro Rhythms"",
  ""Bachata"",
  ""Brazilian Rhythms"",
  ""Caribbean Rhythms"",
  ""Disco"",
  ""Electronic"",
  ""Hip Hop"",
  ""House"",
  ""Pop"",
  ""Reggaeton"",
  ""Techno"",
  ""World Rhythms""
]",2,iOS,Apple,Apple,"Iphone14,5",0,0,0,0,0,14,1
4302862,5c3fb983-3ff1-41f2-b698-428826df139e,2025-11-22,0,Monthly,Web,Stripe,,45-54,female,United States of America,"Canada, Great Britain & United States",North America,,"[
  ""Medium""
]",2,Intermediate,lose weight and tone,,"[
  ""Caribbean Rhythms"",
  ""Chill Out"",
  ""Hip Hop"",
  ""Merengue"",
  ""Pop"",
  ""Salsa""
]",6,iOS,Apple,Apple,"Iphone16,2",0,1,0,0,48.983333333,1,1
4300265,b1f7d27b-f938-4ee7-a813-594f16fd7998,2025-11-20,0,Monthly,Web,Stripe,,,,United States of America,"Canada, Great Britain & United States",North America,,"[
  ""High""
]",4,Advanced,lose weight and tone,,[],6,iOS,Apple,Apple,"Iphone14,2",0,0,0,0,0,3,1
4290190,27c4911a-a4be-4d7f-a852-f022a32a680b,2025-11-15,0,Annual,Web,App to Web,,25-34,female,United States of America,"Canada, Great Britain & United States",North America,,"[
  ""Medium""
]",3,Intermediate,lose weight and tone,,"[
  ""Bachata"",
  ""Chill Out"",
  ""Disco"",
  ""Hip Hop"",
  ""Pop"",
  ""Salsa"",
  ""Techno""
]",6,iOS,Apple,Apple,"Iphone16,1",11,5,4,0.43175,22.661111111,8,1
2764232,f45f8e74-cec7-4873-8075-093a57830891,2025-11-11,0,Monthly,Web,App to Web,,,,United States of America,"Canada, Great Britain & United States",North America,Virtual Classes,"[
  ""Low""
]",3,Beginner,,,"[
  ""Afro Rhythms"",
  ""Brazilian Rhythms"",
  ""Caribbean Rhythms"",
  ""Disco"",
  ""Hip Hop"",
  ""Merengue"",
  ""Pop"",
  ""Reggaeton"",
  ""Salsa""
]",2,iOS,Apple,Apple,"Iphone16,2",717,5,5,0.52024,11.336666667,12,1
4278640,b18cad8e-1156-4587-8686-0165a4267de6,2025-11-15,7,Annual,Web,Stripe,,45-54,female,United States of America,"Canada, Great Britain & United States",North America,,"[
  ""Low"",
  ""Medium""
]",3,Beginner,lose weight and tone,,"[
  ""Afro Rhythms"",
  ""Caribbean Rhythms"",
  ""Hip Hop"",
  ""Reggaeton""
]",6,iOS,Apple,Apple,"Ipad7,11",7,2,2,0.5,16.566666667,8,1
4284292,1c628890-c7bd-471e-8eb5-d593ad5195e2,2025-11-11,0,Monthly,Web,App to Web,,45-54,female,United States of America,"Canada, Great Britain & United States",North America,,"[
  ""Medium""
]",5,,lose weight and tone,,,2,iOS,Apple,Apple,"Iphone15,4",0,4,2,0.4258,16.638888889,12,1
4279135,58b530c3-897d-475b-8ebe-ac9446bff714,2025-11-09,0,Monthly,App,Apple,,35-44,female,Turkey,Rest of the World,Europe,,"[
  ""High""
]",3,Beginner,lose weight and tone,,"[
  ""Afro Rhythms"",
  ""Bachata"",
  ""Brazilian Rhythms"",
  ""Disco"",
  ""Hip Hop"",
  ""Pop"",
  ""Reggaeton"",
  ""Salsa"",
  ""Techno""
]",2,iOS,Apple,Apple,"Iphone12,3",0,2,2,0.9878,21.966666667,14,1
3583214,2bd94c6d-641c-4a1f-a2da-09d095728809,2025-11-16,7,Monthly,App,Apple,,,,Belgium,Rest of the World,Europe,,"[
  ""Low"",
  ""Medium"",
  ""High""
]",2,Intermediate,Have some fun,,"[
  ""Bachata"",
  ""Merengue"",
  ""R&B"",
  ""Reggaeton"",
  ""Salsa""
]",2,iOS,Apple,Apple,"Ipad15,8",309,6,5,0.55152,31.793939394,7,1
4294053,459c3e75-5064-4c15-a7c5-8c3652bf2a57,2025-11-17,0,Monthly,Web,App to Web,,55-64,female,United States of America,"Canada, Great Britain & United States",North America,,"[
  ""Medium""
]",4,Intermediate,lose weight and tone,,"[
  ""Afro Rhythms"",
  ""Merengue"",
  ""Reggaeton"",
  ""Techno""
]",2,iOS,Apple,Apple,"Iphone15,2",0,1,0,0,13.916666667,6,1
4194046,3c34618e-47a8-4c5b-b0ba-9f6a0f915c4c,2025-11-20,0,Monthly,App,Google,,25-34,female,United States of America,"Canada, Great Britain & United States",North America,,"[
  ""Medium"",
  ""High""
]",,Intermediate,lose weight and tone,,"[
  ""Bachata"",
  ""Brazilian Rhythms"",
  ""Caribbean Rhythms"",
  ""Cumbia"",
  ""Disco"",
  ""Electronic"",
  ""Hip Hop"",
  ""House"",
  ""Merengue"",
  ""Pop"",
  ""Reggaeton"",
  ""Salsa"",
  ""Techno""
]",3.13.1,Android,Samsung,Samsung,Sm-S921u,62,0,0,0,0,3,1
4279389,455ebd57-3e80-403b-a3f5-977bdcc56fa5,2025-11-16,7,Annual,App,Apple,,35-44,female,Canada,"Canada, Great Britain & United States",North America,,"[
  ""Medium"",
  ""Low"",
  ""High""
]",5,Beginner,lose weight and tone,,"[
  ""Afro Rhythms"",
  ""Bachata"",
  ""Brazilian Rhythms"",
  ""Caribbean Rhythms"",
  ""Disco"",
  ""Hip Hop"",
  ""House"",
  ""Merengue"",
  ""Pop"",
  ""Salsa"",
  ""World Rhythms""
]",2,iOS,Apple,Apple,"Iphone14,5",7,1,1,0.9988,13.916666667,7,1
4296425,439c03da-e8d8-4060-bad2-b05f2b69a919,2025-11-18,0,Monthly,Web,App to Web,,45-54,female,United States of America,"Canada, Great Britain & United States",North America,,"[
  ""Low""
]",3,Beginner,lose weight and tone,,"[
  ""Afro Rhythms"",
  ""Brazilian Rhythms"",
  ""Caribbean Rhythms"",
  ""Chill Out"",
  ""Disco"",
  ""Electronic"",
  ""Hip Hop"",
  ""House"",
  ""Merengue"",
  ""Pop"",
  ""Reggaeton"",
  ""Salsa""
]",2,iOS,Apple,Apple,"Iphone15,5",0,0,0,0,0,5,1
4268550,41a6b650-dedb-4286-bfaf-320e22cee87f,2025-11-09,7,Annual,Web,Stripe,,45-54,female,United States of America,"Canada, Great Britain & United States",North America,,"[
  ""Medium""
]",2,Intermediate,reduce stress,,"[
  ""Merengue"",
  ""Pop"",
  ""Reggaeton"",
  ""Salsa"",
  ""World Rhythms""
]",3.13.0,Android,Samsung,Samsung,Sm-S721u,7,1,1,1,30.783333333,14,1
4283796,a8a560df-49f4-4619-9502-e119fba1c85b,2025-11-11,0,Monthly,App,Google,,35-44,female,United Kingdom,"Canada, Great Britain & United States",Europe,,"[
  ""Medium""
]",,Intermediate,lose weight and tone,,"[
  ""Brazilian Rhythms"",
  ""Caribbean Rhythms"",
  ""Disco"",
  ""Electronic"",
  ""World Rhythms""
]",3.14.0,Android,Samsung,Samsung,Sm-A346b,0,3,3,0.8853333333,22.475,12,1
4241003,8c524add-d7c9-46bf-b23f-3a7eb33daf3b,2025-11-10,0,Monthly,Web,App to Web,,35-44,female,United States of America,"Canada, Great Britain & United States",North America,,"[
  ""Medium""
]",5,Intermediate,lose weight and tone,,"[
  ""Afro Rhythms"",
  ""Bachata"",
  ""Caribbean Rhythms"",
  ""Hip Hop"",
  ""Merengue"",
  ""Pop"",
  ""Reggaeton""
]",2,iOS,Apple,Apple,"Iphone16,2",26,0,0,0,0,13,1
4288164,593c660a-8e3a-47cb-ad2b-423b89303722,2025-11-14,0,Monthly,Web,Stripe,,45-54,female,United Kingdom,"Canada, Great Britain & United States",Europe,,"[
  ""High""
]",3,Intermediate,Have some fun,,"[
  ""Brazilian Rhythms"",
  ""House"",
  ""Merengue"",
  ""Reggaeton"",
  ""Salsa""
]",,iOS,,,,,0,0,0,0,9,1
2798860,ce3e360b-7fff-4ed8-b3e0-bb88fa5c886a,2025-11-08,0,Monthly,App,Google,,35-44,female,United States of America,"Canada, Great Britain & United States",North America,Virtual Classes,"[
  ""Low"",
  ""Medium"",
  ""High""
]",20,Beginner,lose weight and tone,"[
  ""Following instructors"",
  ""Taking classes at home"",
  ""Tracking heart rate & calories with my watch"",
  ""New Music"",
  ""Receiving class reminders"",
  ""Learning dances""
]","[
  ""Country"",
  ""Funk"",
  ""Hip Hop"",
  ""K-Pop"",
  ""Pop"",
  ""R&B"",
  ""Rock"",
  ""Salsa""
]",3.14.0,Android,Samsung,Samsung,Sm-S921u,667,1,0,0,13.916666667,15,1
4049756,57bc35f8-4a2d-4816-b6f5-3928d7a0f075,2025-11-09,0,Monthly,App,Google,,55-64,female,United States of America,"Canada, Great Britain & United States",North America,,"[
  ""Medium""
]",3,Intermediate,lose weight and tone,,"[
  ""Alternative"",
  ""Bellydance"",
  ""Bollywood"",
  ""Caribbean Rhythms"",
  ""Disco"",
  ""Pop"",
  ""Reggae"",
  ""Rock"",
  ""Salsa""
]",3.14.0,Android,Samsung,Samsung,Sm-S916u,82,2,2,0.9545,21.958333333,14,1
3942354,9a5354f8-59c4-4ff6-bf30-578f985e83c3,2025-11-19,0,Monthly,Web,Stripe,,35-44,female,United Kingdom,"Canada, Great Britain & United States",Europe,,"[
  ""Medium""
]",1,Intermediate,lose weight and tone,,"[
  ""Brazilian Rhythms"",
  ""Caribbean Rhythms"",
  ""Pop"",
  ""Techno"",
  ""World Rhythms""
]",3.14.0,Android,Samsung,Samsung,Sm-S721b,0,4,3,0.9969333333,31.033333333,4,1
4279755,4c8d5278-cdf4-422f-819b-e8a4fc6fcbfb,2025-11-09,0,Monthly,App,Google,,25-34,female,Albania,Rest of the World,Europe,,"[
  ""Medium"",
  ""Low""
]",,Beginner,lose weight and tone,,"[
  ""Bachata"",
  ""Brazilian Rhythms"",
  ""Disco"",
  ""Pop"",
  ""Salsa""
]",3.13.1,Android,Samsung,Samsung,Sm-S721b,0,1,0,0,0,14,1
4290320,5036d545-e2b3-400d-b066-4d94bdbeac86,2025-11-15,0,Monthly,Web,Stripe,,18-24,female,Israel,Rest of the World,ME-A,,"[
  ""Medium"",
  ""High""
]",6,Intermediate,lose weight and tone,,"[
  ""Afro Rhythms"",
  ""Brazilian Rhythms"",
  ""Caribbean Rhythms"",
  ""Disco"",
  ""Hip Hop"",
  ""Pop"",
  ""Reggaeton"",
  ""Salsa""
]",2,iOS,Apple,Apple,"Iphone16,1",0,6,3,0.6580666667,37.731481481,8,1
4255823,7975b99c-5de7-4712-9f95-08be86f735a2,2025-11-09,7,Annual,Web,Stripe,,35-44,female,United States of America,"Canada, Great Britain & United States",North America,,"[
  ""Medium"",
  ""High""
]",3,Intermediate,lose weight and tone,,"[
  ""Bachata"",
  ""Caribbean Rhythms"",
  ""Cumbia"",
  ""Hip Hop"",
  ""Merengue"",
  ""Pop"",
  ""Reggaeton"",
  ""Salsa"",
  ""World Rhythms""
]",6,iOS,Apple,Apple,"Iphone15,4",15,5,4,0.7469,25.666666667,14,1
4281552,01136503-22e5-4fb3-ba6d-f045057416de,2025-11-17,7,Annual,Web,Stripe,,,female,United States of America,"Canada, Great Britain & United States",North America,,"[
  ""Medium""
]",3,Intermediate,Start my fitness journey,,"[
  ""Cumbia"",
  ""Merengue"",
  ""Pop"",
  ""Reggaeton"",
  ""Salsa""
]",3.14.0,Android,Samsung,Samsung,Sm-G990u2,7,7,7,0.9033,47.378571429,6,1
4274077,3b860faf-cd77-407b-a3b9-be2532478a33,2025-11-12,7,Annual,Web,Stripe,,35-44,female,United States of America,"Canada, Great Britain & United States",North America,,"[
  ""High""
]",3,Intermediate,lose weight and tone,,"[
  ""Brazilian Rhythms"",
  ""Caribbean Rhythms"",
  ""Cumbia"",
  ""Disco"",
  ""Electronic"",
  ""Merengue"",
  ""Pop"",
  ""Reggaeton"",
  ""Salsa"",
  ""Techno""
]",3.13.1,Android,Samsung,Samsung,Sm-S928u,6,0,0,0,0,11,1
4188850,e9dda3bb-70b6-4fd7-b7c2-67fac2dcd1c9,2025-11-18,7,Annual,Web,Stripe,,35-44,female,United States of America,"Canada, Great Britain & United States",North America,,"[
  ""Low""
]",2,Intermediate,Start my fitness journey,,"[
  ""Bachata"",
  ""Brazilian Rhythms"",
  ""Cumbia"",
  ""Merengue"",
  ""Pop"",
  ""Salsa""
]",3.13.1,Android,Samsung,Samsung,Sm-S936u,7,0,0,0,0,5,1
4160598,49ec34e1-a909-445a-ac66-018f9efda95f,2025-11-18,0,Monthly,App,Google,,25-34,female,Brazil,Rest of the World,LATAM,,"[
  ""High"",
  ""Medium""
]",5,Beginner,lose weight and tone,,"[
  ""Bachata"",
  ""Brazilian Rhythms"",
  ""Hip Hop"",
  ""Merengue"",
  ""Pop"",
  ""Reggaeton""
]",,,,,,,3,3,0.3314333333,11.383333333,5,1
3872961,5c035011-5dd4-4d15-98bf-d64ab009d470,2025-11-19,0,Monthly,App,Google,,35-44,female,United States of America,"Canada, Great Britain & United States",North America,,"[
  ""Medium""
]",2,Beginner,lose weight and tone,,"[
  ""Alternative"",
  ""Belly Dance"",
  ""Country"",
  ""Funk"",
  ""Hip Hop"",
  ""K-Pop"",
  ""Pop"",
  ""Rock""
]",3.14.0,Android,Samsung,Samsung,Sm-S918u,215,1,1,1,30,4,1
4270336,d334798e-f941-4784-baf4-6cf9efbdb6de,2025-11-17,7,Annual,App,Google,,35-44,female,Netherlands,Rest of the World,Europe,,"[
  ""Medium""
]",,Intermediate,lose weight and tone,,"[
  ""Disco"",
  ""Pop""
]",3.13.1,Android,Samsung,Samsung,Sm-A236b,14,0,0,0,0,6,1
4300868,cf00cb1e-c9ba-40de-8e20-465553e2ab86,2025-11-21,0,Monthly,Web,App to Web,,25-34,female,United States of America,"Canada, Great Britain & United States",North America,,"[
  ""Low"",
  ""Medium""
]",3,Intermediate,lose weight and tone,,"[
  ""Chill Out"",
  ""Disco"",
  ""Hip Hop"",
  ""House"",
  ""Pop""
]",6,iOS,Apple,Apple,"Iphone17,3",0,0,0,0,0,2,1
4290824,706a11ca-c0b4-49dd-93ec-23bbebc8b679,2025-11-22,7,Annual,Web,App to Web,,45-54,female,United States of America,"Canada, Great Britain & United States",North America,,"[
  ""Low""
]",3,Beginner,lose weight and tone,,"[
  ""Afro Rhythms"",
  ""Brazilian Rhythms"",
  ""Caribbean Rhythms"",
  ""Electronic"",
  ""Pop"",
  ""Techno""
]",2,iOS,Apple,Apple,"Iphone14,7",7,0,0,0,0,1,1
4273309,e06a8905-62c2-4bcd-8f6e-1b0ed3b79659,2025-11-13,7,Annual,App,Google,,35-44,female,Switzerland,Rest of the World,Europe,,"[
  ""Low""
]",2,Beginner,lose weight and tone,,"[
  ""Caribbean Rhythms"",
  ""Techno""
]",3.13.1,Android,Samsung,Samsung,Sm-S901b,7,2,2,1,33.2,10,1
4285235,49d0e689-8aa7-4eeb-89a1-321b8815f766,2025-11-19,7,Annual,Web,Stripe,,25-34,female,Canada,"Canada, Great Britain & United States",North America,,"[
  ""Medium""
]",3,Intermediate,lose weight and tone,,"[
  ""Afro Rhythms"",
  ""Bachata"",
  ""Brazilian Rhythms"",
  ""Caribbean Rhythms"",
  ""Cumbia"",
  ""Disco"",
  ""Hip Hop"",
  ""Salsa"",
  ""Techno""
]",2,iOS,Apple,Apple,"Iphone13,3",7,0,0,0,0,4,1
4284655,bf1b49f2-4486-4c14-8148-8ebb3f93faa0,2025-11-13,0,Monthly,Web,Stripe,,35-44,female,Greece,Rest of the World,Europe,,"[
  ""High""
]",3,Intermediate,lose weight and tone,,"[
  ""Bachata"",
  ""Cumbia"",
  ""Merengue"",
  ""Reggaeton"",
  ""Salsa""
]",3.13.1,Android,Samsung,Samsung,Sm-A346b,0,0,0,0,0,10,1
4281174,22af1af5-7554-458e-9924-329db02c31c8,2025-11-17,7,Annual,Web,Stripe,,45-54,female,Spain,Rest of the World,Europe,,"[
  ""Medium"",
  ""High""
]",4,Intermediate,Have some fun,,"[
  ""Bachata"",
  ""Caribbean Rhythms"",
  ""Cumbia"",
  ""Electronic"",
  ""Hip Hop"",
  ""House"",
  ""Merengue"",
  ""Pop"",
  ""Reggaeton"",
  ""Salsa"",
  ""World Rhythms""
]",3.13.1,Android,Xiaomi,Redmi,2312dra50g,7,0,0,0,0,6,1
4284238,64bf50c7-df1f-4f32-bb81-83da9e42c04a,2025-11-11,0,Monthly,Web,Stripe,,35-44,female,United States of America,"Canada, Great Britain & United States",North America,,"[
  ""Medium""
]",3,Intermediate,lose weight and tone,,"[
  ""Cumbia"",
  ""Hip Hop"",
  ""Pop""
]",,iOS,,,,,1,1,0.3137,26.616666667,12,1
4242559,bc215231-f7d2-44c2-acbb-13a97cafafc0,2025-11-09,7,Annual,Web,Stripe,Rejoin,35-44,female,United States of America,"Canada, Great Britain & United States",North America,,"[
  ""Medium"",
  ""Low"",
  ""High""
]",3,Intermediate,lose weight and tone,,"[
  ""Afro Rhythms"",
  ""Brazilian Rhythms"",
  ""Caribbean Rhythms"",
  ""Chill Out"",
  ""Disco"",
  ""Hip Hop"",
  ""House"",
  ""Pop"",
  ""Salsa""
]",2,iOS,Apple,Apple,"Iphone14,5",23,0,0,0,0,14,1
2114560,50cb1dd3-1001-4a68-8d25-7bb89b62fb8d,2025-11-18,7,Annual,Web,Stripe,,45-54,female,United States of America,"Canada, Great Britain & United States",North America,,"[
  ""Medium""
]",3,Intermediate,lose weight and tone,,"[
  ""Brazilian Rhythms"",
  ""Hip Hop"",
  ""House"",
  ""Merengue"",
  ""Pop"",
  ""Salsa""
]",2,iOS,Apple,Apple,"Iphone12,1",7,0,0,0,0,5,1
4160834,d8e830fb-0b0d-4a75-83ae-a81d7f607f55,2025-11-13,7,Annual,Web,App to Web,,,,United States of America,"Canada, Great Britain & United States",North America,,"[
  ""Medium""
]",3,Intermediate,lose weight and tone,,[],2,iOS,Apple,Apple,"Iphone16,1",49,0,0,0,0,10,1
4282309,5e2e8e5f-6f3e-435d-9b35-4a113055f753,2025-11-17,7,Annual,Web,App to Web,,18-24,female,United States of America,"Canada, Great Britain & United States",North America,,"[
  ""Medium"",
  ""Low"",
  ""High""
]",4,Advanced,lose weight and tone,,"[
  ""Bachata"",
  ""Brazilian Rhythms"",
  ""Caribbean Rhythms"",
  ""Cumbia"",
  ""Disco"",
  ""Hip Hop"",
  ""Merengue"",
  ""Pop"",
  ""Reggaeton"",
  ""Salsa""
]",2,iOS,Apple,Apple,"Iphone14,5",7,1,1,0.9995,31.05,6,1
4284472,4f9bc082-faad-4353-9530-4dec4193fcc5,2025-11-11,0,Monthly,App,Apple,,35-44,female,Philippines,Rest of the World,APAC (excl. India),,"[
  ""High""
]",3,Advanced,Start my fitness journey,,"[
  ""Cumbia"",
  ""Merengue"",
  ""Pop"",
  ""Reggaeton"",
  ""Salsa""
]",2,iOS,Apple,Apple,"Iphone13,4",0,40,27,0.787737037,38.830845771,12,1
2453121,6a0ea09e-5bd7-496a-aeff-4fc4f703ce18,2025-11-20,7,Annual,Web,Stripe,,25-34,male,Germany,Rest of the World,Europe,,"[
  ""High""
]",3,Advanced,lose weight and tone,,"[
  ""Afro Rhythms"",
  ""Bachata"",
  ""Brazilian Rhythms"",
  ""Caribbean Rhythms"",
  ""Chill Out"",
  ""Cumbia"",
  ""Disco"",
  ""Electronic"",
  ""Hip Hop"",
  ""House"",
  ""Merengue"",
  ""Pop"",
  ""Reggaeton"",
  ""Salsa"",
  ""Techno"",
  ""World Rhythms""
]",2,iOS,Apple,Apple,"Iphone17,2",7,0,0,0,0,3,1
4282197,1e099e21-047b-44e8-b2fd-053cddb5ed4e,2025-11-10,0,Monthly,Web,Stripe,,35-44,female,Ireland,Rest of the World,Europe,,"[
  ""Medium""
]",3,Intermediate,lose weight and tone,,"[
  ""Brazilian Rhythms"",
  ""Disco"",
  ""Salsa"",
  ""Techno"",
  ""World Rhythms""
]",3.13.1,Android,Samsung,Samsung,Sm-G990b,0,0,0,0,0,13,1
4267935,7b997883-5c41-446d-a960-c821a38a2f8b,2025-11-12,7,Annual,App,Apple,,25-34,female,France,Rest of the World,Europe,,"[
  ""Medium"",
  ""High""
]",3,Intermediate,lose weight and tone,,"[
  ""Afro Rhythms"",
  ""Bachata"",
  ""Brazilian Rhythms"",
  ""Caribbean Rhythms"",
  ""Cumbia"",
  ""Merengue"",
  ""Reggaeton"",
  ""Salsa""
]",2,iOS,Apple,Apple,"Iphone14,3",7,0,0,0,0,11,1
4103117,83181e83-ac1e-479c-9aa7-bc20786f66b2,2025-11-17,0,Monthly,Web,App to Web,,,,United States of America,"Canada, Great Britain & United States",North America,,"[
  ""Medium""
]",3,Intermediate,Start my fitness journey,,"[
  ""Caribbean Rhythms"",
  ""Country"",
  ""Hip Hop"",
  ""House"",
  ""R&B"",
  ""Reggae"",
  ""Reggaeton"",
  ""Rock""
]",2,iOS,Apple,Apple,"Iphone14,8",111,2,2,1,50.883333333,6,1
3690059,36947f34-8795-4696-b232-e578fea8bddd,2025-11-18,7,Monthly,App,Apple,,,,Germany,Rest of the World,Europe,,"[
  ""Low""
]",3,Beginner,lose weight and tone,,"[
  ""Afrobeats"",
  ""Disco"",
  ""Hip Hop"",
  ""R&B"",
  ""Reggae"",
  ""Reggaeton"",
  ""Salsa""
]",6,iOS,Apple,Apple,"Iphone15,4",286,3,2,0.71825,31.016666667,5,1
4274588,9a44ef20-d6e1-4efa-ac37-7c9dd56e5e97,2025-11-13,7,Annual,App,Google,,55-64,female,United Kingdom,"Canada, Great Britain & United States",Europe,,"[
  ""Low""
]",4,Beginner,Start my fitness journey,,"[
  ""Disco"",
  ""Pop""
]",3.13.1,Android,Samsung,Samsung,Sm-A536b,7,1,1,1,32.116666667,10,1
4284525,51c36f54-ff62-49b9-8293-8b9fc9693b66,2025-11-19,7,Annual,App,Apple,,35-44,female,Canada,"Canada, Great Britain & United States",North America,,"[
  ""High""
]",5,Intermediate,lose weight and tone,,"[
  ""Afro Rhythms"",
  ""Bachata"",
  ""Brazilian Rhythms"",
  ""Caribbean Rhythms"",
  ""Cumbia"",
  ""Disco"",
  ""Merengue"",
  ""Pop"",
  ""Reggaeton"",
  ""Salsa"",
  ""World Rhythms""
]",6,iOS,Apple,Apple,"Iphone18,3",7,0,0,0,0,4,1
4265771,2cfba1d9-ae03-4ba2-8c0a-33d42b04127e,2025-11-19,7,Annual,App,Apple,,35-44,female,United States of America,"Canada, Great Britain & United States",North America,,"[
  ""Medium""
]",5,Intermediate,lose weight and tone,,"[
  ""Afro Rhythms"",
  ""Bachata"",
  ""Brazilian Rhythms"",
  ""Caribbean Rhythms"",
  ""Chill Out"",
  ""Cumbia"",
  ""Disco"",
  ""Hip Hop"",
  ""Merengue"",
  ""Pop"",
  ""Reggaeton"",
  ""Techno""
]",2,iOS,Apple,Apple,"Iphone17,4",19,0,0,0,0,4,1
4279842,d9fee21e-cf31-4419-8173-1bb3a1e696f7,2025-11-16,7,Annual,Web,Stripe,,45-54,female,United States of America,"Canada, Great Britain & United States",North America,,"[
  ""Low""
]",3,Beginner,lose weight and tone,,"[
  ""Brazilian Rhythms"",
  ""Disco"",
  ""Hip Hop"",
  ""Salsa""
]",2,iOS,Apple,Apple,"Iphone14,5",7,0,0,0,0,7,1
4291029,6f3fa121-900b-4e53-a2f0-6df6be21c464,2025-11-15,0,Monthly,Web,App to Web,,35-44,female,United States of America,"Canada, Great Britain & United States",North America,,"[
  ""Low""
]",2,Beginner,lose weight and tone,,"[
  ""Bachata"",
  ""Brazilian Rhythms"",
  ""Cumbia"",
  ""Disco"",
  ""Electronic"",
  ""Hip Hop"",
  ""House"",
  ""Pop"",
  ""Salsa"",
  ""Techno""
]",2,iOS,Apple,Apple,"Iphone15,4",0,0,0,0,0,8,1
4285581,9c2b5fb3-3df9-4a22-b95f-539c8d1886f7,2025-11-20,7,Annual,App,Google,,25-34,female,France,Rest of the World,Europe,,"[
  ""High""
]",1,Intermediate,Have some fun,,"[
  ""Electronic"",
  ""Hip Hop"",
  ""Pop"",
  ""Reggaeton"",
  ""Techno""
]",3.14.0,Android,Samsung,Samsung,Sm-G780g,8,0,0,0,0,3,1
4299973,16931b48-0da0-4f6c-b6c1-964b313bf7d8,2025-11-21,0,Monthly,Web,Stripe,,55-64,female,United States of America,"Canada, Great Britain & United States",North America,,"[
  ""Medium""
]",3,Intermediate,lose weight and tone,,"[
  ""Bachata"",
  ""Cumbia"",
  ""House"",
  ""Pop"",
  ""Reggaeton""
]",3.14.0,Android,Samsung,Samsung,Sm-G991u,0,3,1,0.2589,28.804166667,2,1
3409416,372fd3d6-6b05-4ec1-9aa8-3c8c430046a0,2025-11-19,7,Annual,Web,Stripe,,25-34,female,United States of America,"Canada, Great Britain & United States",North America,,"[
  ""Medium""
]",3,Intermediate,lose weight and tone,,"[
  ""Bachata"",
  ""Broadway"",
  ""Cumbia"",
  ""Hip Hop"",
  ""Merengue"",
  ""Pop"",
  ""Reggaeton"",
  ""Salsa""
]",,iOS,,,,,0,0,0,0,4,1
4190393,c1aa82a2-2bf6-4fa2-98fd-b2bea90b0191,2025-11-22,0,Monthly,Web,App to Web,,35-44,female,United States of America,"Canada, Great Britain & United States",North America,,"[
  ""Medium""
]",4,Beginner,lose weight and tone,,"[
  ""Caribbean Rhythms"",
  ""Hip Hop"",
  ""Pop"",
  ""Salsa""
]",6,iOS,Apple,Apple,"Iphone17,1",66,2,2,0.49765,16.566666667,1,1
4299696,a8c05b79-7ce3-483b-acf5-194045eb90f4,2025-11-20,0,Monthly,Web,Stripe,,25-34,female,United States of America,"Canada, Great Britain & United States",North America,,"[
  ""Low""
]",3,Beginner,Start my fitness journey,,"[
  ""Chill Out"",
  ""Disco"",
  ""Hip Hop"",
  ""Pop"",
  ""Salsa"",
  ""World Rhythms""
]",6,iOS,Apple,Apple,"Iphone18,2",0,0,0,0,0,3,1
4299092,db504e03-753f-4815-bdb2-393ce438c320,2025-11-20,0,Monthly,Web,App to Web,,65+,female,United States of America,"Canada, Great Britain & United States",North America,,"[
  ""Low""
]",3,Intermediate,lose weight and tone,,"[
  ""Caribbean Rhythms"",
  ""Disco"",
  ""Hip Hop"",
  ""Pop""
]",6,iOS,Apple,Apple,"Iphone14,8",0,5,1,0.0988,35.175,3,1
4290238,e4c9e477-90c0-4c83-972b-1419dfc82d25,2025-11-22,7,Annual,Web,Stripe,,45-54,female,United Kingdom,"Canada, Great Britain & United States",Europe,,"[
  ""Medium""
]",2,Intermediate,lose weight and tone,,"[
  ""Afro Rhythms"",
  ""Brazilian Rhythms"",
  ""Caribbean Rhythms"",
  ""Chill Out"",
  ""Disco"",
  ""Electronic"",
  ""Hip Hop"",
  ""House"",
  ""Merengue"",
  ""Pop"",
  ""Salsa"",
  ""Techno""
]",2,iOS,Apple,Apple,"Iphone16,1",,0,0,0,0,1,1
4284409,4c4a49b7-ddc0-41b8-b797-21bb7845bdfd,2025-11-11,0,Monthly,Web,App to Web,,35-44,female,United States of America,"Canada, Great Britain & United States",North America,,"[
  ""Low"",
  ""Medium""
]",5,Beginner,lose weight and tone,,"[
  ""Caribbean Rhythms"",
  ""Cumbia"",
  ""Electronic"",
  ""Hip Hop"",
  ""Merengue"",
  ""Pop"",
  ""Reggaeton"",
  ""Salsa"",
  ""Techno"",
  ""World Rhythms""
]",6,iOS,Apple,Apple,"Iphone17,3",0,1,1,1,13.916666667,12,1
4270853,ab9122c4-3392-4564-96e8-6c1f16dc1a98,2025-11-10,7,Annual,Web,App to Web,,45-54,female,United States of America,"Canada, Great Britain & United States",North America,,"[
  ""Low""
]",3,Beginner,lose weight and tone,,"[
  ""Bachata"",
  ""Cumbia"",
  ""Disco"",
  ""Electronic"",
  ""Merengue"",
  ""Reggaeton"",
  ""Salsa""
]",2,iOS,Apple,Apple,"Iphone15,4",7,0,0,0,0,13,1
4238827,39598095-b8b5-45a4-baac-341c9f3d29e9,2025-11-13,30,Annual,Web,Stripe,Strand,45-54,female,United States of America,"Canada, Great Britain & United States",North America,,"[
  ""Medium"",
  ""High""
]",3,Intermediate,lose weight and tone,,"[
  ""Bachata"",
  ""Brazilian Rhythms"",
  ""Caribbean Rhythms"",
  ""Cumbia"",
  ""Hip Hop"",
  ""Merengue"",
  ""Pop"",
  ""Reggaeton"",
  ""Salsa"",
  ""World Rhythms""
]",2,iOS,Apple,Apple,"Ipad13,1",30,1,1,0.9995,32.416666667,10,1
4289634,616ee194-26f7-446d-8a94-fe8efa5e2c80,2025-11-15,0,Monthly,App,Google,,35-44,female,United Arab Emirates,Rest of the World,ME-A,,"[
  ""High""
]",5,Intermediate,lose weight and tone,,"[
  ""Bachata"",
  ""Brazilian Rhythms"",
  ""Chill Out"",
  ""Cumbia"",
  ""Disco"",
  ""Electronic"",
  ""Hip Hop"",
  ""Merengue"",
  ""Pop"",
  ""Salsa"",
  ""World Rhythms""
]",3.13.1,Android,Oppo,Oppo,Cph2727,0,2,2,0.58865,13.916666667,8,1
4242643,719b2972-a010-4eea-8914-56aeddb73aec,2025-11-11,7,Monthly,App,Google,,45-54,female,Poland,Rest of the World,Europe,,"[
  ""Medium""
]",7,Beginner,lose weight and tone,,"[
  ""Afro Rhythms"",
  ""Bachata"",
  ""Brazilian Rhythms"",
  ""Caribbean Rhythms"",
  ""Chill Out"",
  ""Cumbia"",
  ""Disco"",
  ""Electronic"",
  ""Hip Hop"",
  ""House"",
  ""Merengue"",
  ""Pop"",
  ""Reggaeton"",
  ""Salsa"",
  ""Techno"",
  ""World Rhythms""
]",3.14.0,Android,Xiaomi,Redmi,21091116ug,25,2,2,0.99565,41.183333333,12,1
3411639,eff89038-20cc-4740-8a48-d0a7352fbcc5,2025-11-09,7,Annual,Web,App to Web,,35-44,female,United States of America,"Canada, Great Britain & United States",North America,,"[
  ""Medium""
]",3,Intermediate,Have some fun,,"[
  ""Afrobeats"",
  ""Alternative"",
  ""Bachata"",
  ""Broadway"",
  ""Cumbia"",
  ""Disco"",
  ""House"",
  ""Merengue"",
  ""Pop"",
  ""Reggaeton"",
  ""Rock"",
  ""Salsa""
]",2,iOS,Apple,Apple,"Iphone17,1",360,8,5,0.99968,26.401282051,14,1
561806,31d5bc25-f725-46ed-b8ae-89b92bce1c51,2025-11-21,14,Monthly,App,App to Web,,,,United States of America,"Canada, Great Britain & United States",North America,Virtual Classes,"[
  ""High""
]",2,Intermediate,,"[
  ""Following instructors"",
  ""Earning Badges"",
  ""Taking classes at home"",
  ""Tracking heart rate & calories with my watch"",
  ""Tracking activity streaks"",
  ""New Music"",
  ""Receiving class reminders""
]","[
  ""Bachata"",
  ""Belly Dance"",
  ""Bhangra"",
  ""Bollywood"",
  ""Country"",
  ""Cumbia"",
  ""Hip Hop"",
  ""House"",
  ""K-Pop"",
  ""Merengue"",
  ""Pop"",
  ""Reggae"",
  ""Reggaeton"",
  ""Salsa""
]",6,iOS,Apple,Apple,"Iphone16,2",649,2,0,0,50.116666667,2,1
4255809,5fd1140c-85b3-49a8-83ea-bea38fda5078,2025-11-08,7,Annual,App,Apple,,45-54,female,Canada,"Canada, Great Britain & United States",North America,,"[
  ""Medium""
]",1,Beginner,lose weight and tone,,"[
  ""Afro Rhythms"",
  ""Bachata"",
  ""Brazilian Rhythms"",
  ""Caribbean Rhythms"",
  ""Chill Out"",
  ""Cumbia"",
  ""Disco"",
  ""Electronic"",
  ""Hip Hop"",
  ""House"",
  ""Merengue"",
  ""Pop"",
  ""Reggaeton"",
  ""Salsa"",
  ""Techno"",
  ""World Rhythms""
]",2,iOS,Apple,Apple,"Iphone17,3",14,0,0,0,0,15,1
4283020,52dedb2d-c5f0-4c5d-88ad-a0b631af48bd,2025-11-11,0,Monthly,Web,Stripe,,45-54,female,United Kingdom,"Canada, Great Britain & United States",Europe,,"[
  ""Medium""
]",3,Intermediate,lose weight and tone,,"[
  ""Reggaeton""
]",,iOS,,,,,0,0,0,0,12,1
2889242,e73eb337-e8f5-4cd2-9856-9137af23891f,2025-11-14,0,Monthly,Web,Stripe,,25-34,female,United Kingdom,"Canada, Great Britain & United States",Europe,In Person & Virtual Classes,"[
  ""High""
]",2,Intermediate,lose weight and tone,"[
  ""Following instructors"",
  ""Earning Badges"",
  ""Joining a supportive community"",
  ""New Music"",
  ""Learning dances""
]","[
  ""Bachata"",
  ""Cumbia"",
  ""Pop"",
  ""Reggaeton"",
  ""Salsa""
]",3.14.0,Android,Samsung,Samsung,Sm-G780g,628,0,0,0,0,9,1
4293100,ff4995f0-e9bc-4828-9b84-1a38bd8ef9a5,2025-11-17,0,Monthly,Web,App to Web,,25-34,female,United States of America,"Canada, Great Britain & United States",North America,,"[
  ""Medium""
]",3,Intermediate,lose weight and tone,,"[
  ""Bachata"",
  ""Cumbia"",
  ""Disco"",
  ""Hip Hop"",
  ""Pop"",
  ""Reggaeton"",
  ""Salsa""
]",6,iOS,Apple,Apple,"Iphone16,2",0,1,1,0.9003,31.433333333,6,1
4279742,939339fa-63e0-4a65-8fa6-17a81e3de4e5,2025-11-09,0,Monthly,Web,App to Web,,55-64,female,United States of America,"Canada, Great Britain & United States",North America,,"[
  ""Medium""
]",1,Beginner,lose weight and tone,,"[
  ""Caribbean Rhythms"",
  ""Cumbia"",
  ""Disco"",
  ""Hip Hop"",
  ""Pop"",
  ""Salsa"",
  ""Techno""
]",2,iOS,Apple,Apple,"Iphone15,5",0,11,4,0.24715,26.35,14,1
4283309,3fe53fb3-72c5-49de-8ac2-e74a7a270c44,2025-11-11,0,Monthly,Web,Stripe,,45-54,female,United States of America,"Canada, Great Britain & United States",North America,,"[
  ""Medium""
]",3,Intermediate,lose weight and tone,,"[
  ""Brazilian Rhythms"",
  ""Caribbean Rhythms"",
  ""Hip Hop"",
  ""Merengue"",
  ""Pop"",
  ""Salsa"",
  ""Techno""
]",6,iOS,Apple,Apple,"Iphone13,2",0,0,0,0,0,12,1
4289330,6d59c230-be19-46dc-a198-f74a1533dde3,2025-11-17,0,Annual,Web,App to Web,,25-34,female,United States of America,"Canada, Great Britain & United States",North America,,"[
  ""Medium""
]",3,Beginner,lose weight and tone,,"[
  ""Bachata"",
  ""Caribbean Rhythms"",
  ""Cumbia"",
  ""Disco"",
  ""Electronic"",
  ""Hip Hop"",
  ""House"",
  ""Merengue"",
  ""Pop"",
  ""Salsa"",
  ""Techno""
]",2,iOS,Apple,Apple,"Iphone15,2",0,2,2,0.9991,19.775,6,1
3542910,dd8cb441-b3af-4408-9a94-c49c2c6186a6,2025-11-19,0,Monthly,App,Google,,,,United Kingdom,"Canada, Great Britain & United States",Europe,,"[
  ""Medium""
]",3,Beginner,lose weight and tone,,"[
  ""Bachata"",
  ""Belly Dance"",
  ""Bollywood"",
  ""Disco"",
  ""Merengue"",
  ""Pop""
]",3.13.1,Android,Samsung,Samsung,Sm-F766b,319,0,0,0,0,4,1
4271225,f61eac80-cd4a-4b64-af00-1ce4456645d3,2025-11-11,7,Annual,Web,Stripe,,45-54,female,United Kingdom,"Canada, Great Britain & United States",Europe,,"[
  ""High""
]",3,Intermediate,lose weight and tone,,"[
  ""Afro Rhythms"",
  ""Brazilian Rhythms"",
  ""Caribbean Rhythms"",
  ""Disco"",
  ""Hip Hop"",
  ""House"",
  ""Merengue"",
  ""Pop"",
  ""Reggaeton"",
  ""Salsa""
]",2,iOS,Apple,Apple,"Iphone12,1",7,4,4,0.3496,18.9125,12,1
2073167,823e25d8-7ca8-4495-803e-eeb8558d4618,2025-11-13,7,Monthly,Web,Stripe,Strand,65+,female,United States of America,"Canada, Great Britain & United States",North America,,"[
  ""Low""
]",3,Intermediate,Start my fitness journey,,"[
  ""Caribbean Rhythms"",
  ""Cumbia"",
  ""Merengue"",
  ""Pop"",
  ""Reggaeton"",
  ""Rock"",
  ""Salsa""
]",3.13.1,Android,Samsung,Samsung,Sm-A156u,7,0,0,0,0,10,1
4086445,f5273543-0aff-45f1-9b57-d2f9c29376b1,2025-11-18,7,Annual,Web,Stripe,,65+,female,United States of America,"Canada, Great Britain & United States",North America,,"[
  ""Medium""
]",,Intermediate,,,"[
  ""Bachata"",
  ""Cumbia"",
  ""Hip Hop"",
  ""Merengue"",
  ""Pop"",
  ""Reggaeton"",
  ""Salsa""
]",2,iOS,Apple,Apple,"Ipad13,8",121,1,0,0,49.55,5,1
4275013,7aff706d-d159-46f8-90fa-9e64308c646f,2025-11-13,7,Annual,Web,Stripe,,65+,female,United States of America,"Canada, Great Britain & United States",North America,,"[
  ""Medium""
]",,Intermediate,lose weight and tone,,"[
  ""Caribbean Rhythms"",
  ""Cumbia"",
  ""Disco"",
  ""Hip Hop"",
  ""House"",
  ""Pop""
]",,Mac OS X,,,,,0,0,0,0,10,1
4274812,cbb8b44c-62ec-4b32-8a28-e8cb77744a7b,2025-11-21,0,Monthly,App,Apple,,25-34,female,Hungary,Rest of the World,Europe,,"[
  ""Medium""
]",5,Intermediate,lose weight and tone,,"[
  ""Hip Hop"",
  ""Pop"",
  ""Reggaeton""
]",2,iOS,Apple,Apple,"Iphone14,7",15,4,3,0.1659333333,34.969047619,2,1
4273749,c72c3f61-f028-4f93-8926-85d315a6f377,2025-11-17,7,Annual,App,Apple,,45-54,female,United States of America,"Canada, Great Britain & United States",North America,,"[
  ""High"",
  ""Medium""
]",2,Intermediate,lose weight and tone,,"[
  ""Bachata"",
  ""Brazilian Rhythms"",
  ""Caribbean Rhythms"",
  ""Cumbia"",
  ""Disco"",
  ""Hip Hop"",
  ""Merengue"",
  ""Pop"",
  ""Reggaeton"",
  ""Salsa"",
  ""Techno""
]",2,iOS,Apple,Apple,"Iphone16,1",12,4,2,0.88085,29.366666667,6,1
4064081,e01a2b2a-5f4d-4c60-a333-9405b3d5e9a7,2025-11-18,7,Annual,Web,App to Web,,,,United States of America,"Canada, Great Britain & United States",North America,,"[
  ""Low""
]",3,Beginner,Start my fitness journey,,"[
  ""Bachata"",
  ""Belly Dance"",
  ""Brazilian Rhythms"",
  ""Cumbia"",
  ""Electronic"",
  ""Hip Hop"",
  ""Reggae"",
  ""Reggaeton"",
  ""Rock"",
  ""Salsa"",
  ""Techno""
]",6,iOS,Apple,Apple,"Iphone17,2",128,0,0,0,0,5,1
4289102,fbb89a72-41f4-420a-b4b4-d8688b640c87,2025-11-14,0,Monthly,Web,Stripe,,55-64,female,Australia,Rest of the World,APAC (excl. India),,"[
  ""Medium""
]",3,Intermediate,Start my fitness journey,,"[
  ""Pop""
]",,iOS,,,,,0,0,0,0,9,1
4294842,95128212-c785-4ed5-a33f-c877693aafde,2025-11-17,0,Monthly,Web,Stripe,,25-34,female,United States of America,"Canada, Great Britain & United States",North America,,"[
  ""Medium""
]",4,Beginner,lose weight and tone,,"[
  ""Electronic"",
  ""Hip Hop"",
  ""Pop""
]",2,iOS,Apple,Apple,"Iphone14,7",0,0,0,0,0,6,1
4301051,f76e4fad-9571-4bfc-a90c-1e42be86fbac,2025-11-21,0,Monthly,Web,Stripe,,55-64,female,United States of America,"Canada, Great Britain & United States",North America,,"[
  ""Low"",
  ""Medium""
]",3,Intermediate,lose weight and tone,,"[
  ""Bachata"",
  ""Cumbia"",
  ""Disco"",
  ""House"",
  ""Merengue"",
  ""Pop"",
  ""Reggaeton"",
  ""Salsa"",
  ""Techno""
]",6,iOS,Apple,Apple,"Iphone12,1",0,0,0,0,0,2,1
4301680,78ea3035-5157-480a-8303-c9b9bb5e4ca3,2025-11-22,0,Monthly,Web,Stripe,,,,United States of America,"Canada, Great Britain & United States",North America,,"[
  ""Low"",
  ""Medium""
]",7,Beginner,lose weight and tone,,[],6,iOS,Apple,Apple,"Iphone17,4",0,0,0,0,0,1,1
4283805,164737f2-a1df-4282-b75b-52ab3c273172,2025-11-11,0,Monthly,Web,Stripe,,35-44,female,United States of America,"Canada, Great Britain & United States",North America,,"[
  ""Medium""
]",3,Beginner,reduce stress,,"[
  ""Bachata"",
  ""Cumbia"",
  ""Hip Hop"",
  ""Merengue"",
  ""Pop"",
  ""Salsa""
]",,iOS,,,,,0,0,0,0,12,1
2891634,52e1e339-c8c6-408f-b9ff-e7999a454f55,2025-11-16,7,Annual,Web,App to Web,,,,United States of America,"Canada, Great Britain & United States",North America,Virtual Classes,"[
  ""Low""
]",,Beginner,,"[
  ""Earning Badges"",
  ""Taking classes at home"",
  ""Tracking heart rate & calories with my watch"",
  ""Tracking activity streaks"",
  ""New Music"",
  ""Receiving class reminders""
]","[
  ""Belly Dance"",
  ""Bhangra"",
  ""Bollywood"",
  ""Disco"",
  ""Hip Hop"",
  ""K-Pop"",
  ""Pop"",
  ""Rock"",
  ""Salsa""
]",2,iOS,Apple,Apple,"Iphone14,5",629,0,0,0,0,7,1
4278443,a4fd9c09-ee3a-4f60-a399-0d433fec9091,2025-11-08,0,Monthly,Web,Stripe,,25-34,female,Poland,Rest of the World,Europe,,"[
  ""Medium""
]",3,Intermediate,lose weight and tone,,"[
  ""Bachata"",
  ""Pop"",
  ""Salsa""
]",6,iOS,Apple,Apple,"Iphone14,5",0,13,8,0.3992375,22.925396825,15,1
4274754,12b14ea5-8c95-4e75-b22d-11a706045d55,2025-11-10,0,Monthly,Web,Stripe,,65+,female,United States of America,"Canada, Great Britain & United States",North America,,"[
  ""Low""
]",3,Beginner,lose weight and tone,,"[
  ""Caribbean Rhythms"",
  ""Chill Out"",
  ""Disco"",
  ""House"",
  ""Pop"",
  ""Salsa""
]",,iOS,,,,,0,0,0,0,13,1
4297487,85a313aa-d41b-4131-8d8b-eb8e93fef24e,2025-11-19,0,Monthly,Web,App to Web,,35-44,female,United States of America,"Canada, Great Britain & United States",North America,,"[
  ""Medium"",
  ""High"",
  ""Low""
]",3,Beginner,lose weight and tone,,"[
  ""Afro Rhythms"",
  ""Bachata"",
  ""Brazilian Rhythms"",
  ""Caribbean Rhythms"",
  ""Chill Out"",
  ""Cumbia"",
  ""Disco"",
  ""Electronic"",
  ""Hip Hop"",
  ""House"",
  ""Merengue"",
  ""Pop"",
  ""Reggaeton"",
  ""Salsa"",
  ""Techno"",
  ""World Rhythms""
]",2,iOS,Apple,Apple,"Iphone14,7",0,1,1,1,30,4,1
3226061,f5c9a149-f961-4b3f-ba53-c3da57f98276,2025-11-14,7,Annual,App,Apple,,,,United States of America,"Canada, Great Britain & United States",North America,,"[
  ""High"",
  ""Medium""
]",2,Advanced,lose weight and tone,,"[
  ""Bachata"",
  ""Cumbia"",
  ""Merengue"",
  ""Reggaeton""
]",2,iOS,Apple,Apple,"Iphone15,2",462,12,7,0.9998857143,43.41754386,9,1
436193,10db207f-49b3-4713-a843-aa8196d06ca2,2025-11-10,0,Annual,Web,App to Web,,,,United States of America,"Canada, Great Britain & United States",North America,,"[
  ""Medium""
]",1,Intermediate,lose weight and tone,,"[
  ""Alternative"",
  ""Belly Dance"",
  ""Bhangra"",
  ""Bollywood"",
  ""Broadway"",
  ""Disco"",
  ""Hip Hop"",
  ""House"",
  ""Merengue"",
  ""Other"",
  ""Reggaeton"",
  ""Rock"",
  ""Salsa""
]",2,iOS,Apple,Apple,"Iphone14,2",302,2,2,0.4288,39.708333333,13,1
4290055,e7688605-9585-44a8-8b9e-d3afcc9a01db,2025-11-15,0,Monthly,Web,Stripe,,55-64,female,United Kingdom,"Canada, Great Britain & United States",Europe,,"[
  ""Medium""
]",3,Beginner,lose weight and tone,,"[
  ""Afro Rhythms"",
  ""Brazilian Rhythms"",
  ""Caribbean Rhythms"",
  ""Disco"",
  ""Pop"",
  ""Reggaeton""
]",,iOS,,,,,0,0,0,0,8,1
4281236,7963f9cb-e8d0-4269-9bb7-c2ccdf253d0c,2025-11-17,7,Annual,Web,App to Web,,45-54,female,United States of America,"Canada, Great Britain & United States",North America,,"[
  ""Medium"",
  ""High""
]",3,Intermediate,lose weight and tone,,"[
  ""Bachata"",
  ""Brazilian Rhythms"",
  ""Caribbean Rhythms"",
  ""Cumbia"",
  ""Disco"",
  ""Hip Hop"",
  ""House"",
  ""Merengue"",
  ""Pop"",
  ""Reggaeton"",
  ""Salsa""
]",2,iOS,Apple,Apple,"Iphone14,5",7,3,3,0.9998,29.222222222,6,1
4280371,27a2ca59-29aa-487f-a47e-bcf6c64d5134,2025-11-09,0,Annual,Web,App to Web,,45-54,female,United States of America,"Canada, Great Britain & United States",North America,,"[
  ""Medium""
]",3,Beginner,lose weight and tone,,"[
  ""Disco"",
  ""Hip Hop"",
  ""House"",
  ""Pop"",
  ""Reggaeton"",
  ""Techno""
]",2,iOS,Apple,Apple,"Iphone15,3",0,3,3,0.9536666667,24.638888889,14,1
3061644,53c5db15-105c-41e7-ab4b-0771e365b409,2025-11-08,7,Annual,App,Apple,,,,Canada,"Canada, Great Britain & United States",North America,,"[
  ""Medium""
]",3,Intermediate,lose weight and tone,,,2,iOS,Apple,Apple,"Iphone16,1",520,7,3,0.1470333333,30.27,15,1
4284111,bd5c310e-d428-40c7-84e2-74689c4d0b8c,2025-11-11,0,Monthly,Web,Stripe,,55-64,female,United States of America,"Canada, Great Britain & United States",North America,,"[
  ""Medium""
]",3,Intermediate,lose weight and tone,,"[
  ""Disco""
]",2,iOS,Apple,Apple,"Iphone14,4",-1,1,0,0,13.916666667,12,1
4273530,9d2dd9b6-1178-4350-b6f2-520f30356d8b,2025-11-17,7,Annual,Web,Stripe,,65+,female,United States of America,"Canada, Great Britain & United States",North America,,"[
  ""Low""
]",3,Beginner,,,"[
  ""Disco"",
  ""Pop"",
  ""Techno""
]",2,iOS,Apple,Apple,"Iphone18,3",7,0,0,0,0,6,1
4282388,0141df6d-6385-4c04-ac79-6a66e6a72a94,2025-11-10,0,Monthly,App,Apple,,65+,female,Canada,"Canada, Great Britain & United States",North America,,"[
  ""High""
]",4,Beginner,lose weight and tone,,"[
  ""Afro Rhythms"",
  ""Caribbean Rhythms"",
  ""Pop"",
  ""Reggaeton""
]",2,iOS,Apple,Apple,"Ipad14,8",0,2,2,0.99895,22.475,13,1
2506390,59791576-afad-4555-a5f1-5b63b2ecc651,2025-11-14,7,Annual,Web,Stripe,,35-44,female,United States of America,"Canada, Great Britain & United States",North America,,"[
  ""Medium"",
  ""High""
]",3,Intermediate,lose weight and tone,,"[
  ""Bachata"",
  ""Brazilian Rhythms"",
  ""Cumbia"",
  ""Merengue"",
  ""Reggaeton"",
  ""Salsa"",
  ""World Rhythms""
]",2,iOS,Apple,Apple,"Iphone17,1",7,0,0,0,0,9,1
4284057,7791fbc1-08c9-4f0d-b022-9ffa156d8a63,2025-11-18,7,Annual,Web,Stripe,,35-44,female,United States of America,"Canada, Great Britain & United States",North America,,"[
  ""Medium""
]",,Beginner,lose weight and tone,,"[
  ""Brazilian Rhythms"",
  ""Caribbean Rhythms"",
  ""Hip Hop"",
  ""Pop""
]",,iOS,,,,,0,0,0,0,5,1
4273345,1dfd3639-40ed-4245-aa68-3516da4585d3,2025-11-12,7,Annual,Web,App to Web,,35-44,female,United States of America,"Canada, Great Britain & United States",North America,,,,,lose weight and tone,,,2,iOS,Apple,Apple,"Iphone16,2",7,4,2,0.3472,24.244444444,11,1
3138977,a239108b-6730-4a3c-8cc3-e2d3acb77926,2025-11-20,7,Monthly,App,Apple,,,,United Kingdom,"Canada, Great Britain & United States",Europe,,"[
  ""Medium""
]",4,Intermediate,lose weight and tone,,"[
  ""Afrobeats"",
  ""Funk"",
  ""Merengue"",
  ""Pop"",
  ""R&B"",
  ""Reggaeton"",
  ""Salsa""
]",6,iOS,Apple,Apple,"Iphone15,4",499,3,2,0.99415,42.036666667,3,1
2544300,4ce31fe0-a09a-40bd-8320-f9149378cf6d,2025-11-13,7,Annual,App,App to Web,,55-64,female,United States of America,"Canada, Great Britain & United States",North America,,"[
  ""Medium""
]",3,Intermediate,Have some fun,,"[
  ""Brazilian Rhythms"",
  ""Cumbia"",
  ""Merengue"",
  ""Pop"",
  ""Salsa""
]",2,iOS,Apple,Apple,"Ipad12,1",14,1,1,0.2583,28.516666667,10,1
4290329,d258eddd-3f4f-4569-9173-f4428323845b,2025-11-15,0,Monthly,Web,Stripe,,45-54,female,United States of America,"Canada, Great Britain & United States",North America,,"[
  ""Low"",
  ""Medium""
]",3,Intermediate,lose weight and tone,,"[
  ""Afro Rhythms"",
  ""Bachata"",
  ""Brazilian Rhythms"",
  ""Caribbean Rhythms"",
  ""Cumbia"",
  ""Hip Hop"",
  ""House"",
  ""Merengue"",
  ""Reggaeton"",
  ""Salsa"",
  ""Techno"",
  ""World Rhythms""
]",3.13.1,Android,Samsung,Samsung,Sm-S916u,0,1,1,1,13.916666667,8,1
4274076,6cc18882-32a2-4370-a6a6-a245e3e0a278,2025-11-12,7,Annual,Web,Stripe,,35-44,female,United States of America,"Canada, Great Britain & United States",North America,,"[
  ""Medium""
]",2,Advanced,lose weight and tone,,"[
  ""Afro Rhythms"",
  ""Bachata"",
  ""Caribbean Rhythms"",
  ""Cumbia"",
  ""Merengue"",
  ""Reggaeton"",
  ""Salsa""
]",6,iOS,Apple,Apple,"Iphone18,1",7,12,10,0.94261,29.921212121,11,1
4298979,c39bf606-785d-4817-9cf9-f46392ba4bf6,2025-11-20,0,Monthly,App,App to Web,,65+,female,United States of America,"Canada, Great Britain & United States",North America,,"[
  ""Medium""
]",3,Beginner,lose weight and tone,,"[
  ""Disco"",
  ""Hip Hop"",
  ""House"",
  ""Pop"",
  ""Techno""
]",2,iOS,Apple,Apple,"Ipad14,5",0,0,0,0,0,3,1
3472712,86efdf7c-58fe-4c44-8061-8876b1192b35,2025-11-19,7,Annual,Web,Stripe,,35-44,female,United States of America,"Canada, Great Britain & United States",North America,,"[
  ""Medium""
]",3,Beginner,lose weight and tone,,"[
  ""Broadway"",
  ""Pop"",
  ""Rock""
]",2,iOS,Apple,Apple,"Iphone14,4",346,0,0,0,0,4,1
3104124,d77e600f-0673-45a6-ba6a-b111227a767f,2025-11-19,7,Annual,App,Google,,,,Austria,Rest of the World,Europe,,"[
  ""High""
]",2,Intermediate,lose weight and tone,,"[
  ""Bachata"",
  ""Cumbia"",
  ""Disco"",
  ""Hip Hop"",
  ""Merengue"",
  ""Reggaeton""
]",3.14.0,Android,Samsung,Samsung,Sm-T835,421,4,4,0.95165,25.583333333,4,1
3325492,72cbb7bf-46e1-42d9-9dcf-ffe4a41a276f,2025-11-21,7,Annual,App,Apple,,,,Canada,"Canada, Great Britain & United States",North America,,"[
  ""High""
]",7,Beginner,lose weight and tone,,"[
  ""Bachata"",
  ""Broadway"",
  ""Country"",
  ""Merengue"",
  ""Pop"",
  ""Rock"",
  ""Salsa""
]",6,iOS,Apple,Apple,"Iphone17,4",411,1,1,0.9995,31.033333333,2,1
4256507,da2b06bb-9653-45f0-b03d-e7e72f580bed,2025-11-13,7,Annual,App,Apple,,35-44,female,United States of America,"Canada, Great Britain & United States",North America,,"[
  ""Medium"",
  ""High""
]",3,Beginner,lose weight and tone,,"[
  ""Hip Hop"",
  ""Pop""
]",2,iOS,Apple,Apple,"Iphone15,4",18,0,0,0,0,10,1
2760118,47635305-02b1-4d51-a6d0-4c53c03db920,2025-11-09,7,Annual,App,Apple,,25-34,female,United Kingdom,"Canada, Great Britain & United States",Europe,,"[
  ""High""
]",3,Advanced,lose weight and tone,,"[
  ""Afro Rhythms"",
  ""Brazilian Rhythms"",
  ""Caribbean Rhythms"",
  ""Cumbia"",
  ""Merengue"",
  ""Salsa""
]",2,iOS,Apple,Apple,"Iphone11,8",46,0,0,0,0,14,1
4265809,9aa30f06-0ae8-47cf-a543-e1716b482867,2025-11-17,0,Annual,Web,App to Web,,55-64,female,United States of America,"Canada, Great Britain & United States",North America,,"[
  ""Medium""
]",4,Beginner,lose weight and tone,,"[
  ""Brazilian Rhythms"",
  ""Caribbean Rhythms"",
  ""Disco"",
  ""Electronic"",
  ""Hip Hop"",
  ""House"",
  ""Pop"",
  ""Techno""
]",2,iOS,Apple,Apple,"Iphone14,7",17,1,1,1,31.033333333,6,1
4272531,e3ebeb96-e9ba-4386-ab8d-41e96d5fc67f,2025-11-11,7,Annual,App,Apple,,25-34,female,Canada,"Canada, Great Britain & United States",North America,,"[
  ""Medium""
]",2,Beginner,lose weight and tone,,"[
  ""Bachata"",
  ""Caribbean Rhythms"",
  ""Disco"",
  ""Hip Hop"",
  ""Merengue"",
  ""Pop"",
  ""Salsa""
]",2,iOS,Apple,Apple,"Iphone14,2",7,4,3,0.6666666667,23.652380952,12,1
4279484,320f99b7-22df-45f2-8ecb-6a8bfa00a0dd,2025-11-16,7,Annual,Web,Stripe,,35-44,female,United Kingdom,"Canada, Great Britain & United States",Europe,,"[
  ""Medium""
]",5,Beginner,lose weight and tone,,"[
  ""Afro Rhythms"",
  ""Bachata"",
  ""Brazilian Rhythms"",
  ""Caribbean Rhythms"",
  ""Disco"",
  ""Electronic"",
  ""House"",
  ""Merengue"",
  ""Pop"",
  ""Salsa"",
  ""Techno"",
  ""World Rhythms""
]",3.13.1,Android,Samsung,Samsung,Sm-S918b,7,4,4,0.74095,19.8625,7,1
3144636,3aa7a780-e88e-43a0-94a5-85746e7f0ba2,2025-11-11,7,Annual,App,Apple,,,,United States of America,"Canada, Great Britain & United States",North America,,"[
  ""Medium""
]",3,Advanced,lose weight and tone,,"[
  ""Afro Rhythms"",
  ""Bachata"",
  ""Brazilian Rhythms"",
  ""Caribbean Rhythms"",
  ""Cumbia"",
  ""Disco"",
  ""Hip Hop"",
  ""Merengue"",
  ""Pop"",
  ""Reggaeton"",
  ""Salsa"",
  ""World Rhythms""
]",2,iOS,Apple,Apple,"Iphone17,1",488,4,4,0.462925,30.6375,12,1
3955066,eff311a4-224b-443a-8d7b-84230b66f677,2025-11-13,0,Monthly,App,Apple,,,,Canada,"Canada, Great Britain & United States",North America,,,3,,lose weight and tone,,,2,iOS,Apple,Apple,"Iphone14,7",175,0,0,0,0,10,1
4284608,050eb31b-70cd-4685-8961-dbd8852b7a3c,2025-11-12,0,Monthly,Web,Stripe,,35-44,female,United Kingdom,"Canada, Great Britain & United States",Europe,,"[
  ""Medium""
]",4,Intermediate,lose weight and tone,,"[
  ""Afro Rhythms"",
  ""Pop""
]",2,iOS,Apple,Apple,"Iphone14,4",0,2,0,0,26.616666667,11,1
4278946,173525a3-f81d-4e66-a643-8d9e5666b869,2025-11-08,0,Monthly,Web,Stripe,,45-54,female,United States of America,"Canada, Great Britain & United States",North America,,"[
  ""Medium""
]",3,Beginner,Have some fun,,"[
  ""Hip Hop"",
  ""Pop"",
  ""Techno""
]",2,iOS,Apple,Apple,"Iphone16,2",0,0,0,0,0,15,1
4281638,67fb6a20-8390-4e24-8ab8-15db58b7a77d,2025-11-17,7,Annual,Web,App to Web,,35-44,female,United States of America,"Canada, Great Britain & United States",North America,,"[
  ""Medium""
]",5,Beginner,lose weight and tone,,"[
  ""Bachata"",
  ""Cumbia"",
  ""Hip Hop"",
  ""Reggaeton""
]",2,iOS,Apple,Apple,"Iphone17,2",7,42,42,0.9899547619,31.134325397,6,1
4291288,53e843b4-df6a-4e66-9d61-16cc7b09162d,2025-11-16,0,Monthly,Web,Stripe,,35-44,female,United Kingdom,"Canada, Great Britain & United States",Europe,,"[
  ""Medium""
]",,Intermediate,lose weight and tone,,"[
  ""Disco"",
  ""Hip Hop"",
  ""Pop""
]",3.14.0,Android,Samsung,Samsung,Sm-S911b,0,6,5,0.95822,27.63030303,7,1
4267762,b5780c47-9f7a-4cf8-a8ee-3b379a7d7dea,2025-11-09,7,Annual,Web,Stripe,,55-64,female,United States of America,"Canada, Great Britain & United States",North America,,"[
  ""Low"",
  ""Medium""
]",2,Beginner,reduce stress,,"[
  ""Bachata"",
  ""Caribbean Rhythms"",
  ""Merengue"",
  ""Reggaeton"",
  ""Salsa""
]",2,iOS,Apple,Apple,"Iphone16,2",7,0,0,0,0,14,1
3779125,b1d63bc6-1cc7-4cde-9b6c-b361b597acd1,2025-11-10,0,Monthly,Web,Stripe,,45-54,female,United States of America,"Canada, Great Britain & United States",North America,,"[
  ""Low""
]",,Beginner,Have some fun,,"[
  ""Afro Rhythms"",
  ""Brazilian Rhythms"",
  ""Caribbean Rhythms"",
  ""Disco"",
  ""Hip Hop"",
  ""House"",
  ""Pop"",
  ""Reggaeton""
]",3.13.1,Android,Samsung,Samsung,Sm-S928u,0,2,0,0,17.575,13,1
4290189,da773e18-9300-47cc-8c93-65d01e7ad7aa,2025-11-15,0,Monthly,Web,App to Web,,25-34,female,United States of America,"Canada, Great Britain & United States",North America,,"[
  ""Medium"",
  ""High"",
  ""Low""
]",6,Intermediate,lose weight and tone,,"[
  ""Afro Rhythms"",
  ""Bachata"",
  ""Brazilian Rhythms"",
  ""Caribbean Rhythms"",
  ""Chill Out"",
  ""Cumbia"",
  ""Disco"",
  ""Electronic"",
  ""Hip Hop"",
  ""House"",
  ""Merengue"",
  ""Pop"",
  ""Reggaeton"",
  ""Salsa"",
  ""Techno"",
  ""World Rhythms""
]",2,iOS,Apple,Apple,"Iphone14,3",0,5,4,0.5,13.527777778,8,1
4289630,3101b7ee-f862-4ccd-89df-84b5de0f9ea8,2025-11-15,0,Monthly,App,Apple,,35-44,female,Australia,Rest of the World,APAC (excl. India),,"[
  ""High"",
  ""Medium""
]",7,Advanced,lose weight and tone,,"[
  ""Bachata"",
  ""Brazilian Rhythms"",
  ""Caribbean Rhythms"",
  ""Disco"",
  ""Pop"",
  ""Salsa""
]",2,iOS,Apple,Apple,"Iphone17,1",0,3,0,0,39.088888889,8,1
4272989,9a771918-db50-414f-85fb-327f37653d36,2025-11-12,7,Annual,Web,Stripe,,55-64,female,United States of America,"Canada, Great Britain & United States",North America,,"[
  ""Medium""
]",,Beginner,lose weight and tone,,"[
  ""Brazilian Rhythms"",
  ""Caribbean Rhythms"",
  ""Merengue""
]",,iOS,,,,,0,0,0,0,11,1
4285509,c55f03c8-de1d-4f08-b4b0-1e4a8877a649,2025-11-19,7,Annual,Web,Stripe,,25-34,female,United States of America,"Canada, Great Britain & United States",North America,,"[
  ""Medium""
]",3,Intermediate,Start my fitness journey,,"[
  ""Chill Out"",
  ""Hip Hop"",
  ""House"",
  ""Pop"",
  ""Reggaeton"",
  ""Salsa"",
  ""World Rhythms""
]",2,iOS,Apple,Apple,"Iphone13,3",7,0,0,0,0,4,1
4298812,429337f0-eaf2-4136-a453-47e0791ed4c5,2025-11-20,0,Monthly,Web,Stripe,,45-54,female,United Kingdom,"Canada, Great Britain & United States",Europe,,"[
  ""Medium""
]",4,Advanced,lose weight and tone,,"[
  ""Afro Rhythms"",
  ""Brazilian Rhythms"",
  ""Caribbean Rhythms"",
  ""Disco"",
  ""Electronic"",
  ""Hip Hop"",
  ""House"",
  ""Merengue"",
  ""Reggaeton"",
  ""Salsa""
]",3.14.0,Android,Samsung,Samsung,Sm-F721u,0,0,0,0,0,3,1
4287465,5e2c21ee-c5cf-413a-80bf-42d35425e074,2025-11-13,0,Monthly,Web,Stripe,,25-34,female,United States of America,"Canada, Great Britain & United States",North America,,"[
  ""Medium""
]",3,Beginner,lose weight and tone,,"[
  ""Bachata"",
  ""Brazilian Rhythms"",
  ""Caribbean Rhythms"",
  ""Chill Out"",
  ""Cumbia"",
  ""Disco"",
  ""Electronic"",
  ""Hip Hop"",
  ""House"",
  ""Merengue"",
  ""Pop"",
  ""Salsa"",
  ""Techno"",
  ""World Rhythms""
]",,iOS,,,,,0,0,0,0,10,1
4276409,2a006090-29e8-414e-b02b-4856fd7d3582,2025-11-17,7,Annual,Web,Stripe,Rejoin,35-44,female,Korea (the Republic of),Rest of the World,APAC (excl. India),,"[
  ""Medium"",
  ""High""
]",,Beginner,lose weight and tone,,"[
  ""Afro Rhythms"",
  ""Bachata"",
  ""Brazilian Rhythms"",
  ""Caribbean Rhythms"",
  ""Chill Out"",
  ""Cumbia"",
  ""Disco"",
  ""Electronic"",
  ""Hip Hop"",
  ""House"",
  ""Merengue"",
  ""Pop"",
  ""Reggaeton"",
  ""Salsa"",
  ""Techno"",
  ""World Rhythms""
]",3.13.1,Android,Samsung,Samsung,Sm-S918n,10,2,2,0.5,15.741666667,6,1
4294935,86ba479a-f2e4-429c-9d17-8aa8fcd3cba9,2025-11-18,0,Monthly,Web,Stripe,,45-54,female,Romania,Rest of the World,Europe,,"[
  ""Medium"",
  ""High""
]",14,Advanced,Have some fun,,"[
  ""Cumbia"",
  ""Reggaeton"",
  ""Salsa""
]",3.14.0,Android,Samsung,Samsung,Sm-A346b,0,22,12,0.5952583333,22.455882353,5,1
4281190,180873d4-1355-4b30-851d-cadbeb14f8a7,2025-11-17,7,Annual,Web,App to Web,,25-34,female,United States of America,"Canada, Great Britain & United States",North America,,"[
  ""High""
]",3,Beginner,lose weight and tone,,"[
  ""Afro Rhythms"",
  ""Bachata"",
  ""Brazilian Rhythms"",
  ""Cumbia"",
  ""Electronic"",
  ""Hip Hop"",
  ""House"",
  ""Merengue"",
  ""Reggaeton"",
  ""Salsa"",
  ""Techno""
]",2,iOS,Apple,Apple,"Iphone16,1",7,0,0,0,0,6,1
4296787,9a9b3941-4a39-4228-a65b-002192323474,2025-11-19,0,Monthly,Web,App to Web,,25-34,female,United States of America,"Canada, Great Britain & United States",North America,,"[
  ""Medium""
]",5,Intermediate,lose weight and tone,,"[
  ""Chill Out"",
  ""Cumbia"",
  ""Hip Hop"",
  ""House"",
  ""Pop"",
  ""Reggaeton"",
  ""Salsa""
]",2,iOS,Apple,Apple,"Iphone14,2",0,3,0,0,33.188888889,4,1
4290980,a3bfa1c0-faa4-418b-bd8d-f99749b9b86f,2025-11-22,7,Annual,Web,Stripe,,25-34,female,United States of America,"Canada, Great Britain & United States",North America,,"[
  ""Medium"",
  ""High""
]",3,Intermediate,lose weight and tone,,"[
  ""Afro Rhythms"",
  ""Bachata"",
  ""Brazilian Rhythms"",
  ""Caribbean Rhythms"",
  ""Cumbia"",
  ""Hip Hop"",
  ""Merengue"",
  ""Reggaeton"",
  ""Salsa"",
  ""World Rhythms""
]",2,iOS,Apple,Apple,"Iphone18,3",7,0,0,0,0,1,1
4284933,004bde42-a3a0-4fb1-b566-7ba1893b2664,2025-11-19,7,Annual,Web,Stripe,,,,United States of America,"Canada, Great Britain & United States",North America,,,3,,,,,2,iOS,Apple,Apple,"Iphone17,1",7,0,0,0,0,4,1
4271646,0eab47be-fdbd-451e-990b-0c83944e6c61,2025-11-19,7,Annual,App,Apple,,35-44,female,United Kingdom,"Canada, Great Britain & United States",Europe,,"[
  ""Medium"",
  ""Low""
]",3,Beginner,lose weight and tone,,"[
  ""Electronic"",
  ""House"",
  ""Pop"",
  ""Techno""
]",2,iOS,Apple,Apple,"Iphone14,7",15,0,0,0,0,4,1
4280264,55c69a10-948e-4011-8b6d-0968b32b42f9,2025-11-09,0,Monthly,Web,Stripe,,45-54,female,United States of America,"Canada, Great Britain & United States",North America,,"[
  ""High""
]",3,Beginner,lose weight and tone,,"[
  ""Hip Hop"",
  ""Pop"",
  ""Reggaeton""
]",2,iOS,Apple,Apple,"Iphone16,1",0,5,5,0.71498,22.313333333,14,1
4267796,d44bf3cc-9a97-4dd5-a96b-09974d1d756f,2025-11-09,7,Annual,Web,Stripe,,35-44,female,United States of America,"Canada, Great Britain & United States",North America,,"[
  ""Low""
]",3,Beginner,lose weight and tone,,"[
  ""Afro Rhythms"",
  ""Brazilian Rhythms"",
  ""Cumbia"",
  ""Merengue""
]",2,iOS,Apple,Apple,"Iphone15,2",7,0,0,0,0,14,1
4277106,12324274-14a4-4865-b335-1120a0712639,2025-11-14,7,Annual,Web,Stripe,,65+,female,United States of America,"Canada, Great Britain & United States",North America,,"[
  ""Medium""
]",3,Intermediate,lose weight and tone,,"[
  ""Brazilian Rhythms"",
  ""Reggaeton"",
  ""Salsa""
]",2,iOS,Apple,Apple,"Ipad16,5",7,1,1,1,0,9,1
4269583,46e781d9-a293-4b88-90af-a5f6b731ed4d,2025-11-10,7,Annual,Web,App to Web,,45-54,female,United States of America,"Canada, Great Britain & United States",North America,,"[
  ""Medium""
]",3,Intermediate,lose weight and tone,,"[
  ""Chill Out"",
  ""Disco"",
  ""Merengue"",
  ""Pop"",
  ""Salsa""
]",2,iOS,Apple,Apple,"Iphone15,2",7,0,0,0,0,13,1
4014137,cea04e53-f5e4-4625-840a-db23658f0e7c,2025-11-12,7,Annual,Web,App to Web,,25-34,female,United States of America,"Canada, Great Britain & United States",North America,,"[
  ""Medium"",
  ""Low""
]",4,Beginner,lose weight and tone,,"[
  ""Bachata"",
  ""Merengue"",
  ""Reggaeton"",
  ""Salsa""
]",2,iOS,Apple,Apple,"Iphone18,2",139,0,0,0,0,11,1
4267419,21d4aa6d-7ca8-4e27-bcff-968102230474,2025-11-09,7,Annual,App,Google,,55-64,female,Luxembourg,Rest of the World,Europe,,"[
  ""Low""
]",2,Beginner,lose weight and tone,,"[
  ""Disco"",
  ""World Rhythms""
]",3.13.1,Android,Samsung,Samsung,Sm-F731b,7,1,0,0,13.916666667,14,1
4278207,140e5b87-5da1-45e9-8e1d-9644d8581eb7,2025-11-08,0,Monthly,Web,Stripe,,25-34,female,United States of America,"Canada, Great Britain & United States",North America,,"[
  ""Medium""
]",3,Intermediate,lose weight and tone,,"[
  ""Hip Hop""
]",2,iOS,Apple,Apple,"Iphone14,2",0,5,2,0.12045,29.419047619,15,1
4283059,f107ed5a-3169-4939-a514-3c4a2d67a523,2025-11-11,0,Monthly,Web,Stripe,,25-34,female,United Kingdom,"Canada, Great Britain & United States",Europe,,"[
  ""Medium""
]",2,Intermediate,lose weight and tone,,"[
  ""Afro Rhythms"",
  ""Caribbean Rhythms"",
  ""Disco"",
  ""Hip Hop"",
  ""Pop"",
  ""Reggaeton"",
  ""Salsa""
]",3.14.0,Android,Samsung,Samsung,Sm-S911b,0,11,7,0.8164857143,24.493518519,12,1
4280087,bfc73625-591b-417a-a321-0afc116cac0e,2025-11-09,0,Monthly,Web,App to Web,,,,United States of America,"Canada, Great Britain & United States",North America,,,,,,,,2,iOS,Apple,Apple,"Iphone16,1",0,1,1,0.1419,20.55,14,1
2779746,0bdfd55f-dab2-427d-9355-23fb667f273f,2025-11-16,14,Monthly,App,Apple,,,,United States of America,"Canada, Great Britain & United States",North America,Virtual Classes,"[
  ""Medium""
]",,Intermediate,,"[
  ""Following instructors"",
  ""Earning Badges"",
  ""Taking classes at home"",
  ""Tracking heart rate & calories with my watch"",
  ""Tracking activity streaks"",
  ""New Music"",
  ""Learning dances""
]","[
  ""Afrobeats"",
  ""Bachata"",
  ""Belly Dance"",
  ""Cumbia"",
  ""Hip Hop"",
  ""K-Pop"",
  ""Merengue"",
  ""R&B"",
  ""Reggae"",
  ""Reggaeton"",
  ""Salsa"",
  ""Soca""
]",6,iOS,Apple,Apple,"Iphone17,2",689,3,2,0.839,41.536666667,7,1
4282689,9ddf498e-9343-4e3b-80d8-1143a4c20422,2025-11-18,7,Annual,Web,App to Web,,65+,female,United States of America,"Canada, Great Britain & United States",North America,,"[
  ""Medium""
]",3,Beginner,lose weight and tone,,"[
  ""Bachata"",
  ""Cumbia"",
  ""Merengue"",
  ""Pop"",
  ""Salsa""
]",2,iOS,Apple,Apple,"Iphone17,2",7,3,1,1,27.779166667,5,1
4143311,d7cf82e7-46cb-49fe-ad69-a9658425b3ba,2025-11-17,0,Annual,Web,Stripe,,18-24,female,United States of America,"Canada, Great Britain & United States",North America,,"[
  ""Medium""
]",3,Beginner,lose weight and tone,,"[
  ""Afro Rhythms"",
  ""Bachata"",
  ""Brazilian Rhythms"",
  ""Caribbean Rhythms"",
  ""Chill Out"",
  ""Cumbia"",
  ""Disco"",
  ""Electronic"",
  ""Hip Hop"",
  ""House"",
  ""Merengue"",
  ""Pop"",
  ""Reggaeton"",
  ""Salsa"",
  ""Techno"",
  ""World Rhythms""
]",4,iOS,Apple,Apple,"Iphone16,1",87,0,0,0,0,6,1
4168764,e5177475-8944-433d-b773-40fd92aaad0b,2025-11-15,7,Annual,App,Apple,,35-44,female,France,Rest of the World,Europe,,"[
  ""High"",
  ""Medium""
]",,Intermediate,Have some fun,,"[
  ""Afro Rhythms"",
  ""Bachata"",
  ""Brazilian Rhythms"",
  ""Caribbean Rhythms"",
  ""Cumbia"",
  ""Hip Hop"",
  ""Merengue"",
  ""Pop"",
  ""Reggaeton"",
  ""Salsa""
]",2,iOS,Apple,Apple,"Iphone14,7",70,2,2,0.58935,27.008333333,8,1
4284226,7aaaf8d5-e6ef-4596-b8cd-f1cf5b4ea52c,2025-11-11,0,Monthly,Web,App to Web,,45-54,female,United States of America,"Canada, Great Britain & United States",North America,,"[
  ""Low""
]",3,Beginner,lose weight and tone,,"[
  ""Afro Rhythms"",
  ""Bachata"",
  ""Brazilian Rhythms"",
  ""Caribbean Rhythms"",
  ""Chill Out"",
  ""Cumbia"",
  ""Hip Hop"",
  ""Merengue"",
  ""Pop"",
  ""Reggaeton"",
  ""Salsa"",
  ""World Rhythms""
]",2,iOS,Apple,Apple,"Iphone15,3",0,1,0,0,32.416666667,12,1
4282297,1103f78d-6773-4404-a610-88f8d4d6becd,2025-11-17,7,Annual,App,Google,,25-34,female,United States of America,"Canada, Great Britain & United States",North America,,"[
  ""Medium"",
  ""High""
]",5,Intermediate,lose weight and tone,,"[
  ""Afro Rhythms"",
  ""Brazilian Rhythms"",
  ""Chill Out"",
  ""Electronic"",
  ""Hip Hop"",
  ""Pop"",
  ""Reggaeton"",
  ""World Rhythms""
]",3.13.1,Android,Samsung,Samsung,Sm-S256vl,7,0,0,0,0,6,1
2071544,4e49633c-f84b-4b0c-9950-6aa3333606cd,2025-11-16,14,Monthly,App,App to Web,,,,United States of America,"Canada, Great Britain & United States",North America,Virtual Classes,"[
  ""High""
]",,Advanced,,"[
  ""New Music""
]","[
  ""Bachata"",
  ""Bollywood"",
  ""Cumbia"",
  ""Hip Hop"",
  ""Merengue"",
  ""R&B"",
  ""Reggae"",
  ""Reggaeton"",
  ""Salsa""
]",2,iOS,Apple,Apple,"Ipad15,6",650,2,1,1,36.966666667,7,1
4285342,662d9f2b-143d-4d88-90bc-c6e1d5f54357,2025-11-12,0,Monthly,App,Google,,25-34,female,Brazil,Rest of the World,LATAM,,"[
  ""Medium""
]",5,Beginner,lose weight and tone,,"[
  ""Brazilian Rhythms"",
  ""Electronic"",
  ""Hip Hop"",
  ""Pop""
]",3.13.1,Android,Samsung,Samsung,Sm-X210,0,9,0,0,26.731481481,11,1
4288111,78cc00ba-561e-4072-881a-02754b99c3ed,2025-11-13,0,Monthly,App,Google,,25-34,female,United States of America,"Canada, Great Britain & United States",North America,,"[
  ""High""
]",4,Beginner,lose weight and tone,,"[
  ""Afro Rhythms"",
  ""Brazilian Rhythms"",
  ""Disco"",
  ""Hip Hop"",
  ""Pop"",
  ""Reggaeton""
]",3.13.1,Android,Google,Google,Pixel 7 Pro,0,4,3,0.2106666667,18.261904762,10,1
4281149,482ba8e3-9a34-4264-bd28-7b305f103037,2025-11-10,0,Monthly,Web,Stripe,,25-34,female,United Kingdom,"Canada, Great Britain & United States",Europe,,"[
  ""Medium""
]",2,Beginner,lose weight and tone,,"[
  ""Chill Out"",
  ""Disco"",
  ""Electronic"",
  ""Hip Hop"",
  ""House"",
  ""Pop"",
  ""Techno""
]",,iOS,,,,,0,0,0,0,13,1
4044713,d4c6e9bd-0188-4446-b41e-bb702bba93b4,2025-11-11,0,Annual,App,Google,,,,Spain,Rest of the World,Europe,,"[
  ""Medium""
]",,Beginner,lose weight and tone,,"[
  ""Afro Rhythms"",
  ""Afrobeats"",
  ""Bachata"",
  ""Bellydance"",
  ""Bhangra"",
  ""Brazilian Rhythms"",
  ""Caribbean Rhythms"",
  ""Disco"",
  ""Funk"",
  ""Merengue"",
  ""Reggaeton"",
  ""Salsa"",
  ""World Rhythms""
]",3.13.1,Android,Samsung,Samsung,Sm-S908b,133,7,6,0.5254833333,27.253846154,12,1
4257429,7def0569-4308-48bb-9b6e-c845aa072b7f,2025-11-14,0,Annual,App,Google,,35-44,female,France,Rest of the World,Europe,,"[
  ""High"",
  ""Medium""
]",4,Intermediate,lose weight and tone,,"[
  ""Afro Rhythms"",
  ""Bachata"",
  ""Brazilian Rhythms"",
  ""Caribbean Rhythms"",
  ""Cumbia"",
  ""Merengue"",
  ""Reggaeton"",
  ""Salsa""
]",3.14.0,Android,Samsung,Samsung,Sm-T510,19,4,1,0.9995,29.006666667,9,1
4287934,17ab7f16-9450-48c1-b249-f89072ab6702,2025-11-20,7,Monthly,Web,App to Web,,35-44,female,United States of America,"Canada, Great Britain & United States",North America,,"[
  ""High"",
  ""Low"",
  ""Medium""
]",4,Beginner,lose weight and tone,,"[
  ""Afro Rhythms"",
  ""Brazilian Rhythms"",
  ""Caribbean Rhythms"",
  ""Cumbia"",
  ""Hip Hop"",
  ""House"",
  ""Pop"",
  ""Salsa""
]",2,iOS,Apple,Apple,"Iphone17,2",7,0,0,0,0,3,1
4300158,63796c99-8f3a-4f5e-a875-c7c97e6b4a1f,2025-11-20,0,Monthly,App,Apple,,35-44,female,United States of America,"Canada, Great Britain & United States",North America,,"[
  ""High""
]",6,Intermediate,,,"[
  ""Bachata"",
  ""Brazilian Rhythms"",
  ""Caribbean Rhythms"",
  ""Hip Hop"",
  ""Merengue"",
  ""Pop"",
  ""Reggaeton"",
  ""Salsa"",
  ""World Rhythms""
]",6,iOS,Apple,Apple,"Iphone14,2",0,5,1,0.4783,37.944444444,3,1
3433879,ff8d532e-a6f0-41b1-99a7-7f329dc8f9c3,2025-11-19,0,Monthly,Web,Stripe,,25-34,female,Romania,Rest of the World,Europe,,"[
  ""Medium""
]",3,Beginner,Have some fun,,"[
  ""R&B"",
  ""Reggaeton"",
  ""Rock"",
  ""Salsa""
]",3.14.0,Android,Samsung,Samsung,Sm-A528b,360,1,1,0.9992,20.55,4,1
4286015,6f871f0e-9160-429f-b882-0f9752d03145,2025-11-19,7,Annual,App,Apple,,,,United States of America,"Canada, Great Britain & United States",North America,,"[
  ""Medium""
]",3,Intermediate,lose weight and tone,,"[
  ""Disco"",
  ""Electronic"",
  ""Hip Hop"",
  ""House"",
  ""Merengue"",
  ""Pop"",
  ""Salsa"",
  ""Techno"",
  ""World Rhythms""
]",3,iOS,Apple,Apple,"Iphone17,1",7,0,0,0,0,4,1
3853649,5ad07a66-6bc7-4818-8af2-85e818a11e9b,2025-11-18,7,Annual,Web,App to Web,,,,United States of America,"Canada, Great Britain & United States",North America,,"[
  ""Medium""
]",3,Beginner,Start my fitness journey,,"[
  ""Broadway"",
  ""Disco"",
  ""Pop"",
  ""Rock""
]",2,iOS,Apple,Apple,"Iphone16,1",222,0,0,0,0,5,1
4296305,88f39d0a-62bb-49f0-ae40-5c40c8324eb7,2025-11-18,0,Monthly,Web,Stripe,,,,United States of America,"Canada, Great Britain & United States",North America,,"[
  ""Medium""
]",3,Intermediate,Start my fitness journey,,[],2,iOS,Apple,Apple,"Iphone17,1",0,0,0,0,0,5,1
4296033,e90953e5-48d6-4ce9-9d3c-bdd6ffee298b,2025-11-20,0,Monthly,App,Google,,35-44,female,Serbia,Rest of the World,Europe,,"[
  ""Low""
]",2,Beginner,reduce stress,,"[
  ""Afro Rhythms"",
  ""Bachata"",
  ""Brazilian Rhythms"",
  ""Caribbean Rhythms"",
  ""Chill Out"",
  ""Cumbia"",
  ""Disco"",
  ""Electronic"",
  ""Hip Hop"",
  ""House"",
  ""Merengue"",
  ""Pop"",
  ""Reggaeton"",
  ""Salsa"",
  ""Techno"",
  ""World Rhythms""
]",3.14.0,Android,Xiaomi,Xiaomi,23078pnd5g,2,4,3,0.6653,18.030952381,3,1
3516870,274385a2-8858-42ad-a39f-6709a65e6500,2025-11-22,7,Monthly,App,Apple,,35-44,female,United States of America,"Canada, Great Britain & United States",North America,,"[
  ""Low"",
  ""Medium""
]",4,Beginner,Start my fitness journey,,"[
  ""Belly Dance"",
  ""Bollywood"",
  ""Cumbia"",
  ""Disco"",
  ""Funk"",
  ""Hip Hop"",
  ""House"",
  ""Merengue"",
  ""Pop"",
  ""R&B"",
  ""Reggaeton"",
  ""Salsa""
]",6,iOS,Apple,Apple,"Iphone13,2",221,0,0,0,0,1,1
2070411,108409ee-be17-4e64-9f28-2ea59adbeb94,2025-11-23,0,Monthly,App,App to Web,,,,United States of America,"Canada, Great Britain & United States",North America,,,,,,,,,iOS,,,,,0,0,0,0,0,1
4274714,fc9a818b-af54-4f4d-9ed3-9aa206d2ccbf,2025-11-13,7,Annual,App,Apple,,45-54,female,United States of America,"Canada, Great Britain & United States",North America,,"[
  ""Medium""
]",3,Beginner,lose weight and tone,,"[
  ""Caribbean Rhythms""
]",2,iOS,Apple,Apple,"Iphone12,1",7,0,0,0,0,0,1
4303465,61718891-873b-4c79-b4d4-d7059977eff5,2025-11-23,0,Monthly,Web,Stripe,,55-64,female,United States of America,"Canada, Great Britain & United States",North America,,"[
  ""Medium""
]",3,Beginner,lose weight and tone,,"[
  ""Cumbia"",
  ""Merengue"",
  ""Pop"",
  ""Reggaeton"",
  ""Salsa""
]",6,iOS,Apple,Apple,"Iphone15,4",0,0,0,0,0,0,1
4292005,c3b885bd-60f1-4aa9-aff1-1550446227f6,2025-11-23,7,Annual,Web,Stripe,,35-44,female,Egypt,Rest of the World,ME-A,,"[
  ""High""
]",3,Intermediate,lose weight and tone,,"[
  ""Brazilian Rhythms"",
  ""Caribbean Rhythms"",
  ""Hip Hop"",
  ""Pop"",
  ""Reggaeton""
]",2,iOS,Apple,Apple,"Iphone13,4",,0,0,0,0,0,1
4288246,23b6187a-e7ba-4702-a967-b572296f6769,2025-11-23,7,Annual,App,Google,,25-34,female,United Kingdom,"Canada, Great Britain & United States",Europe,,"[
  ""Medium""
]",,Beginner,Start my fitness journey,,"[
  ""Afro Rhythms"",
  ""Brazilian Rhythms"",
  ""Caribbean Rhythms"",
  ""Disco"",
  ""Electronic"",
  ""Hip Hop"",
  ""House"",
  ""Pop"",
  ""Reggaeton"",
  ""Techno""
]",3.13.1,Android,Google,Google,Pixel 6,9,0,0,0,0,0,1
4290428,a40eff3a-2169-48bf-a450-e7ca7d8f538a,2025-11-23,0,Monthly,App,Apple,,25-34,female,United States of America,"Canada, Great Britain & United States",North America,,"[
  ""High""
]",2,Beginner,Have some fun,,"[
  ""Caribbean Rhythms"",
  ""Disco"",
  ""Merengue"",
  ""Salsa""
]",6,iOS,Apple,Apple,"Iphone17,3",8,0,0,0,0,0,1
4291091,9b58d86a-cd4a-4a3a-ab27-972db3f1c284,2025-11-23,7,Annual,Web,Stripe,,45-54,female,Romania,Rest of the World,Europe,,"[
  ""Medium""
]",3,Intermediate,lose weight and tone,,"[
  ""Bachata"",
  ""Disco"",
  ""Merengue"",
  ""Pop"",
  ""Reggaeton"",
  ""Salsa"",
  ""World Rhythms""
]",2,iOS,Apple,Apple,"Iphone17,2",7,0,0,0,0,0,1
4300746,152c97ff-0a58-4b7d-b609-8cb4b7627ecd,2025-11-21,0,Monthly,Web,Stripe,,35-44,other,United States of America,"Canada, Great Britain & United States",North America,,"[
  ""Low""
]",2,Beginner,Start my fitness journey,,"[
  ""Chill Out"",
  ""Disco"",
  ""Electronic"",
  ""Hip Hop"",
  ""House"",
  ""Pop"",
  ""Salsa"",
  ""Techno"",
  ""World Rhythms""
]",6,iOS,Apple,Apple,"Iphone15,2",0,0,0,0,0,2,1
4291477,0d9e91bb-cc3b-4fd4-b84d-6328ec0869a1,2025-11-23,7,Annual,Web,Stripe,,45-54,female,United States of America,"Canada, Great Britain & United States",North America,,"[
  ""Medium""
]",4,Beginner,Start my fitness journey,,"[
  ""Afro Rhythms"",
  ""Bachata"",
  ""Brazilian Rhythms"",
  ""Caribbean Rhythms"",
  ""Chill Out"",
  ""Cumbia"",
  ""Disco"",
  ""Electronic"",
  ""Hip Hop"",
  ""House"",
  ""Merengue"",
  ""Pop"",
  ""Reggaeton"",
  ""Salsa"",
  ""Techno"",
  ""World Rhythms""
]",2,iOS,Apple,Apple,"Iphone15,4",7,0,0,0,0,0,1
4291098,a223cec7-28dc-4fca-b2d2-74e952aea529,2025-11-23,7,Annual,App,Apple,,35-44,female,United States of America,"Canada, Great Britain & United States",North America,,"[
  ""High""
]",4,Beginner,lose weight and tone,,"[
  ""Afro Rhythms"",
  ""Bachata"",
  ""Brazilian Rhythms"",
  ""Caribbean Rhythms"",
  ""Chill Out"",
  ""Cumbia"",
  ""Disco"",
  ""Electronic"",
  ""Hip Hop"",
  ""House"",
  ""Merengue"",
  ""Pop"",
  ""Reggaeton"",
  ""Salsa"",
  ""Techno"",
  ""World Rhythms""
]",2,iOS,Apple,Apple,"Iphone13,4",7,0,0,0,0,0,1
4291589,35563090-bbac-4eff-8f69-2e2066b06dae,2025-11-23,7,Annual,Web,Stripe,,45-54,female,United States of America,"Canada, Great Britain & United States",North America,,"[
  ""Low"",
  ""Medium""
]",3,Intermediate,lose weight and tone,,"[
  ""Afro Rhythms"",
  ""Bachata"",
  ""Brazilian Rhythms"",
  ""Caribbean Rhythms"",
  ""Cumbia"",
  ""Hip Hop"",
  ""Merengue"",
  ""Pop"",
  ""Reggaeton"",
  ""Salsa"",
  ""World Rhythms""
]",2,iOS,Apple,Apple,"Iphone17,3",7,0,0,0,0,0,1
4289734,1f3fca14-0072-4408-a0eb-44f47f9ed72c,2025-11-22,7,Annual,App,Google,,25-34,female,Spain,Rest of the World,Europe,,"[
  ""Medium""
]",7,Intermediate,lose weight and tone,,"[
  ""Afro Rhythms"",
  ""Bachata"",
  ""Brazilian Rhythms"",
  ""Caribbean Rhythms"",
  ""Chill Out"",
  ""Cumbia"",
  ""Disco"",
  ""Electronic"",
  ""Hip Hop"",
  ""House"",
  ""Merengue"",
  ""Pop"",
  ""Reggaeton"",
  ""Salsa"",
  ""Techno"",
  ""World Rhythms""
]",3.13.1,Android,Xiaomi,Redmi,22101316ug,7,0,0,0,0,1,1
4264169,f470e4c4-23ae-48ee-86d5-30611fe1219c,2025-11-10,7,Annual,App,Apple,,35-44,female,Germany,Rest of the World,Europe,,"[
  ""Low""
]",5,Beginner,lose weight and tone,,"[
  ""Brazilian Rhythms"",
  ""Caribbean Rhythms"",
  ""Disco"",
  ""Electronic"",
  ""Pop"",
  ""Techno"",
  ""World Rhythms""
]",2,iOS,Apple,Apple,"Ipad12,1",11,12,9,0.9983777778,27.446031746,13,1
607519,76294e25-4294-4217-8620-92847813c1ea,2025-11-09,0,Monthly,Web,App to Web,,,,United States of America,"Canada, Great Britain & United States",North America,Virtual Classes,"[
  ""Medium""
]",6,Intermediate,,"[
  ""Following instructors"",
  ""Earning Badges"",
  ""Joining a supportive community"",
  ""Receiving class reminders""
]","[
  ""Bachata"",
  ""Cumbia"",
  ""Hip Hop"",
  ""Merengue"",
  ""R&B"",
  ""Reggaeton"",
  ""Salsa""
]",2,iOS,Apple,Apple,"Iphone15,3",636,2,2,0.80705,29.791666667,14,1
4266621,b3ffbd7b-6c2a-404b-a71e-bd0b2d4b16eb,2025-11-08,7,Annual,App,Google,,45-54,female,Israel,Rest of the World,ME-A,,"[
  ""Low""
]",6,Beginner,Have some fun,,"[
  ""Brazilian Rhythms"",
  ""Caribbean Rhythms"",
  ""Chill Out"",
  ""Disco"",
  ""Electronic"",
  ""Hip Hop"",
  ""House"",
  ""Pop"",
  ""Reggaeton"",
  ""World Rhythms""
]",3.13.0,Android,Xiaomi,Poco,24117rk2cg,7,0,0,0,0,15,1
4278961,7b14a1c0-2b32-4dc1-855a-e8c3609cb684,2025-11-15,7,Annual,Web,App to Web,,35-44,female,United States of America,"Canada, Great Britain & United States",North America,,"[
  ""Medium""
]",2,Intermediate,lose weight and tone,,"[
  ""Afro Rhythms"",
  ""Bachata"",
  ""Brazilian Rhythms"",
  ""Caribbean Rhythms"",
  ""Cumbia"",
  ""Merengue"",
  ""Pop"",
  ""Reggaeton"",
  ""Salsa""
]",2,iOS,Apple,Apple,"Iphone17,1",7,0,0,0,0,8,1
3513943,4657d39e-e1fe-415c-8090-e5fdfe3ab405,2025-11-21,7,Annual,Web,Stripe,,45-54,female,Germany,Rest of the World,Europe,,"[
  ""Medium""
]",2,Intermediate,lose weight and tone,,"[
  ""Afrobeats"",
  ""Alternative"",
  ""Bachata"",
  ""Belly Dance"",
  ""Blues"",
  ""Bollywood"",
  ""Broadway"",
  ""Country"",
  ""Cumbia"",
  ""Disco"",
  ""Funk"",
  ""Hip Hop"",
  ""House"",
  ""Merengue"",
  ""Other"",
  ""Pop"",
  ""R&B"",
  ""Reggae"",
  ""Rock"",
  ""Salsa""
]",,iOS,,,,,0,0,0,0,2,1
4278612,20325e06-9d98-4129-9c95-ccb4e4e08dbb,2025-11-10,0,Monthly,App,Apple,,35-44,female,Canada,"Canada, Great Britain & United States",North America,,"[
  ""Medium"",
  ""High""
]",4,Intermediate,Start my fitness journey,,"[
  ""Brazilian Rhythms"",
  ""Caribbean Rhythms"",
  ""Cumbia"",
  ""Hip Hop"",
  ""House"",
  ""Pop"",
  ""Reggaeton""
]",2,iOS,Apple,Apple,"Iphone14,5",2,8,2,0.76955,37.351666667,13,1
4269484,06635e76-2e34-4b99-a107-9d9f0696f11b,2025-11-10,7,Annual,App,Apple,,35-44,female,Portugal,Rest of the World,Europe,,"[
  ""Medium""
]",7,Beginner,lose weight and tone,,"[
  ""Afro Rhythms"",
  ""Caribbean Rhythms"",
  ""Hip Hop"",
  ""Reggaeton""
]",2,iOS,Apple,Apple,"Iphone17,1",7,0,0,0,0,13,1
4281004,97245a99-9252-4d69-9c86-13c249c91d95,2025-11-17,7,Annual,Web,Stripe,,25-34,female,United Kingdom,"Canada, Great Britain & United States",Europe,,"[
  ""Low"",
  ""Medium"",
  ""High""
]",5,Intermediate,lose weight and tone,,"[
  ""Afro Rhythms"",
  ""Bachata"",
  ""Brazilian Rhythms"",
  ""Chill Out"",
  ""Disco"",
  ""Merengue"",
  ""Pop"",
  ""Reggaeton"",
  ""Salsa""
]",3.14.0,Android,Google,Google,Pixel 8 Pro,7,5,5,0.82806,27.19,6,1
4274460,faceb1d0-eb65-41dc-a371-3d9b0d3fa865,2025-11-12,7,Annual,Web,App to Web,,25-34,female,United States of America,"Canada, Great Britain & United States",North America,,"[
  ""Medium""
]",2,Intermediate,lose weight and tone,,"[
  ""Afro Rhythms"",
  ""Bachata"",
  ""Brazilian Rhythms"",
  ""Caribbean Rhythms"",
  ""Cumbia"",
  ""Electronic"",
  ""Hip Hop"",
  ""House"",
  ""Merengue"",
  ""Pop"",
  ""Reggaeton"",
  ""Salsa"",
  ""Techno"",
  ""World Rhythms""
]",2,iOS,Apple,Apple,"Iphone17,3",7,0,0,0,0,11,1
4301334,00b2a5ce-5b29-4977-acda-21193a21c73a,2025-11-21,0,Monthly,Web,Stripe,,35-44,female,United States of America,"Canada, Great Britain & United States",North America,,"[
  ""Medium""
]",3,Intermediate,lose weight and tone,,"[
  ""Afro Rhythms"",
  ""Bachata"",
  ""Brazilian Rhythms"",
  ""Caribbean Rhythms"",
  ""Cumbia"",
  ""Hip Hop"",
  ""Merengue"",
  ""Pop"",
  ""Reggaeton"",
  ""Salsa""
]",3.14.0,Android,Samsung,Samsung,Sm-S721u,0,0,0,0,0,2,1
4284282,77a620b2-03d0-41ea-b6f2-7a0b4048cc46,2025-11-11,0,Monthly,Web,Stripe,,45-54,female,United States of America,"Canada, Great Britain & United States",North America,,"[
  ""Low""
]",,Beginner,lose weight and tone,,"[
  ""Disco"",
  ""Pop""
]",2,iOS,Apple,Apple,"Iphone14,7",0,0,0,0,0,12,1
4286945,f20aadac-bc7a-4b22-ade7-719c3ef328d4,2025-11-13,0,Monthly,Web,App to Web,,55-64,female,United States of America,"Canada, Great Britain & United States",North America,,"[
  ""Medium""
]",3,Intermediate,lose weight and tone,,"[
  ""Bachata"",
  ""Brazilian Rhythms"",
  ""Caribbean Rhythms"",
  ""Disco"",
  ""Merengue"",
  ""Pop"",
  ""World Rhythms""
]",2,iOS,Apple,Apple,"Ipad8,12",0,1,1,0.3365,13.916666667,10,1
4153909,e9cc2e6d-52d7-483a-8703-ef45471a2dbd,2025-11-17,0,Monthly,Web,App to Web,,,,United States of America,"Canada, Great Britain & United States",North America,,"[
  ""Medium""
]",3,Beginner,lose weight and tone,,"[
  ""Afro Rhythms"",
  ""Caribbean Rhythms"",
  ""Hip Hop"",
  ""House"",
  ""Pop"",
  ""Reggaeton""
]",2,iOS,Apple,Apple,"Iphone16,2",81,0,0,0,0,6,1
4288696,e788b692-f8ae-472a-a053-65b94b2c29bf,2025-11-21,7,Annual,Web,Stripe,Beneplace,,,United States of America,"Canada, Great Britain & United States",North America,,,3,,,,,2,iOS,Apple,Apple,"Iphone14,3",,0,0,0,0,2,1
3423939,2c1e6b2c-8386-466a-bdc0-9c2893bc7528,2025-11-12,7,Annual,Web,App to Web,,,,United States of America,"Canada, Great Britain & United States",North America,,"[
  ""Medium""
]",3,Intermediate,lose weight and tone,,"[
  ""Afrobeats"",
  ""Bachata"",
  ""Belly Dance"",
  ""Bollywood"",
  ""Hip Hop"",
  ""House"",
  ""Merengue"",
  ""Reggae"",
  ""Reggaeton"",
  ""Salsa"",
  ""Soca""
]",2,iOS,Apple,Apple,"Iphone17,1",392,0,0,0,0,11,1
4275102,f8a274d5-5625-4207-a9b2-8c7576a44d39,2025-11-13,7,Monthly,Web,Stripe,Strand,,,United States of America,"Canada, Great Britain & United States",North America,,,,,,,,,iOS,,,,,0,0,0,0,10,1
3135910,fb58d69e-5238-4bf7-ac2b-1c5fb2d0f29f,2025-11-11,7,Monthly,App,Apple,,,,United States of America,"Canada, Great Britain & United States",North America,,"[
  ""Medium""
]",3,Advanced,lose weight and tone,,"[
  ""Afrobeats"",
  ""Bachata"",
  ""Bollywood"",
  ""Broadway"",
  ""Cumbia"",
  ""Hip Hop"",
  ""K-Pop"",
  ""Merengue"",
  ""Pop"",
  ""Reggaeton"",
  ""Salsa""
]",2,iOS,Apple,Apple,"Iphone14,7",527,1,0,0,30.466666667,12,1
4282851,a77d1c02-2bdc-4ece-95a6-57cf98e72366,2025-11-18,7,Annual,Web,Stripe,,45-54,female,United Kingdom,"Canada, Great Britain & United States",Europe,,"[
  ""Medium""
]",3,Advanced,lose weight and tone,,"[
  ""Caribbean Rhythms"",
  ""Disco"",
  ""Pop"",
  ""Salsa""
]",3.13.1,Android,Honor,Honor,Ptp-N49,7,0,0,0,0,5,1
4280601,879f3131-b9c3-4051-84d3-eb12d19802d6,2025-11-16,7,Annual,App,Apple,,,,United States of America,"Canada, Great Britain & United States",North America,,,3,,,,,2,iOS,Apple,Apple,"Iphone16,2",7,0,0,0,0,7,1
3929100,b054bc83-f626-4878-b020-5656ce5784ab,2025-11-14,0,Monthly,Web,Stripe,,35-44,female,Romania,Rest of the World,Europe,,"[
  ""Medium""
]",3,Intermediate,lose weight and tone,,"[
  ""Bachata"",
  ""Brazilian Rhythms"",
  ""Merengue""
]",3.13.1,Android,Samsung,Samsung,Sm-S918b,0,3,2,0.66285,20.35,9,1
4297242,fba98132-d640-43c6-80de-204dfbfe0076,2025-11-19,0,Monthly,Web,Stripe,,35-44,female,United Kingdom,"Canada, Great Britain & United States",Europe,,"[
  ""Medium""
]",2,Intermediate,lose weight and tone,,"[
  ""Bachata"",
  ""House"",
  ""Pop"",
  ""Reggaeton"",
  ""Salsa""
]",3.14.0,Android,Samsung,Samsung,Sm-A556e,0,6,6,0.5657166667,31.705555556,4,1
4286626,c0846224-ce6f-4ee6-9ffc-395d6efe03cc,2025-11-20,7,Annual,Web,Stripe,,25-34,female,United Kingdom,"Canada, Great Britain & United States",Europe,,"[
  ""Medium"",
  ""High""
]",3,Intermediate,lose weight and tone,,"[
  ""Caribbean Rhythms"",
  ""Hip Hop""
]",2,iOS,Apple,Apple,"Iphone17,2",7,0,0,0,0,3,1
4278041,05188afa-dcc3-40fb-bd32-5331d42e25d3,2025-11-15,7,Annual,Web,Stripe,,25-34,female,United Kingdom,"Canada, Great Britain & United States",Europe,,"[
  ""Low""
]",3,Intermediate,Start my fitness journey,,"[
  ""Disco"",
  ""Hip Hop"",
  ""Pop"",
  ""Reggaeton""
]",2,iOS,Apple,Apple,"Iphone15,3",7,1,1,0.0857,49.966666667,8,1
4300212,d322cea9-8cd3-4201-b6c8-d5e05309ec63,2025-11-20,0,Monthly,Web,Stripe,,,,United States of America,"Canada, Great Britain & United States",North America,,,3,,lose weight and tone,,,6,iOS,Apple,Apple,"Iphone16,2",0,0,0,0,0,3,1
4282950,0a701f95-98cb-4812-b064-97f72c4b96a6,2025-11-18,7,Annual,Web,Stripe,,45-54,female,United States of America,"Canada, Great Britain & United States",North America,,"[
  ""Medium"",
  ""High""
]",2,Intermediate,lose weight and tone,,"[
  ""Afro Rhythms"",
  ""Bachata"",
  ""Brazilian Rhythms"",
  ""Caribbean Rhythms"",
  ""Chill Out"",
  ""Cumbia"",
  ""Disco"",
  ""Electronic"",
  ""Hip Hop"",
  ""House"",
  ""Merengue"",
  ""Pop"",
  ""Reggaeton"",
  ""Salsa"",
  ""Techno"",
  ""World Rhythms""
]",3.13.1,Android,Google,Google,Pixel 8,7,0,0,0,0,5,1
4297303,c98ba9b5-ad1b-4e4d-8211-083213c9195d,2025-11-19,0,Monthly,App,Google,,55-64,female,United States of America,"Canada, Great Britain & United States",North America,,"[
  ""Low""
]",5,Beginner,lose weight and tone,,"[
  ""Chill Out"",
  ""Pop"",
  ""Techno""
]",3.13.1,Android,Motorola,Motorola,Motorola Edge Plus 2023,0,0,0,0,0,4,1
4281602,46ac5dc9-9d32-4c77-8706-37181cec9ef0,2025-11-20,0,Monthly,Web,Stripe,,35-44,female,Brazil,Rest of the World,LATAM,,"[
  ""Low"",
  ""Medium""
]",4,Intermediate,,,"[
  ""Bachata"",
  ""Cumbia"",
  ""Merengue"",
  ""Reggaeton"",
  ""Salsa""
]",2,iOS,Apple,Apple,"Iphone14,7",10,5,1,0.9505,29.9,3,1
4289151,b13ec2b4-cbf8-40a1-a82c-0106c524f0dc,2025-11-21,7,Annual,Web,App to Web,,35-44,female,United States of America,"Canada, Great Britain & United States",North America,,"[
  ""Medium""
]",2,Beginner,lose weight and tone,,"[
  ""Bachata"",
  ""Brazilian Rhythms"",
  ""Chill Out"",
  ""Cumbia"",
  ""Electronic"",
  ""Hip Hop"",
  ""House"",
  ""Merengue"",
  ""Pop"",
  ""Salsa"",
  ""Techno""
]",2,iOS,Apple,Apple,"Iphone17,2",7,0,0,0,0,2,1
4283419,d7a5b8bf-e03a-4284-98f3-181ff8eec1a1,2025-11-11,0,Monthly,Web,Stripe,,,,United States of America,"Canada, Great Britain & United States",North America,,"[
  ""Low"",
  ""Medium""
]",4,Intermediate,Have some fun,,[],,iOS,,,,,0,0,0,0,12,1
4272527,aca11a11-671b-4d32-a49b-2248db370da8,2025-11-11,7,Annual,Web,Stripe,,45-54,female,United States of America,"Canada, Great Britain & United States",North America,,"[
  ""Medium""
]",3,Intermediate,lose weight and tone,,"[
  ""Hip Hop"",
  ""Salsa""
]",2,iOS,Apple,Apple,"Iphone16,2",7,7,3,0.4323333333,34.14,12,1
4274434,da79c09c-5e14-4fc6-badf-a1d5f9fe977c,2025-11-12,7,Annual,App,Apple,,55-64,female,United States of America,"Canada, Great Britain & United States",North America,,"[
  ""Medium"",
  ""Low""
]",4,Beginner,lose weight and tone,,,6,iOS,Apple,Apple,"Iphone14,2",7,1,0,0,32.116666667,11,1
4282644,199edcac-6c39-4c20-a712-660b49b22e96,2025-11-14,0,Monthly,Web,App to Web,,35-44,female,United States of America,"Canada, Great Britain & United States",North America,,"[
  ""High""
]",4,Advanced,Have some fun,,"[
  ""Afro Rhythms"",
  ""Brazilian Rhythms"",
  ""Caribbean Rhythms"",
  ""Hip Hop"",
  ""House"",
  ""Reggaeton"",
  ""Salsa""
]",2,iOS,Apple,Apple,"Iphone17,2",4,3,3,1,49.966666667,9,1
4278050,76079998-202a-4ac8-93af-6fba9d32d722,2025-11-15,7,Annual,Web,Stripe,,45-54,female,United States of America,"Canada, Great Britain & United States",North America,,"[
  ""Medium""
]",7,Intermediate,Start my fitness journey,,"[
  ""Afro Rhythms"",
  ""Bachata"",
  ""Brazilian Rhythms"",
  ""Caribbean Rhythms"",
  ""Cumbia"",
  ""Disco"",
  ""Electronic"",
  ""Merengue"",
  ""Pop"",
  ""Reggaeton"",
  ""Salsa"",
  ""Techno"",
  ""World Rhythms""
]",3.13.1,Android,Samsung,Samsung,Sm-S936u,7,0,0,0,0,8,1
3963954,71998b1f-8681-48c5-9020-6a7280b3370e,2025-11-11,7,Annual,App,Apple,,,,Netherlands,Rest of the World,Europe,,"[
  ""Medium"",
  ""Low""
]",2,Advanced,Have some fun,,"[
  ""Bachata"",
  ""Bellydance"",
  ""Bollywood"",
  ""Brazilian Rhythms"",
  ""Broadway"",
  ""Caribbean Rhythms"",
  ""Cumbia"",
  ""Disco"",
  ""Electronic"",
  ""Hip Hop"",
  ""House"",
  ""Merengue"",
  ""Pop"",
  ""R&B"",
  ""Reggaeton"",
  ""Rock"",
  ""Salsa"",
  ""World Rhythms""
]",2,iOS,Apple,Apple,"Iphone11,8",169,1,1,0,0.6833333333,12,1
4267388,6084c55f-4ef1-43b1-9f93-e21a3257ebac,2025-11-09,7,Annual,App,Google,,45-54,female,Germany,Rest of the World,Europe,,"[
  ""Medium""
]",2,Beginner,reduce stress,,"[
  ""Brazilian Rhythms"",
  ""Caribbean Rhythms"",
  ""Hip Hop"",
  ""Salsa""
]",3.13.1,Android,Samsung,Samsung,Sm-A546b,7,2,1,0.9995,32.088888889,14,1
2482965,4f7341ab-43ee-4bbc-a2a3-af1a95d05e58,2025-11-10,0,Annual,Web,App to Web,,,,United States of America,"Canada, Great Britain & United States",North America,In Person & Virtual Classes,"[
  ""Medium""
]",5,Beginner,,,,2,iOS,Apple,Apple,"Ipad14,5",654,5,2,0.37115,38.25,13,1
4297811,b99abde3-5150-4762-aecd-f12a985b8d4d,2025-11-19,0,Monthly,App,Google,,45-54,female,Brazil,Rest of the World,LATAM,,"[
  ""Medium"",
  ""Low""
]",,Intermediate,lose weight and tone,,"[
  ""Afro Rhythms"",
  ""Bachata"",
  ""Caribbean Rhythms"",
  ""Cumbia"",
  ""Disco"",
  ""Electronic"",
  ""House"",
  ""Merengue"",
  ""Pop"",
  ""Reggaeton"",
  ""Salsa""
]",3.14.0,Android,Samsung,Samsung,Sm-G990e,0,1,1,0.9976,13.916666667,4,1
4280293,a8e4b19f-60ae-4dc2-8e2f-25e4ef1e27de,2025-11-09,0,Monthly,App,Apple,,65+,female,United States of America,"Canada, Great Britain & United States",North America,,"[
  ""Medium""
]",3,Intermediate,Have some fun,,"[
  ""Afro Rhythms"",
  ""Disco"",
  ""Hip Hop"",
  ""Pop"",
  ""Reggaeton"",
  ""Techno"",
  ""World Rhythms""
]",2,iOS,Apple,Apple,"Iphone16,1",41,0,0,0,0,14,1
4268729,e2b52c45-a1c2-4f80-9f80-7a256cf87308,2025-11-09,7,Annual,Web,Stripe,,35-44,female,United States of America,"Canada, Great Britain & United States",North America,,"[
  ""High""
]",5,Intermediate,lose weight and tone,,"[
  ""Chill Out"",
  ""Hip Hop"",
  ""House"",
  ""Pop"",
  ""Techno""
]",2,iOS,Apple,Apple,"Iphone16,2",7,2,1,0.1249,20.55,14,1
4286808,2390e394-38c0-4643-8519-e483e53b86fa,2025-11-21,7,Annual,App,Apple,,35-44,female,Greece,Rest of the World,Europe,,"[
  ""High""
]",5,Advanced,lose weight and tone,,"[
  ""Afro Rhythms"",
  ""Hip Hop"",
  ""Pop"",
  ""Reggaeton""
]",2,iOS,Apple,Apple,"Iphone13,4",8,0,0,0,0,2,1
4169052,8a5efeb6-2ea4-4950-b545-bcbc3d4942ea,2025-11-20,7,Annual,Web,Stripe,,55-64,female,Turkey,Rest of the World,Europe,,"[
  ""Low""
]",,Beginner,lose weight and tone,,"[
  ""Caribbean Rhythms"",
  ""Merengue"",
  ""Pop"",
  ""Salsa""
]",3.13.1,Android,Google,Google,Pixel 9 Pro Xl,75,4,3,0.6597666667,23.352380952,3,1
4279905,e1f755e7-0ce8-410e-8ba0-19687ffe1a49,2025-11-09,0,Monthly,App,Apple,,25-34,female,Saudi Arabia,Rest of the World,ME-A,,"[
  ""Medium""
]",3,Intermediate,lose weight and tone,,,2,iOS,Apple,Apple,"Iphone16,2",0,2,0,0,30.233333333,14,1
4274876,0ce2f8e0-6bdb-48f7-bca2-2376ed68988f,2025-11-13,7,Annual,App,Google,,25-34,female,Norway,Rest of the World,Europe,,"[
  ""Medium""
]",,Beginner,Start my fitness journey,,"[
  ""Afro Rhythms"",
  ""Bachata"",
  ""Brazilian Rhythms"",
  ""Caribbean Rhythms"",
  ""Chill Out"",
  ""Disco"",
  ""Electronic"",
  ""House"",
  ""Pop"",
  ""Salsa"",
  ""Techno"",
  ""World Rhythms""
]",3.14.0,Android,Samsung,Samsung,Sm-S921b,7,0,0,0,0,10,1
4278172,c68d6335-1353-48c4-bdf5-157104e95ab1,2025-11-08,0,Monthly,Web,App to Web,,35-44,female,United States of America,"Canada, Great Britain & United States",North America,,"[
  ""Medium""
]",4,Intermediate,lose weight and tone,,"[
  ""Bachata"",
  ""Brazilian Rhythms"",
  ""Caribbean Rhythms"",
  ""Cumbia"",
  ""Merengue"",
  ""Reggaeton"",
  ""Salsa""
]",2,iOS,Apple,Apple,"Iphone13,1",0,4,2,0.4796,19.594444444,15,1
4283421,0a222956-f9d3-4440-aa6e-aaddfe6aaffa,2025-11-18,0,Annual,Web,App to Web,,35-44,female,United States of America,"Canada, Great Britain & United States",North America,,"[
  ""Medium"",
  ""High""
]",10,Intermediate,lose weight and tone,,"[
  ""Afro Rhythms"",
  ""Bachata"",
  ""Brazilian Rhythms"",
  ""Caribbean Rhythms"",
  ""Chill Out"",
  ""Cumbia"",
  ""Disco"",
  ""Electronic"",
  ""Hip Hop"",
  ""House"",
  ""Merengue"",
  ""Pop"",
  ""Reggaeton"",
  ""Salsa"",
  ""Techno"",
  ""World Rhythms""
]",6,iOS,Apple,Apple,"Iphone17,2",7,54,24,0.5163458333,33.103205128,5,1
4286761,7443ed3e-9b7b-4c59-b654-e083612ab5dc,2025-11-13,0,Monthly,Web,App to Web,,25-34,female,United States of America,"Canada, Great Britain & United States",North America,,"[
  ""Medium"",
  ""Low"",
  ""High""
]",4,Beginner,,,"[
  ""Hip Hop"",
  ""Pop""
]",2,iOS,Apple,Apple,"Iphone17,1",0,9,9,0.4932777778,15.524074074,10,1
3447071,736458a7-1bd8-491f-a6f4-d8ca9d34d7ee,2025-11-16,7,Annual,Web,App to Web,,,,United States of America,"Canada, Great Britain & United States",North America,,"[
  ""Medium""
]",3,Intermediate,lose weight and tone,,"[
  ""Pop"",
  ""R&B"",
  ""Rock""
]",2,iOS,Apple,Apple,"Ipad11,4",352,1,0,0,32.416666667,7,1
3397624,b8170edc-af8f-443d-904d-49905abd61a1,2025-11-09,0,Monthly,Web,Stripe,,35-44,female,United States of America,"Canada, Great Britain & United States",North America,,"[
  ""Low"",
  ""Medium"",
  ""High""
]",5,Beginner,lose weight and tone,,"[
  ""Bachata"",
  ""Country"",
  ""Cumbia"",
  ""Hip Hop"",
  ""Merengue"",
  ""Reggaeton"",
  ""Salsa""
]",2,iOS,Apple,Apple,"Ipad15,7",0,1,1,0.5293,13.916666667,14,1
4298471,a1131abc-dd1f-452f-aac7-414e60bd73a9,2025-11-19,0,Monthly,Web,App to Web,,35-44,female,United States of America,"Canada, Great Britain & United States",North America,,"[
  ""Medium"",
  ""High""
]",3,Beginner,lose weight and tone,,"[
  ""Brazilian Rhythms"",
  ""Cumbia"",
  ""Electronic"",
  ""Hip Hop"",
  ""Pop"",
  ""Reggaeton"",
  ""Techno""
]",2,iOS,Apple,Apple,"Iphone15,3",0,0,0,0,0,4,1
4290229,333701ea-d5e1-40b2-8359-3de698526a99,2025-11-22,7,Annual,Web,Stripe,,35-44,female,United States of America,"Canada, Great Britain & United States",North America,,"[
  ""High""
]",5,Beginner,lose weight and tone,,"[
  ""Afro Rhythms"",
  ""Caribbean Rhythms"",
  ""Chill Out"",
  ""Electronic"",
  ""Hip Hop"",
  ""House"",
  ""Pop""
]",2,iOS,Apple,Apple,"Iphone15,3",7,0,0,0,0,1,1
1447215,5efe9589-82a1-4bd6-98f1-dfba5ea0c24d,2025-11-21,7,Annual,Web,Stripe,,25-34,female,United States of America,"Canada, Great Britain & United States",North America,,"[
  ""High""
]",5,Intermediate,reduce stress,,"[
  ""Bachata"",
  ""Cumbia"",
  ""Hip Hop"",
  ""Merengue"",
  ""Pop"",
  ""Reggaeton"",
  ""Salsa""
]",3.13.1,Android,Oneplus,Oneplus,Cph2451,7,0,0,0,0,2,1
3718015,95ed4bcb-24b6-41a8-9390-13ebda305080,2025-11-17,0,Monthly,Web,Stripe,,,,Saudi Arabia,Rest of the World,ME-A,,,3,,,,,3,iOS,Apple,Apple,"Iphone16,2",194,0,0,0,0,6,1
4270164,926b5ad6-9d00-458a-8a8c-e165efc8c829,2025-11-10,7,Annual,App,Apple,,45-54,female,Australia,Rest of the World,APAC (excl. India),,"[
  ""Medium""
]",4,Intermediate,lose weight and tone,,"[
  ""Brazilian Rhythms"",
  ""Disco"",
  ""Electronic"",
  ""Hip Hop"",
  ""House"",
  ""Pop"",
  ""Salsa"",
  ""Techno"",
  ""World Rhythms""
]",2,iOS,Apple,Apple,"Iphone14,5",7,0,0,0,0,13,1
3586414,1ace576b-c014-44d0-9e11-fda7abf31b14,2025-11-21,0,Monthly,Web,Stripe,,25-34,female,United States of America,"Canada, Great Britain & United States",North America,,"[
  ""Medium""
]",4,Intermediate,lose weight and tone,,"[
  ""Bachata"",
  ""Brazilian Rhythms"",
  ""Caribbean Rhythms"",
  ""Cumbia"",
  ""Hip Hop"",
  ""Merengue"",
  ""Pop"",
  ""Reggaeton"",
  ""Salsa"",
  ""World Rhythms""
]",3.14.0,Android,Samsung,Samsung,Sm-S921u,0,2,3,0.3333333333,8.566666667,2,1
4288650,a09eefb8-9db9-4ece-b90e-eb73e0c038d2,2025-11-21,7,Annual,Web,Stripe,,45-54,female,United States of America,"Canada, Great Britain & United States",North America,,"[
  ""Medium""
]",3,Advanced,lose weight and tone,,"[
  ""Afro Rhythms"",
  ""Bachata"",
  ""Caribbean Rhythms"",
  ""Cumbia"",
  ""Merengue"",
  ""Reggaeton"",
  ""Salsa""
]",3.14.0,Android,Google,Google,Pixel 7 Pro,7,0,0,0,0,2,1
4288058,b2ea634c-6804-4a58-9c99-7f7f3d9ccced,2025-11-20,7,Annual,Web,Stripe,,45-54,female,United States of America,"Canada, Great Britain & United States",North America,,"[
  ""Medium""
]",3,Intermediate,lose weight and tone,,"[
  ""Afro Rhythms"",
  ""Bachata"",
  ""Brazilian Rhythms"",
  ""Caribbean Rhythms"",
  ""Cumbia"",
  ""Disco"",
  ""Hip Hop"",
  ""Merengue"",
  ""Pop"",
  ""Reggaeton"",
  ""Salsa"",
  ""World Rhythms""
]",3.13.1,Android,Samsung,Samsung,Sm-A536u,7,0,0,0,0,3,1
4302476,dcdd84ed-1ae4-49c6-9478-af2fec12ebba,2025-11-22,0,Monthly,Web,Stripe,,,,United States of America,"Canada, Great Britain & United States",North America,,"[
  ""Medium""
]",5,Beginner,lose weight and tone,,[],6,iOS,Apple,Apple,"Iphone18,2",0,0,0,0,0,1,1
4289142,d62579dc-04d3-40a3-a575-ce2b15c98b0a,2025-11-21,7,Annual,Web,App to Web,,35-44,female,United States of America,"Canada, Great Britain & United States",North America,,"[
  ""Medium""
]",3,Beginner,lose weight and tone,,"[
  ""Afro Rhythms"",
  ""Bachata"",
  ""Brazilian Rhythms"",
  ""Caribbean Rhythms"",
  ""Chill Out"",
  ""Cumbia"",
  ""Disco"",
  ""Electronic"",
  ""Hip Hop"",
  ""House"",
  ""Merengue"",
  ""Pop"",
  ""Reggaeton"",
  ""Salsa"",
  ""Techno"",
  ""World Rhythms""
]",2,iOS,Apple,Apple,"Iphone16,2",7,0,0,0,0,2,1
4298827,e4a4bac5-101f-4519-a7ba-d0cafbac3a9b,2025-11-20,0,Monthly,App,Apple,,45-54,female,Germany,Rest of the World,Europe,,"[
  ""Medium""
]",3,Beginner,lose weight and tone,,"[
  ""Afro Rhythms"",
  ""Bachata"",
  ""Caribbean Rhythms"",
  ""Cumbia"",
  ""Electronic"",
  ""Hip Hop"",
  ""House"",
  ""Merengue"",
  ""Pop"",
  ""Reggaeton"",
  ""Salsa"",
  ""Techno""
]",6,iOS,Apple,Apple,"Iphone14,5",0,6,2,0.36625,29.808333333,3,1
4270656,992f0543-d4e0-4398-8db2-096516f176f4,2025-11-10,7,Annual,Web,App to Web,,25-34,female,United States of America,"Canada, Great Britain & United States",North America,,"[
  ""Medium"",
  ""High""
]",4,Intermediate,lose weight and tone,,"[
  ""Bachata"",
  ""Disco"",
  ""Electronic"",
  ""Hip Hop"",
  ""House"",
  ""Merengue"",
  ""Pop"",
  ""Reggaeton"",
  ""Salsa"",
  ""Techno""
]",2,iOS,Apple,Apple,"Iphone17,2",7,1,1,0.9995,34.466666667,13,1
3476661,ed6ef685-eb50-4df0-8b67-e5058ba131ba,2025-11-13,0,Monthly,Web,App to Web,,,,United States of America,"Canada, Great Britain & United States",North America,,"[
  ""Medium"",
  ""Low""
]",,Beginner,,,"[
  ""Afro Rhythms"",
  ""Bachata"",
  ""Caribbean Rhythms"",
  ""Electronic"",
  ""Hip Hop"",
  ""Merengue"",
  ""Pop"",
  ""Reggaeton"",
  ""Salsa""
]",2,iOS,Apple,Apple,"Iphone16,2",339,1,1,0.9976,13.916666667,10,1
4290301,72e20bc4-dc44-46c2-8312-590f12195979,2025-11-15,0,Monthly,Web,Stripe,,35-44,female,Argentina,Rest of the World,LATAM,,"[
  ""Medium""
]",,Intermediate,lose weight and tone,,"[
  ""Brazilian Rhythms"",
  ""Caribbean Rhythms"",
  ""Cumbia"",
  ""Disco"",
  ""Hip Hop"",
  ""Merengue"",
  ""Pop"",
  ""Salsa""
]",3.13.0,Android,Xiaomi,Redmi,24117rn76l,0,3,1,1,20.991666667,8,1
4266343,9a4277b4-855c-47ca-ae43-aadf176a42a3,2025-11-08,7,Annual,Web,Stripe,,45-54,female,United States of America,"Canada, Great Britain & United States",North America,,"[
  ""Medium""
]",3,Intermediate,lose weight and tone,,"[
  ""Brazilian Rhythms"",
  ""Caribbean Rhythms"",
  ""Hip Hop"",
  ""Pop"",
  ""Reggaeton""
]",6,iOS,Apple,Apple,"Iphone11,2",7,7,6,0.9646333333,29.841025641,15,1
4278165,bd8e8f2c-340d-4043-9ee3-19308183c56f,2025-11-08,0,Monthly,Web,Stripe,,45-54,female,United States of America,"Canada, Great Britain & United States",North America,,"[
  ""Medium""
]",3,Intermediate,lose weight and tone,,"[
  ""Cumbia"",
  ""Hip Hop"",
  ""House"",
  ""Merengue"",
  ""Reggaeton"",
  ""Salsa"",
  ""Techno""
]",2,iOS,Apple,Apple,"Iphone17,3",0,0,0,0,0,15,1
4270418,b212d328-872a-4f5e-a3b1-0a185077f2fe,2025-11-10,7,Annual,Web,App to Web,,25-34,female,United States of America,"Canada, Great Britain & United States",North America,,"[
  ""Medium""
]",3,Beginner,lose weight and tone,,"[
  ""Bachata"",
  ""Brazilian Rhythms"",
  ""Chill Out"",
  ""Cumbia"",
  ""Disco"",
  ""Hip Hop"",
  ""House"",
  ""Merengue"",
  ""Pop"",
  ""Salsa""
]",6,iOS,Apple,Apple,"Iphone16,1",7,11,9,0.7777777778,30.264166667,13,1
4271005,ef298642-d6eb-4d81-880a-d46bea3e02e8,2025-11-09,0,Monthly,Web,Stripe,,,,United States of America,"Canada, Great Britain & United States",North America,,,3,,,,,3.13.1,Android,Samsung,Samsung,Sm-S711u,0,1,0,0,13.916666667,14,1
4283045,c67526a8-3b74-4a69-8a0b-16aeea5a45e9,2025-11-11,0,Monthly,Web,Stripe,,35-44,female,United Kingdom,"Canada, Great Britain & United States",Europe,,"[
  ""Medium""
]",3,Intermediate,lose weight and tone,,"[
  ""Afro Rhythms"",
  ""Brazilian Rhythms"",
  ""Caribbean Rhythms"",
  ""Reggaeton""
]",2,iOS,Apple,Apple,"Iphone17,3",0,4,3,0.7074,30.130952381,12,1
4259749,b8412d33-3c3e-491a-9f16-6a19ecc5c17c,2025-11-13,7,Annual,App,Apple,,35-44,female,United States of America,"Canada, Great Britain & United States",North America,,"[
  ""Medium""
]",4,Beginner,lose weight and tone,,"[
  ""Cumbia"",
  ""Hip Hop"",
  ""Pop"",
  ""Salsa"",
  ""Techno""
]",2,iOS,Apple,Apple,"Iphone15,4",17,0,0,0,0,10,1
4275240,90ab28a0-df54-450c-be9e-d337d29f2bd8,2025-11-13,7,Annual,Web,App to Web,,45-54,female,United States of America,"Canada, Great Britain & United States",North America,,"[
  ""Medium""
]",3,Beginner,lose weight and tone,,"[
  ""Hip Hop"",
  ""Pop"",
  ""Reggaeton""
]",2,iOS,Apple,Apple,"Iphone17,2",8,0,0,0,0,10,1
4301145,0c710860-8357-48f2-990c-504c269f73e0,2025-11-21,0,Monthly,App,Google,,35-44,female,United States of America,"Canada, Great Britain & United States",North America,,"[
  ""Low"",
  ""Medium""
]",2,Beginner,Start my fitness journey,,"[
  ""Afro Rhythms"",
  ""Bachata"",
  ""Brazilian Rhythms"",
  ""Chill Out"",
  ""Cumbia"",
  ""Electronic"",
  ""Hip Hop"",
  ""Pop"",
  ""Reggaeton""
]",3.14.0,Android,Motorola,Motorola,Motorola Razr 2024,2,1,1,0.5198,13.916666667,2,1
3924220,cf6785e7-0fca-4232-96a8-33282d043d41,2025-11-17,7,Annual,Web,App to Web,,,,United States of America,"Canada, Great Britain & United States",North America,,"[
  ""Medium""
]",2,Intermediate,lose weight and tone,,"[
  ""Disco"",
  ""Hip Hop"",
  ""Pop"",
  ""R&B"",
  ""Salsa""
]",2,iOS,Apple,Apple,"Ipad13,1",191,2,2,0.9887,30.516666667,6,1
4276359,c85e6d87-f2a4-4d7d-bfbd-3d6772bf3ee1,2025-11-18,7,Annual,Web,Stripe,,45-54,female,United States of America,"Canada, Great Britain & United States",North America,,"[
  ""High""
]",3,Beginner,lose weight and tone,,"[
  ""Bachata"",
  ""Cumbia"",
  ""Hip Hop"",
  ""Salsa""
]",2,iOS,Apple,Apple,"Iphone16,2",11,0,0,0,0,5,1
4195486,6cd0b1c0-de7a-42e2-8074-1441e08f06c7,2025-11-08,7,Annual,App,Apple,,,,Israel,Rest of the World,ME-A,,,3,,,,,2,iOS,Apple,Apple,"Iphone16,1",49,0,0,0,0,15,1
4294553,001e5d3a-d9c2-4636-aa61-a687444938a5,2025-11-17,0,Monthly,Web,App to Web,,35-44,female,United States of America,"Canada, Great Britain & United States",North America,,"[
  ""Medium"",
  ""High""
]",3,Intermediate,lose weight and tone,,"[
  ""Afro Rhythms"",
  ""Bachata"",
  ""Brazilian Rhythms"",
  ""Caribbean Rhythms"",
  ""Cumbia"",
  ""Electronic"",
  ""House"",
  ""Merengue"",
  ""Reggaeton"",
  ""Salsa"",
  ""World Rhythms""
]",2,iOS,Apple,Apple,"Iphone17,3",0,2,2,0.991,21.958333333,6,1
4290116,5ee0c2b1-9de5-4fad-b8de-92d29747f135,2025-11-15,0,Monthly,Web,App to Web,,35-44,female,United States of America,"Canada, Great Britain & United States",North America,,"[
  ""Medium""
]",3,Intermediate,lose weight and tone,,"[
  ""Afro Rhythms"",
  ""Brazilian Rhythms"",
  ""Caribbean Rhythms"",
  ""Hip Hop"",
  ""Pop"",
  ""Reggaeton""
]",6,iOS,Apple,Apple,"Iphone16,1",0,6,5,0.71592,28.860606061,8,1
4286878,d7b63edb-c806-41e0-a001-e9e8519cf4e5,2025-11-20,7,Annual,Web,App to Web,,35-44,female,United States of America,"Canada, Great Britain & United States",North America,,"[
  ""Medium"",
  ""Low"",
  ""High""
]",5,Beginner,lose weight and tone,,"[
  ""Bachata"",
  ""Cumbia"",
  ""Hip Hop"",
  ""Merengue"",
  ""Pop"",
  ""Reggaeton"",
  ""Salsa""
]",6,iOS,Apple,Apple,"Iphone17,2",7,0,0,0,0,3,1
4301607,4f704d74-8081-4845-9d9b-cfdf5c8c6d66,2025-11-21,0,Monthly,Web,Stripe,,45-54,female,United States of America,"Canada, Great Britain & United States",North America,,"[
  ""Medium""
]",3,Intermediate,lose weight and tone,,"[
  ""Disco"",
  ""Hip Hop"",
  ""Reggaeton"",
  ""Salsa"",
  ""World Rhythms""
]",6,iOS,Apple,Apple,"Iphone17,2",0,2,1,0.9988,13.916666667,2,1
3228641,2cc31a4f-9d70-4476-9010-c6f473520a59,2025-11-20,7,Annual,Web,Stripe,,35-44,female,United States of America,"Canada, Great Britain & United States",North America,,"[
  ""Medium""
]",3,Intermediate,lose weight and tone,,"[
  ""Bachata"",
  ""Cumbia"",
  ""Merengue"",
  ""Pop"",
  ""Reggaeton"",
  ""Salsa""
]",2,iOS,Apple,Apple,"Iphone14,2",7,0,0,0,0,3,1
4263583,46f8fe6b-3e67-4ecc-8656-fe5927e76c68,2025-11-20,7,Annual,App,Apple,,35-44,female,Netherlands,Rest of the World,Europe,,"[
  ""Medium"",
  ""High""
]",3,Beginner,lose weight and tone,,"[
  ""Afro Rhythms"",
  ""Brazilian Rhythms"",
  ""Merengue"",
  ""Pop"",
  ""Reggaeton"",
  ""Salsa""
]",2,iOS,Apple,Apple,"Iphone14,4",8,0,0,0,0,3,1
4287002,5efc7790-f35e-44b9-b902-7a4d7ed09793,2025-11-21,7,Annual,Web,App to Web,,45-54,female,United States of America,"Canada, Great Britain & United States",North America,,"[
  ""Low""
]",5,Beginner,Start my fitness journey,,"[
  ""Cumbia"",
  ""Disco"",
  ""Hip Hop"",
  ""House"",
  ""Pop"",
  ""Reggaeton"",
  ""Salsa"",
  ""Techno""
]",6,iOS,Apple,Apple,"Iphone14,7",8,3,3,0.4142333333,21.211111111,2,1
4274786,fc3454b8-95e8-43eb-b340-b66a491c8ee7,2025-11-13,7,Annual,Web,Stripe,,35-44,female,United Kingdom,"Canada, Great Britain & United States",Europe,,"[
  ""Medium""
]",4,Beginner,reduce stress,,"[
  ""Chill Out"",
  ""Disco"",
  ""Hip Hop"",
  ""Pop"",
  ""Salsa""
]",2,iOS,Apple,Apple,"Iphone13,3",7,0,0,0,0,10,1
4295890,b64f3645-9ec3-4f99-8f6b-730e2f91c34c,2025-11-18,0,Monthly,Web,Stripe,,,,United States of America,"Canada, Great Britain & United States",North America,,,,,,,,,iOS,,,,,3,1,0.2524,35.670833333,5,1
4283437,12daa8d0-2a3c-4172-b5f6-a8e72615c931,2025-11-13,0,Annual,Web,App to Web,,35-44,female,United States of America,"Canada, Great Britain & United States",North America,,"[
  ""High"",
  ""Medium""
]",5,Intermediate,lose weight and tone,,"[
  ""Afro Rhythms"",
  ""Bachata"",
  ""Brazilian Rhythms"",
  ""Caribbean Rhythms"",
  ""Chill Out"",
  ""Cumbia"",
  ""Disco"",
  ""Electronic"",
  ""Hip Hop"",
  ""House"",
  ""Merengue"",
  ""Pop"",
  ""Reggaeton"",
  ""Salsa"",
  ""Techno"",
  ""World Rhythms""
]",2,iOS,Apple,Apple,"Iphone15,3",2,3,3,0.9692666667,37.805555556,10,1
4296816,6544add6-49d6-408c-b59c-9f89566514e8,2025-11-19,0,Monthly,Web,Stripe,,35-44,female,United States of America,"Canada, Great Britain & United States",North America,,"[
  ""Medium""
]",3,Intermediate,lose weight and tone,,"[
  ""Disco"",
  ""Merengue"",
  ""Reggaeton"",
  ""Salsa""
]",3.13.1,Android,Samsung,Samsung,Sm-S936u1,0,2,2,0.9898,22.675,4,1
3217621,f825070d-af4a-4b22-b5fd-dc26aea6799f,2025-11-11,7,Monthly,App,App to Web,,,,United States of America,"Canada, Great Britain & United States",North America,,"[
  ""High""
]",7,Intermediate,lose weight and tone,,"[
  ""Afrobeats"",
  ""Bachata"",
  ""Belly Dance"",
  ""Country"",
  ""Cumbia"",
  ""Hip Hop"",
  ""Merengue"",
  ""Pop"",
  ""Reggae"",
  ""Reggaeton"",
  ""Salsa""
]",2,iOS,Apple,Apple,"Iphone13,2",456,6,3,0.3266,46.505555556,12,1
1188330,2b4e790a-ecf1-452e-9f9f-6aeb7d844b50,2025-11-17,7,Annual,Web,App to Web,,35-44,female,United States of America,"Canada, Great Britain & United States",North America,,"[
  ""Low""
]",3,Intermediate,lose weight and tone,,"[
  ""Afro Rhythms"",
  ""Bachata"",
  ""Brazilian Rhythms"",
  ""Caribbean Rhythms"",
  ""Cumbia"",
  ""Hip Hop"",
  ""Merengue"",
  ""Pop"",
  ""Reggaeton"",
  ""Salsa"",
  ""World Rhythms""
]",2,iOS,Apple,Apple,"Iphone16,1",9,0,0,0,0,6,1
4285841,fcfa028e-0098-4bc1-98b3-31d62a753941,2025-11-19,7,Annual,Web,Stripe,,35-44,female,United Kingdom,"Canada, Great Britain & United States",Europe,,"[
  ""Medium""
]",3,Intermediate,lose weight and tone,,"[
  ""Afro Rhythms"",
  ""Brazilian Rhythms"",
  ""Caribbean Rhythms"",
  ""Hip Hop"",
  ""Reggaeton"",
  ""Salsa""
]",2,iOS,Apple,Apple,"Iphone16,1",7,0,0,0,0,4,1
4291546,b5c97baa-8394-4da7-a3e9-676ed9f107a9,2025-11-16,0,Monthly,Web,Stripe,,45-54,female,Spain,Rest of the World,Europe,,"[
  ""Medium""
]",3,Intermediate,lose weight and tone,,"[
  ""Afro Rhythms"",
  ""Brazilian Rhythms"",
  ""Disco"",
  ""House"",
  ""Reggaeton""
]",2,iOS,Apple,Apple,"Iphone14,7",0,0,0,0,0,7,1
4281119,a94290cf-6e57-4859-b641-4ebb733b4466,2025-11-17,7,Annual,Web,Stripe,,45-54,female,Spain,Rest of the World,Europe,,"[
  ""Medium""
]",2,Beginner,lose weight and tone,,"[
  ""Bachata"",
  ""Chill Out"",
  ""Disco"",
  ""Pop""
]",2,iOS,Apple,Apple,"Ipad7,11",7,2,2,0.99415,31.125,6,1
3051217,8a24311c-369a-4ed8-abdb-41b8954654c5,2025-11-18,0,Monthly,Web,App to Web,,,,United States of America,"Canada, Great Britain & United States",North America,,"[
  ""Medium""
]",3,Intermediate,lose weight and tone,,"[
  ""Hip Hop"",
  ""House"",
  ""Pop""
]",2,iOS,Apple,Apple,"Iphone17,3",534,5,2,0.3933,44.742857143,5,1
4289827,cb82ae43-6a06-409a-9c23-5263e62d0cc1,2025-11-15,0,Monthly,Web,App to Web,,25-34,female,United States of America,"Canada, Great Britain & United States",North America,,"[
  ""High""
]",5,Intermediate,lose weight and tone,,"[
  ""Cumbia"",
  ""World Rhythms""
]",2,iOS,Apple,Apple,"Iphone14,7",0,2,0,0,23.166666667,8,1
4285553,64cec44f-cb27-4928-934b-05da4910c150,2025-11-12,0,Monthly,Web,Stripe,,,,United Kingdom,"Canada, Great Britain & United States",Europe,,,3,,,,,6,iOS,Apple,Apple,"Iphone15,4",0,2,0,0,21.958333333,11,1
3126784,9a9ca031-bc71-4dc2-80a1-af9232094740,2025-11-14,0,Monthly,Web,Stripe,,,,United Kingdom,"Canada, Great Britain & United States",Europe,,"[
  ""High""
]",1,Advanced,lose weight and tone,,"[
  ""Bachata"",
  ""Merengue"",
  ""Pop"",
  ""Salsa""
]",2,iOS,Apple,Apple,"Iphone14,2",498,7,4,0.747125,26.522727273,9,1
4292321,d3a79d58-bd3d-4bfa-9b2a-3c27cd0fbf2f,2025-11-16,0,Monthly,Web,Stripe,,45-54,female,United States of America,"Canada, Great Britain & United States",North America,,"[
  ""Medium""
]",3,Intermediate,lose weight and tone,,"[
  ""Bachata"",
  ""Brazilian Rhythms"",
  ""Caribbean Rhythms"",
  ""Cumbia"",
  ""Merengue"",
  ""Reggaeton"",
  ""Salsa""
]",2,iOS,Apple,Apple,"Iphone16,2",0,7,5,0.64442,29.079166667,7,1
4277024,faa65d5e-7f41-43a1-bc48-bb5e7cb01f21,2025-11-14,7,Annual,App,Apple,,35-44,female,Germany,Rest of the World,Europe,,"[
  ""High"",
  ""Medium""
]",3,Intermediate,lose weight and tone,,"[
  ""Afro Rhythms"",
  ""Bachata"",
  ""Brazilian Rhythms"",
  ""Caribbean Rhythms"",
  ""Chill Out"",
  ""Cumbia"",
  ""Electronic"",
  ""Hip Hop"",
  ""Merengue"",
  ""Pop"",
  ""Reggaeton"",
  ""Salsa"",
  ""Techno"",
  ""World Rhythms""
]",2,iOS,Apple,Apple,"Iphone17,3",,2,2,0.9981,31.233333333,9,1
4280255,711ecfb6-82e5-4619-8711-8f799f43718c,2025-11-09,0,Monthly,Web,App to Web,,25-34,female,United States of America,"Canada, Great Britain & United States",North America,,"[
  ""Low""
]",3,Intermediate,lose weight and tone,,"[
  ""Afro Rhythms"",
  ""Caribbean Rhythms"",
  ""Disco"",
  ""Hip Hop"",
  ""House"",
  ""Salsa"",
  ""World Rhythms""
]",2,iOS,Apple,Apple,"Iphone17,1",,6,4,0.887675,26.01,14,1
4273230,0b06f150-cc1e-4af1-9d36-d8b2959fe5d5,2025-11-12,7,Annual,Web,Stripe,,65+,female,United States of America,"Canada, Great Britain & United States",North America,,"[
  ""Medium""
]",3,Beginner,lose weight and tone,,"[
  ""Disco"",
  ""Pop""
]",2,iOS,Apple,Apple,"Iphone14,7",7,1,1,0.0711,34.466666667,11,1
4059438,d8238f98-e1c3-42d3-bcf0-2f0b250b44b7,2025-11-15,0,Monthly,Web,Stripe,,35-44,female,United States of America,"Canada, Great Britain & United States",North America,,"[
  ""Low""
]",3,Beginner,reduce stress,,"[
  ""Country"",
  ""Pop""
]",2,iOS,Apple,Apple,"Iphone14,7",0,1,1,1,32.116666667,8,1
3260128,4041b7c8-2f91-40b6-a04c-c8b3012fc4ac,2025-11-09,0,Monthly,Web,App to Web,,,,United States of America,"Canada, Great Britain & United States",North America,,"[
  ""High""
]",3,Intermediate,lose weight and tone,,"[
  ""Bachata"",
  ""Cumbia"",
  ""Disco"",
  ""House"",
  ""Merengue"",
  ""Pop"",
  ""Reggaeton"",
  ""Salsa"",
  ""Techno""
]",2.2.0,Android,Samsung,Samsung,Sm-A326u,430,2,1,1,13.916666667,14,1
4029018,3aeaa91a-dea9-4875-800b-f1f18965decd,2025-11-17,7,Annual,Web,Stripe,,,,United States of America,"Canada, Great Britain & United States",North America,,"[
  ""High"",
  ""Medium""
]",3,Intermediate,lose weight and tone,,"[
  ""Bachata"",
  ""Bollywood"",
  ""Brazilian Rhythms"",
  ""Caribbean Rhythms"",
  ""Chill Out"",
  ""Country"",
  ""Cumbia"",
  ""Hip Hop"",
  ""Merengue"",
  ""Pop"",
  ""R&B"",
  ""Reggae"",
  ""Reggaeton"",
  ""Rock"",
  ""Salsa"",
  ""World Rhythms""
]",2,iOS,Apple,Apple,"Iphone16,2",147,0,0,0,0,6,1
4287672,cb9a1616-eeeb-43f2-94a4-e6d50fdcbd4c,2025-11-20,7,Annual,Web,Stripe,,55-64,female,United States of America,"Canada, Great Britain & United States",North America,,"[
  ""Low""
]",3,Beginner,Start my fitness journey,,"[
  ""Disco""
]",2,iOS,Apple,Apple,"Iphone13,2",6,0,0,0,0,3,1
4288638,e5ba9a3d-5b68-47a6-b70f-7f9335bfcd7b,2025-11-14,0,Monthly,Web,Stripe,,35-44,female,United States of America,"Canada, Great Britain & United States",North America,,"[
  ""Medium""
]",3,Beginner,lose weight and tone,,"[
  ""Hip Hop""
]",3.13.1,Android,Motorola,Motorola,Motorola Razr 2023,0,5,4,0.60235,25.975925926,9,1
4239932,4960c77b-8e33-4207-bdb7-5cd611c5d62f,2025-11-16,0,Monthly,App,Apple,,35-44,female,United States of America,"Canada, Great Britain & United States",North America,,"[
  ""Medium""
]",3,Intermediate,lose weight and tone,,"[
  ""Cumbia"",
  ""Electronic"",
  ""Merengue"",
  ""Pop"",
  ""Reggaeton"",
  ""Salsa"",
  ""World Rhythms""
]",2,iOS,Apple,Apple,"Iphone14,7",,0,0,0,0,7,1
4293153,98470824-50c6-4339-a9fd-aa7cda94911c,2025-11-18,0,Annual,App,Google,,45-54,female,Sweden,Rest of the World,Europe,,"[
  ""Medium""
]",5,Beginner,lose weight and tone,,"[
  ""Caribbean Rhythms"",
  ""Disco"",
  ""Pop""
]",3.13.1,Android,Motorola,Motorola,Moto G54 5g,1,0,0,0,0,5,1
4301551,4fe8339a-6cb5-410a-9908-4dcc594a4e31,2025-11-21,0,Monthly,Web,App to Web,,65+,female,United States of America,"Canada, Great Britain & United States",North America,,"[
  ""Low""
]",3,Beginner,reduce stress,,,6,iOS,Apple,Apple,"Ipad14,5",0,0,0,0,0,2,1
4272651,c10ab8a2-1289-43b9-a4b8-57bdce62b505,2025-11-11,7,Annual,App,Google,,35-44,female,Germany,Rest of the World,Europe,,"[
  ""Medium""
]",3,Intermediate,lose weight and tone,,"[
  ""Disco"",
  ""Electronic"",
  ""Hip Hop"",
  ""Pop"",
  ""Salsa""
]",3.13.1,Android,Xiaomi,Xiaomi,24031pn0dc,7,0,0,0,0,12,1
4301118,48397215-decf-4847-949b-8625c6a220b0,2025-11-21,0,Monthly,Web,Stripe,,25-34,female,United States of America,"Canada, Great Britain & United States",North America,,"[
  ""Low""
]",3,Beginner,lose weight and tone,,"[
  ""Pop""
]",3.14.0,Android,Google,Google,Pixel 10 Pro,0,0,0,0,0,2,1
4293250,b7a1835e-bf22-4869-9b58-bb17a71870d8,2025-11-17,0,Monthly,App,Apple,,35-44,female,Romania,Rest of the World,Europe,,"[
  ""Medium""
]",2,Intermediate,Start my fitness journey,,"[
  ""Afro Rhythms"",
  ""Bachata"",
  ""Brazilian Rhythms"",
  ""Caribbean Rhythms"",
  ""Cumbia"",
  ""Disco"",
  ""Merengue"",
  ""Pop"",
  ""Reggaeton"",
  ""Salsa"",
  ""World Rhythms""
]",6,iOS,Apple,Apple,"Iphone17,1",0,0,0,0,0,6,1
4285908,bda02d87-e779-4eae-a266-a3334c793b47,2025-11-12,0,Monthly,App,Apple,,25-34,female,Canada,"Canada, Great Britain & United States",North America,,"[
  ""High""
]",3,Advanced,Have some fun,,"[
  ""Disco"",
  ""Electronic"",
  ""Hip Hop"",
  ""House"",
  ""Pop"",
  ""Techno""
]",2,iOS,Apple,Apple,"Iphone14,2",0,2,0,0,50.833333333,2,1
4281015,a1aca4fb-fa68-43f6-8fb7-1d32857ce94e,2025-11-17,7,Annual,App,Google,,35-44,female,United States of America,"Canada, Great Britain & United States",North America,,"[
  ""High"",
  ""Medium""
]",5,Beginner,lose weight and tone,,"[
  ""Chill Out"",
  ""Electronic"",
  ""Hip Hop"",
  ""Pop""
]",3.14.0,Android,Samsung,Samsung,Sm-S928u,7,0,0,0,0,1,1
4290315,3ea64d82-7b99-4ed1-b9e7-258323b97ceb,2025-11-22,7,Annual,App,Google,,35-44,female,Germany,Rest of the World,Europe,,"[
  ""Medium""
]",,Intermediate,lose weight and tone,,"[
  ""Bachata"",
  ""Merengue"",
  ""Pop"",
  ""Salsa"",
  ""Techno""
]",3.14.0,Android,Samsung,Samsung,Sm-A546b,7,1,1,1,31.25,1,1
4273679,0fa48f74-7522-4c28-8c06-7225a174514c,2025-11-12,7,Annual,Web,App to Web,,45-54,female,United States of America,"Canada, Great Britain & United States",North America,,,5,Beginner,lose weight and tone,,,2,iOS,Apple,Apple,"Iphone17,2",,4,3,0.9104666667,17.057142857,11,1
4272533,f18ca411-4bc2-4eed-acce-6858ff0da972,2025-11-11,7,Annual,Web,App to Web,,35-44,female,United States of America,"Canada, Great Britain & United States",North America,,"[
  ""Medium""
]",3,Beginner,lose weight and tone,,"[
  ""Brazilian Rhythms"",
  ""Caribbean Rhythms"",
  ""Disco"",
  ""Hip Hop"",
  ""Pop"",
  ""World Rhythms""
]",6,iOS,Apple,Apple,"Iphone14,3",7,0,0,0,0,12,1
4267449,8cb57306-784e-46be-892d-b409275544d7,2025-11-09,7,Annual,Web,Stripe,,35-44,female,United Kingdom,"Canada, Great Britain & United States",Europe,,"[
  ""Medium""
]",2,Intermediate,lose weight and tone,,"[
  ""Cumbia"",
  ""Merengue"",
  ""Reggaeton"",
  ""Salsa""
]",3.13.1,Android,Huawei,Huawei,Ele-L09,7,1,2,0.935,31.355555556,14,1
4268226,c4c34970-999a-4b36-8ae6-ce59a31a7348,2025-11-09,7,Annual,Web,Stripe,,45-54,female,United Kingdom,"Canada, Great Britain & United States",Europe,,"[
  ""Medium""
]",3,Intermediate,lose weight and tone,,"[
  ""Hip Hop"",
  ""House"",
  ""Merengue"",
  ""Salsa""
]",2,iOS,Apple,Apple,"Iphone14,2",7,2,2,0.9989,23.166666667,14,1
2990648,cf0bc750-f2db-442f-bbe4-c2f6f7170c8c,2025-11-16,7,Annual,App,Apple,,,,Singapore,Rest of the World,APAC (excl. India),,"[
  ""Medium""
]",5,Beginner,lose weight and tone,,"[
  ""Belly Dance"",
  ""Bollywood"",
  ""Hip Hop"",
  ""K-Pop"",
  ""Pop"",
  ""Reggaeton"",
  ""Salsa""
]",2,iOS,Apple,Apple,"Iphone15,2",565,0,0,0,0,7,1
4229218,7c32fdd4-2477-43df-b39f-1e41e2358500,2025-11-11,0,Annual,Web,App to Web,,,,United States of America,"Canada, Great Britain & United States",North America,,"[
  ""Medium""
]",,Intermediate,,,"[
  ""Caribbean Rhythms"",
  ""Merengue"",
  ""Pop"",
  ""Salsa""
]",2,iOS,Apple,Apple,"Iphone18,2",,0,0,0,0,12,1
4270595,94aa63ad-9157-4594-bfa0-dc0c1fd34178,2025-11-10,7,Annual,Web,App to Web,,35-44,female,United States of America,"Canada, Great Britain & United States",North America,,"[
  ""Medium""
]",3,Intermediate,lose weight and tone,,"[
  ""Brazilian Rhythms"",
  ""Caribbean Rhythms"",
  ""Electronic"",
  ""Hip Hop"",
  ""House"",
  ""Merengue"",
  ""Pop"",
  ""Salsa"",
  ""World Rhythms""
]",2,iOS,Apple,Apple,"Iphone17,2",7,0,0,0,0,13,1
3075192,68767266-7bde-4f71-9c35-200e0f88fa41,2025-11-18,7,Annual,App,Apple,,,,Sweden,Rest of the World,Europe,,"[
  ""Medium""
]",,Intermediate,Have some fun,,"[
  ""House""
]",2,iOS,Apple,Apple,"Iphone17,1",525,0,0,0,0,5,1
4269561,aa6a7a96-c66a-43a6-a7de-48666be336d1,2025-11-10,7,Annual,Web,App to Web,,45-54,female,United States of America,"Canada, Great Britain & United States",North America,,"[
  ""Low""
]",4,Beginner,lose weight and tone,,"[
  ""Disco"",
  ""Salsa""
]",2,iOS,Apple,Apple,"Ipad13,8",7,0,0,0,0,13,1
4283524,48e0afee-b78f-4c0f-b830-b8032cf3971d,2025-11-18,7,Annual,Web,App to Web,,45-54,female,United States of America,"Canada, Great Britain & United States",North America,,"[
  ""Medium""
]",3,Beginner,lose weight and tone,,"[
  ""Bachata"",
  ""Chill Out"",
  ""Disco"",
  ""Hip Hop"",
  ""Pop"",
  ""Salsa""
]",6,iOS,Apple,Apple,"Iphone14,5",7,4,4,0.99975,31.370833333,5,1
1842344,b9f0113d-3214-4904-80bf-cede9889a6b7,2025-11-10,0,Monthly,Web,App to Web,,35-44,female,United States of America,"Canada, Great Britain & United States",North America,,"[
  ""Medium""
]",3,Intermediate,Start my fitness journey,,"[
  ""Afro Rhythms"",
  ""Cumbia"",
  ""Hip Hop"",
  ""House"",
  ""Pop"",
  ""Reggaeton""
]",2,iOS,Apple,Apple,"Iphone16,2",0,1,1,0.2165,49.966666667,13,1
4283845,00be66f6-a0c2-45cf-914f-f17b5e6aca00,2025-11-11,0,Monthly,Web,Stripe,,45-54,female,Denmark,Rest of the World,Europe,,"[
  ""Medium""
]",3,Intermediate,lose weight and tone,,"[
  ""Brazilian Rhythms"",
  ""Caribbean Rhythms"",
  ""Hip Hop"",
  ""Merengue"",
  ""Reggaeton"",
  ""Salsa""
]",2,iOS,Apple,Apple,"Iphone12,1",0,0,0,0,0,12,1
4271608,050710fb-b69c-49bf-a7e0-1a1fc3af9ae4,2025-11-11,7,Annual,Web,Stripe,,,,United States of America,"Canada, Great Britain & United States",North America,,,3,,,,,3.13.1,Android,Samsung,Samsung,Sm-S911u,7,1,1,0.9976,13.916666667,12,1
4293860,50c82e31-f28d-4289-9235-61f0efacfba4,2025-11-17,0,Monthly,App,Apple,,65+,female,United States of America,"Canada, Great Britain & United States",North America,,"[
  ""Medium""
]",3,Intermediate,lose weight and tone,,"[
  ""Bachata"",
  ""Brazilian Rhythms"",
  ""Caribbean Rhythms"",
  ""Hip Hop"",
  ""Merengue"",
  ""Pop"",
  ""Reggaeton"",
  ""Salsa""
]",2,iOS,Apple,Apple,"Iphone17,2",0,12,1,0.9988,29.570512821,6,1
4292051,0e3e22b0-3910-45ff-93eb-56afe3deffec,2025-11-16,0,Monthly,Web,Stripe,,,,United States of America,"Canada, Great Britain & United States",North America,,"[
  ""Low""
]",3,Beginner,Have some fun,,[],,Mac OS X,,,,,0,0,0,0,7,1
2150482,cd416a8a-7b4c-41ae-ac00-13d6dd258a78,2025-11-17,0,Annual,Web,App to Web,,,,United States of America,"Canada, Great Britain & United States",North America,In Person & Virtual Classes,"[
  ""Low"",
  ""Medium"",
  ""High""
]",6,Beginner,,"[
  ""Following instructors"",
  ""Finding local classes I love"",
  ""Earning Badges"",
  ""Joining a supportive community"",
  ""Taking classes at home"",
  ""Tracking heart rate & calories with my watch"",
  ""Tracking activity streaks"",
  ""New Music"",
  ""Receiving class reminders"",
  ""Learning dances""
]","[
  ""Afrobeats"",
  ""Alternative"",
  ""Bachata"",
  ""Belly Dance"",
  ""Bhangra"",
  ""Blues"",
  ""Bollywood"",
  ""Broadway"",
  ""Country"",
  ""Cumbia"",
  ""Disco"",
  ""Funk"",
  ""Hip Hop"",
  ""House"",
  ""K-Pop"",
  ""Merengue"",
  ""Other"",
  ""Pop"",
  ""R&B"",
  ""Reggae"",
  ""Reggaeton"",
  ""Rock"",
  ""Salsa"",
  ""Soca""
]",3.13.1,Android,Samsung,Samsung,Sm-A156u,699,16,15,0.8837066667,19.773655914,6,1
4298304,479b4066-89de-4470-b037-affcc3231e8e,2025-11-19,0,Monthly,Web,Stripe,,35-44,female,United States of America,"Canada, Great Britain & United States",North America,,"[
  ""Medium""
]",5,Beginner,lose weight and tone,,"[
  ""Afro Rhythms"",
  ""Electronic"",
  ""House"",
  ""World Rhythms""
]",,iOS,,,,,0,0,0,0,4,1
4283228,095f7d76-330d-4773-8be1-d8ba0073ad8b,2025-11-18,7,Annual,Web,Stripe,,,,United States of America,"Canada, Great Britain & United States",North America,,,,,,,,,iOS,,,,,0,0,0,0,5,1
4289300,9e0cf092-de5e-43b3-b33b-43a36c5edaad,2025-11-14,0,Monthly,App,Apple,,25-34,female,United States of America,"Canada, Great Britain & United States",North America,,"[
  ""Medium""
]",3,Beginner,lose weight and tone,,"[
  ""Hip Hop"",
  ""House"",
  ""Pop"",
  ""Reggaeton""
]",6,iOS,Apple,Apple,"Iphone17,3",0,2,1,1,19.622222222,9,1
4288487,96ea81f1-ced1-4d1a-b416-fa71978aeb73,2025-11-21,7,Annual,Web,Stripe,,55-64,female,United States of America,"Canada, Great Britain & United States",North America,,"[
  ""Low""
]",3,Beginner,lose weight and tone,,"[
  ""Cumbia"",
  ""Disco"",
  ""Hip Hop"",
  ""Merengue"",
  ""Reggaeton"",
  ""Salsa""
]",3.13.1,Android,Samsung,Samsung,Sm-G781u,5,0,0,0,0,2,1
4257385,bb73cdc7-9440-45e5-b5f9-dbe7f1de6a68,2025-11-14,0,Monthly,Web,Stripe,,55-64,female,United States of America,"Canada, Great Britain & United States",North America,,"[
  ""Medium""
]",3,Intermediate,lose weight and tone,,"[
  ""Brazilian Rhythms"",
  ""Caribbean Rhythms"",
  ""Electronic"",
  ""Merengue"",
  ""Reggaeton"",
  ""Salsa"",
  ""World Rhythms""
]",2,iOS,Apple,Apple,"Iphone16,2",,0,0,0,0,9,1
4286373,0db47c6b-636d-4a22-b1e8-96908c84c262,2025-11-13,0,Monthly,Web,App to Web,,55-64,female,United States of America,"Canada, Great Britain & United States",North America,,"[
  ""Medium"",
  ""Low""
]",3,Beginner,lose weight and tone,,"[
  ""Bachata"",
  ""Brazilian Rhythms"",
  ""Cumbia"",
  ""Disco"",
  ""House"",
  ""Merengue""
]",2,iOS,Apple,Apple,"Iphone16,2",0,2,0,0,13.916666667,10,1
4292941,32288793-4a55-4120-bd80-c20af3aabb51,2025-11-16,0,Monthly,Web,App to Web,,45-54,female,United States of America,"Canada, Great Britain & United States",North America,,"[
  ""Medium"",
  ""Low""
]",3,Beginner,lose weight and tone,,"[
  ""Afro Rhythms"",
  ""Bachata"",
  ""Brazilian Rhythms"",
  ""Caribbean Rhythms"",
  ""Chill Out"",
  ""Cumbia"",
  ""Disco"",
  ""Electronic"",
  ""Hip Hop"",
  ""House"",
  ""Merengue"",
  ""Pop"",
  ""Reggaeton"",
  ""Salsa"",
  ""Techno"",
  ""World Rhythms""
]",2,iOS,Apple,Apple,"Iphone17,3",0,1,1,0.9988,13.916666667,7,1
3414231,9518b27f-c6cd-4a97-9904-f3af4469bbb1,2025-11-22,7,Annual,Web,Stripe,,35-44,female,United Kingdom,"Canada, Great Britain & United States",Europe,,"[
  ""Medium""
]",3,Intermediate,Have some fun,,"[
  ""Afrobeats"",
  ""Alternative"",
  ""Bachata"",
  ""Belly Dance"",
  ""Bhangra"",
  ""Blues"",
  ""Bollywood"",
  ""Broadway"",
  ""Cumbia"",
  ""Disco"",
  ""Funk"",
  ""Hip Hop"",
  ""House"",
  ""K-Pop"",
  ""Pop"",
  ""R&B"",
  ""Reggae"",
  ""Reggaeton"",
  ""Rock"",
  ""Salsa"",
  ""Soca""
]",3.12.0,Android,Samsung,Samsung,Sm-S906b,320,0,0,0,0,1,1
4266936,9687fc8d-dec3-444e-a2b2-b908e50b3d85,2025-11-22,7,Annual,App,App to Web,,65+,female,United States of America,"Canada, Great Britain & United States",North America,,"[
  ""Low""
]",3,Beginner,lose weight and tone,,"[
  ""Brazilian Rhythms"",
  ""Pop""
]",2,iOS,Apple,Apple,"Iphone15,2",21,0,0,0,0,1,1
4260417,7ee18254-d6bc-4f76-ba96-ca6c7bb81af6,2025-11-22,7,Annual,Web,App to Web,,25-34,female,United States of America,"Canada, Great Britain & United States",North America,,"[
  ""Medium"",
  ""High""
]",3,Intermediate,lose weight and tone,,"[
  ""Afro Rhythms"",
  ""Bachata"",
  ""Brazilian Rhythms"",
  ""Caribbean Rhythms"",
  ""Hip Hop"",
  ""Merengue"",
  ""Pop"",
  ""Reggaeton"",
  ""Salsa""
]",2,iOS,Apple,Apple,"Iphone17,1",25,0,0,0,0,1,1
4269356,082bab70-d1c7-4224-8cb3-dda8ac5fa4ec,2025-11-10,7,Annual,Web,Stripe,,25-34,female,United Kingdom,"Canada, Great Britain & United States",Europe,,"[
  ""Medium""
]",3,Intermediate,lose weight and tone,,"[
  ""Disco"",
  ""Pop"",
  ""Reggaeton"",
  ""Salsa""
]",2,iOS,Apple,Apple,"Iphone14,2",7,0,0,0,0,13,1
4287554,36110abe-8e1b-4748-b899-b9cd2f27b179,2025-11-13,0,Monthly,App,Apple,,25-34,female,Romania,Rest of the World,Europe,,"[
  ""High"",
  ""Medium""
]",3,Intermediate,lose weight and tone,,"[
  ""Bachata"",
  ""Cumbia"",
  ""Disco"",
  ""Hip Hop"",
  ""Merengue"",
  ""Pop"",
  ""Reggaeton"",
  ""Salsa"",
  ""Techno""
]",2,iOS,Apple,Apple,"Iphone13,2",0,2,2,0.6407,13.916666667,10,1
4281918,92400c93-accd-45d5-9b5e-d56a6e8b5f4a,2025-11-10,0,Monthly,Web,Stripe,,45-54,female,United States of America,"Canada, Great Britain & United States",North America,,,3,,lose weight and tone,,,3.13.1,Android,Samsung,Samsung,Sm-S938u,0,4,3,0.6254,22.864285714,13,1
4296320,dcce77af-82f2-4e60-8588-8b26d6aea99a,2025-11-18,0,Monthly,Web,Stripe,,35-44,female,United States of America,"Canada, Great Britain & United States",North America,,"[
  ""Medium""
]",,Intermediate,lose weight and tone,,"[
  ""Afro Rhythms"",
  ""Bachata"",
  ""Caribbean Rhythms"",
  ""Cumbia"",
  ""Hip Hop"",
  ""Merengue"",
  ""Reggaeton"",
  ""Salsa""
]",2,iOS,Apple,Apple,"Iphone14,8",0,6,3,0.9992,32.840740741,5,1
4267413,ac527c40-b74e-40bc-ba54-eb61dcaf5881,2025-11-09,7,Annual,App,Apple,,35-44,male,Japan,Rest of the World,APAC (excl. India),,"[
  ""Low""
]",2,Beginner,lose weight and tone,,"[
  ""Disco"",
  ""Electronic"",
  ""Hip Hop"",
  ""Pop"",
  ""Techno""
]",6,iOS,Apple,Apple,"Ipad16,1",7,1,1,0.4624,32.116666667,14,1
3439156,e72cbfad-07be-492e-af12-2ebc17207c2d,2025-11-12,0,Monthly,Web,Stripe,,35-44,female,United Kingdom,"Canada, Great Britain & United States",Europe,,"[
  ""Medium""
]",3,Advanced,lose weight and tone,,"[
  ""Afro Rhythms"",
  ""Bachata"",
  ""Brazilian Rhythms"",
  ""Caribbean Rhythms"",
  ""Chill Out"",
  ""Cumbia"",
  ""Disco"",
  ""Electronic"",
  ""Hip Hop"",
  ""House"",
  ""Merengue"",
  ""Pop"",
  ""Reggaeton"",
  ""Salsa"",
  ""Techno"",
  ""World Rhythms""
]",3.13.1,Android,Samsung,Samsung,Sm-A356b,0,4,2,1,24.75,11,1
4186826,f4d06ce9-f5d2-4b0c-8919-81fdb4f3fcff,2025-11-16,0,Monthly,App,Apple,,35-44,female,Canada,"Canada, Great Britain & United States",North America,,"[
  ""Medium""
]",3,Intermediate,lose weight and tone,,"[
  ""Caribbean Rhythms"",
  ""Disco"",
  ""Electronic"",
  ""House"",
  ""Merengue"",
  ""Pop"",
  ""Reggaeton"",
  ""Salsa"",
  ""Techno"",
  ""World Rhythms""
]",2,iOS,Apple,Apple,"Iphone14,7",62,1,0,0,30.3,7,1
3305074,8532f01d-5509-4750-836e-5be95a1f11fc,2025-11-14,7,Annual,App,Apple,,,,Canada,"Canada, Great Britain & United States",North America,,"[
  ""Medium""
]",3,Intermediate,lose weight and tone,,"[
  ""Bachata"",
  ""Brazilian Rhythms"",
  ""Caribbean Rhythms"",
  ""Merengue"",
  ""Pop"",
  ""Salsa"",
  ""World Rhythms""
]",2,iOS,Apple,Apple,"Iphone17,3",414,0,0,0,0,9,1
4273928,f91eff16-99f8-4d61-9913-1bc3ab13d62c,2025-11-12,7,Annual,Web,Stripe,Strand,35-44,female,United States of America,"Canada, Great Britain & United States",North America,,"[
  ""High"",
  ""Medium"",
  ""Low""
]",2,Intermediate,lose weight and tone,,"[
  ""Afro Rhythms"",
  ""Brazilian Rhythms"",
  ""Caribbean Rhythms"",
  ""Chill Out"",
  ""Disco"",
  ""Electronic"",
  ""Hip Hop"",
  ""House"",
  ""Pop"",
  ""Reggaeton"",
  ""World Rhythms""
]",2,iOS,Apple,Apple,"Iphone17,3",7,0,0,0,0,11,1
4272271,2fe886f9-25ac-4578-b088-1f6dd7d5c752,2025-11-11,7,Annual,App,Apple,,Under 18,female,Brazil,Rest of the World,LATAM,,"[
  ""Low""
]",3,Beginner,,,"[
  ""Afro Rhythms"",
  ""Bachata"",
  ""Brazilian Rhythms"",
  ""Caribbean Rhythms"",
  ""Chill Out"",
  ""Cumbia"",
  ""Disco"",
  ""Electronic"",
  ""Hip Hop"",
  ""House"",
  ""Merengue"",
  ""Pop"",
  ""Reggaeton"",
  ""Salsa"",
  ""Techno"",
  ""World Rhythms""
]",2,iOS,Apple,Apple,"Iphone14,2",7,2,3,0.7703,29.783333333,12,1
4277432,ca70dc88-3112-4cbb-b087-b4043683a14f,2025-11-14,7,Annual,Web,App to Web,,55-64,female,United States of America,"Canada, Great Britain & United States",North America,,"[
  ""Medium"",
  ""High"",
  ""Low""
]",3,Intermediate,lose weight and tone,,"[
  ""Caribbean Rhythms"",
  ""Chill Out"",
  ""Hip Hop"",
  ""Pop"",
  ""Reggaeton"",
  ""Salsa""
]",6,iOS,Apple,Apple,"Iphone14,3",7,2,1,1,31.433333333,9,1
4241027,1dbba7e6-924b-49ac-b8ee-50a88f59889a,2025-11-13,7,Annual,Web,Stripe,,65+,female,United States of America,"Canada, Great Britain & United States",North America,,"[
  ""Low""
]",4,Beginner,Start my fitness journey,,"[
  ""Bachata"",
  ""Brazilian Rhythms"",
  ""Caribbean Rhythms"",
  ""Chill Out"",
  ""Disco"",
  ""Hip Hop"",
  ""Merengue"",
  ""Pop"",
  ""Reggaeton"",
  ""Salsa""
]",3.14.0,Android,Samsung,Samsung,Sm-T227u,29,2,1,0.3336,49.966666667,10,1
4242462,60523f98-6c63-4294-865a-74092c17828c,2025-11-17,7,Annual,Web,Stripe,,55-64,female,United States of America,"Canada, Great Britain & United States",North America,,"[
  ""Medium""
]",2,Beginner,lose weight and tone,,,3,iOS,Apple,Apple,"Iphone16,1",32,1,1,0.0744,50.166666667,6,1
4266324,2885cb94-b950-4326-a9d1-cc763145f199,2025-11-12,7,Annual,App,Google,,25-34,female,Italy,Rest of the World,Europe,,"[
  ""High"",
  ""Medium""
]",1,Beginner,lose weight and tone,,"[
  ""Electronic"",
  ""Hip Hop"",
  ""Pop"",
  ""Reggaeton"",
  ""World Rhythms""
]",3.13.1,Android,Samsung,Samsung,Sm-A336b,11,5,5,0.52854,25.083333333,11,1
4280301,f4e18fd1-355a-4e9e-89a9-9e06452224b0,2025-11-16,7,Annual,Web,App to Web,,45-54,female,United States of America,"Canada, Great Britain & United States",North America,,"[
  ""High""
]",3,Intermediate,Start my fitness journey,,"[
  ""Bachata"",
  ""Cumbia"",
  ""Merengue"",
  ""Reggaeton"",
  ""Salsa""
]",2,iOS,Apple,Apple,"Iphone16,2",7,0,0,0,0,7,1
4268367,4e5f5e7c-da9b-4fe5-b34f-89d8563d0eda,2025-11-09,7,Annual,App,Google,,35-44,female,United Kingdom,"Canada, Great Britain & United States",Europe,,"[
  ""Medium""
]",,Beginner,lose weight and tone,,"[
  ""Afro Rhythms"",
  ""Brazilian Rhythms"",
  ""Caribbean Rhythms"",
  ""Disco"",
  ""Electronic"",
  ""World Rhythms""
]",3.14.0,Android,Google,Google,Pixel 6a,7,3,3,0.3333333333,10.861111111,14,1
4282401,ea207fcb-3388-4eff-88d2-2f253a24c489,2025-11-17,7,Annual,Web,App to Web,,55-64,female,United States of America,"Canada, Great Britain & United States",North America,,"[
  ""Medium"",
  ""Low""
]",3,Intermediate,lose weight and tone,,"[
  ""Bachata"",
  ""Brazilian Rhythms"",
  ""Caribbean Rhythms"",
  ""Cumbia"",
  ""Disco"",
  ""House"",
  ""Merengue"",
  ""Reggaeton"",
  ""Salsa""
]",2,iOS,Apple,Apple,"Iphone17,2",7,0,0,0,0,6,1
4280849,96275798-575d-48e7-ae37-3cfbdbef2ac1,2025-11-16,7,Annual,Web,Stripe,,25-34,female,United States of America,"Canada, Great Britain & United States",North America,,"[
  ""Medium""
]",2,Intermediate,lose weight and tone,,"[
  ""Afro Rhythms"",
  ""Bachata"",
  ""Brazilian Rhythms"",
  ""Cumbia"",
  ""Hip Hop"",
  ""Merengue"",
  ""Pop"",
  ""Reggaeton"",
  ""Salsa""
]",6,iOS,Apple,Apple,"Iphone15,3",6,0,0,0,0,7,1
4287075,b812c7e9-85eb-4b8d-a9c2-e5c5ad159931,2025-11-21,7,Annual,Web,Stripe,,,,United States of America,"Canada, Great Britain & United States",North America,,,,,,,,,iOS,,,,,0,0,0,0,2,1
4286979,75cd79de-b79c-4cb3-b80c-2a566549e982,2025-11-20,7,Annual,Web,Stripe,,,,United States of America,"Canada, Great Britain & United States",North America,,"[
  ""Low""
]",4,Intermediate,,,"[
  ""Bachata"",
  ""Brazilian Rhythms"",
  ""Cumbia"",
  ""Electronic"",
  ""Merengue"",
  ""Pop"",
  ""Salsa"",
  ""Techno"",
  ""World Rhythms""
]",3.13.1,Android,Samsung,Samsung,Sm-S931u,7,0,0,0,0,3,1
4299961,2ce26176-518f-4f9f-9e50-9abda1156884,2025-11-20,0,Monthly,Web,Stripe,,45-54,female,United States of America,"Canada, Great Britain & United States",North America,,"[
  ""Medium""
]",2,Intermediate,Have some fun,,"[
  ""Afro Rhythms"",
  ""Brazilian Rhythms"",
  ""Caribbean Rhythms"",
  ""Chill Out"",
  ""Hip Hop"",
  ""Reggaeton"",
  ""Salsa""
]",6,iOS,Apple,Apple,"Iphone14,2",,0,0,0,0,3,1
4265976,8845ac45-97fe-4aaf-a05e-525d74ae6cd6,2025-11-08,7,Annual,App,Apple,,25-34,female,United Kingdom,"Canada, Great Britain & United States",Europe,,"[
  ""High""
]",3,Intermediate,lose weight and tone,,"[
  ""Brazilian Rhythms"",
  ""Disco"",
  ""Hip Hop"",
  ""House"",
  ""Pop"",
  ""Salsa""
]",2,iOS,Apple,Apple,"Iphone15,4",7,1,1,0.4717,50.883333333,15,1
4299217,a3f8805d-7855-4be9-b53b-ddee172bad8b,2025-11-20,0,Monthly,Web,Stripe,,,,United States of America,"Canada, Great Britain & United States",North America,,"[
  ""Low""
]",3,Beginner,lose weight and tone,,[],6,iOS,Apple,Apple,"Iphone12,1",0,2,1,0.9988,13.916666667,3,1
1394784,71c72f28-67c7-49b7-9260-4d4f3acb9a4e,2025-11-11,7,Annual,Web,Stripe,,35-44,female,United States of America,"Canada, Great Britain & United States",North America,,"[
  ""Medium""
]",3,Intermediate,lose weight and tone,,"[
  ""Bachata"",
  ""Cumbia"",
  ""Disco"",
  ""Electronic"",
  ""Hip Hop"",
  ""Merengue"",
  ""Pop"",
  ""Reggaeton"",
  ""Salsa""
]",2,iOS,Apple,Apple,"Iphone12,1",7,0,0,0,0,12,1
4266662,cc772609-2295-44df-ba58-caf338dc8f66,2025-11-13,7,Annual,Web,App to Web,,25-34,other,United States of America,"Canada, Great Britain & United States",North America,,"[
  ""Medium"",
  ""High""
]",2,Intermediate,Have some fun,,"[
  ""Afro Rhythms"",
  ""Bachata"",
  ""Brazilian Rhythms"",
  ""Caribbean Rhythms"",
  ""Cumbia"",
  ""Disco"",
  ""Hip Hop"",
  ""House"",
  ""Merengue"",
  ""Pop"",
  ""Reggaeton"",
  ""Salsa"",
  ""World Rhythms""
]",2,iOS,Apple,Apple,"Iphone12,1",12,0,0,0,0,10,1
4290933,26833732-3b88-42de-8323-14c435b8f72f,2025-11-15,0,Monthly,Web,App to Web,,35-44,female,United States of America,"Canada, Great Britain & United States",North America,,"[
  ""Medium"",
  ""Low""
]",5,Beginner,lose weight and tone,,"[
  ""Brazilian Rhythms"",
  ""Caribbean Rhythms"",
  ""Merengue"",
  ""Pop"",
  ""Reggaeton"",
  ""Salsa""
]",2,iOS,Apple,Apple,"Iphone17,3",0,2,1,0.9614,26.25,8,1
1554374,c04b4aa1-6d76-47ae-b2f6-0ae4f3170e3b,2025-11-09,7,Annual,App,Apple,,35-44,female,United States of America,"Canada, Great Britain & United States",North America,,"[
  ""High""
]",5,Advanced,lose weight and tone,,"[
  ""Afro Rhythms"",
  ""Bachata"",
  ""Brazilian Rhythms"",
  ""Caribbean Rhythms"",
  ""Cumbia"",
  ""Hip Hop"",
  ""Merengue"",
  ""Pop"",
  ""Reggaeton"",
  ""Salsa"",
  ""World Rhythms""
]",2,iOS,Apple,Apple,"Iphone15,2",7,4,1,0.9956,19,14,1
4272825,bb8584e7-d353-443f-81c4-1740daeecdb1,2025-11-12,7,Annual,Web,Stripe,,35-44,female,Ireland,Rest of the World,Europe,,"[
  ""Low"",
  ""Medium""
]",5,Beginner,lose weight and tone,,"[
  ""Bachata"",
  ""Brazilian Rhythms"",
  ""Cumbia"",
  ""Hip Hop"",
  ""Merengue"",
  ""Pop"",
  ""Salsa""
]",3.13.0,Android,Xiaomi,Redmi,22041219ny,7,0,0,0,0,11,1
4269793,a29da782-6ae3-4da0-8db8-9686c4399098,2025-11-10,7,Annual,App,Google,,25-34,female,France,Rest of the World,Europe,,"[
  ""Medium""
]",1,Intermediate,lose weight and tone,,"[
  ""Bachata"",
  ""Chill Out"",
  ""House"",
  ""Reggaeton"",
  ""Salsa""
]",3.13.1,Android,Xiaomi,Redmi,23129raa4g,7,0,0,0,0,13,1
4276608,8446e454-5b78-48d3-bbce-8b422c5de8a9,2025-11-14,7,Annual,Web,Stripe,,25-34,female,United Kingdom,"Canada, Great Britain & United States",Europe,,"[
  ""Medium""
]",3,Beginner,lose weight and tone,,"[
  ""Electronic"",
  ""House"",
  ""Pop"",
  ""Reggaeton""
]",2,iOS,Apple,Apple,"Iphone15,2",7,0,0,0,0,9,1
3185067,ff55fd25-0cb1-439f-a5ba-0b981542c7fe,2025-11-08,7,Annual,App,Apple,,,,Austria,Rest of the World,Europe,,"[
  ""Medium""
]",3,Beginner,lose weight and tone,,"[
  ""Disco"",
  ""Hip Hop"",
  ""Rock"",
  ""Salsa""
]",2,iOS,Apple,Apple,"Iphone15,4",470,2,1,0.2017,35.994444444,15,1
1970785,e46a1b2d-c11e-4d9a-ace0-925852e5122e,2025-11-10,7,Annual,Web,Stripe,,25-34,female,Barbados,Rest of the World,LATAM,,"[
  ""High""
]",3,Advanced,lose weight and tone,,"[
  ""Afro Rhythms"",
  ""Brazilian Rhythms"",
  ""Caribbean Rhythms"",
  ""Hip Hop"",
  ""Pop"",
  ""Reggaeton"",
  ""World Rhythms""
]",2,iOS,Apple,Apple,"Ipad13,16",7,1,1,0.5253,30.616666667,13,1
3429924,5b2469ce-0d61-4aba-b368-7b7c8338c86d,2025-11-08,0,Monthly,App,Apple,,35-44,female,Poland,Rest of the World,Europe,,"[
  ""Medium""
]",3,Intermediate,lose weight and tone,,"[
  ""Afro Rhythms"",
  ""Bachata"",
  ""Brazilian Rhythms"",
  ""Chill Out"",
  ""Cumbia"",
  ""Disco"",
  ""Hip Hop"",
  ""Merengue"",
  ""Pop"",
  ""Reggaeton"",
  ""Salsa""
]",2,iOS,Apple,Apple,"Iphone14,7",,0,0,0,0,15,1
4282427,1290673c-c284-473e-8b9c-ea4e38c01420,2025-11-17,7,Annual,Web,Stripe,,35-44,male,Dominican Republic,Rest of the World,LATAM,,"[
  ""High"",
  ""Medium""
]",5,Intermediate,,,"[
  ""Afro Rhythms"",
  ""Bachata"",
  ""Brazilian Rhythms"",
  ""Caribbean Rhythms"",
  ""Cumbia"",
  ""Disco"",
  ""Electronic"",
  ""Hip Hop"",
  ""House"",
  ""Merengue"",
  ""Pop"",
  ""Reggaeton"",
  ""Salsa"",
  ""Techno"",
  ""World Rhythms""
]",3.13.1,Android,Infinix,Infinix,Infinix X6831,7,0,0,0,0,6,1
4276243,6f4cc222-8717-41d3-a108-540be055d6a2,2025-11-14,7,Annual,Web,Stripe,,55-64,female,Austria,Rest of the World,Europe,,"[
  ""Low""
]",3,Beginner,,,"[
  ""Bachata"",
  ""Brazilian Rhythms"",
  ""Cumbia"",
  ""Merengue"",
  ""Reggaeton"",
  ""Salsa""
]",2,iOS,Apple,Apple,"Ipad13,18",7,0,0,0,0,9,1
4291697,9a834eb8-af11-4663-bf28-2af1b0f3a196,2025-11-16,0,Monthly,Web,Stripe,,,,United States of America,"Canada, Great Britain & United States",North America,,"[
  ""Low"",
  ""Medium"",
  ""High""
]",3,Beginner,Have some fun,,[],3.13.1,Android,Samsung,Samsung,Sm-S901u,0,0,0,0,0,7,1
4268325,a6b3f7f6-eb92-4973-b0ee-b3b89f64e11a,2025-11-09,7,Annual,Web,Stripe,,35-44,female,United States of America,"Canada, Great Britain & United States",North America,,"[
  ""Medium""
]",4,Beginner,Start my fitness journey,,"[
  ""Disco"",
  ""Electronic"",
  ""Hip Hop"",
  ""House"",
  ""Pop"",
  ""Salsa"",
  ""Techno""
]",2,iOS,Apple,Apple,"Iphone16,2",7,6,5,0.79668,31.642424242,14,1
4302886,c99fae7e-b753-4b31-a3a7-f3e736b72b93,2025-11-22,0,Monthly,Web,App to Web,,35-44,female,United States of America,"Canada, Great Britain & United States",North America,,"[
  ""Medium"",
  ""Low"",
  ""High""
]",3,Intermediate,,,"[
  ""Bachata"",
  ""Disco"",
  ""Hip Hop"",
  ""Pop"",
  ""Salsa""
]",6,iOS,Apple,Apple,"Iphone17,1",0,2,0,0,43.225,1,1
4301554,96118be9-39fc-4da1-8684-82b90b3bc789,2025-11-21,0,Monthly,Web,App to Web,,35-44,female,United States of America,"Canada, Great Britain & United States",North America,,"[
  ""Medium""
]",5,Beginner,lose weight and tone,,"[
  ""Afro Rhythms"",
  ""Brazilian Rhythms"",
  ""Caribbean Rhythms"",
  ""Chill Out"",
  ""Disco"",
  ""Electronic"",
  ""Hip Hop"",
  ""House"",
  ""Pop"",
  ""Reggaeton"",
  ""Techno"",
  ""World Rhythms""
]",2,iOS,Apple,Apple,"Iphone16,1",58,1,1,0.9988,13.916666667,2,1
4290214,6d180ee0-d0e8-4606-9574-b0b8507ced9f,2025-11-22,7,Annual,Web,App to Web,,35-44,female,United States of America,"Canada, Great Britain & United States",North America,,"[
  ""Low"",
  ""Medium"",
  ""High""
]",3,Beginner,lose weight and tone,,"[
  ""Afro Rhythms"",
  ""Bachata"",
  ""Brazilian Rhythms"",
  ""Caribbean Rhythms"",
  ""Chill Out"",
  ""Cumbia"",
  ""Disco"",
  ""Electronic"",
  ""Hip Hop"",
  ""House"",
  ""Merengue"",
  ""Pop"",
  ""Reggaeton"",
  ""Salsa"",
  ""Techno"",
  ""World Rhythms""
]",2,iOS,Apple,Apple,"Iphone14,5",7,0,0,0,0,1,1
4283165,7f3e2271-d077-4cf6-8782-cae49bc55caf,2025-11-18,7,Annual,Web,Stripe,,,,Germany,Rest of the World,Europe,,"[
  ""Low""
]",2,Beginner,,,"[
  ""Brazilian Rhythms"",
  ""Caribbean Rhythms"",
  ""Disco"",
  ""Pop""
]",2,iOS,Apple,Apple,"Iphone14,3",7,0,0,0,0,5,1
4285373,2d37f2a7-dce0-46f0-b14c-cb76ff819f52,2025-11-19,7,Annual,App,Apple,,45-54,female,United States of America,"Canada, Great Britain & United States",North America,,"[
  ""Medium""
]",3,Intermediate,lose weight and tone,,"[
  ""Pop""
]",2,iOS,Apple,Apple,"Iphone17,3",7,0,0,0,0,4,1
3344889,83fbc341-999d-47a1-9d8a-5350e0045fbe,2025-11-16,1,Monthly,App,Apple,,,,Turkey,Rest of the World,Europe,,"[
  ""High""
]",,,,,"[
  ""Afrobeats"",
  ""Alternative"",
  ""Bachata"",
  ""Belly Dance"",
  ""Bhangra"",
  ""Blues"",
  ""Bollywood"",
  ""Broadway"",
  ""Country"",
  ""Cumbia"",
  ""Disco"",
  ""Funk"",
  ""Hip Hop"",
  ""House"",
  ""K-Pop"",
  ""Merengue"",
  ""Other"",
  ""Pop"",
  ""R&B"",
  ""Reggae"",
  ""Reggaeton"",
  ""Rock"",
  ""Salsa"",
  ""Soca""
]",2,iOS,Apple,Apple,"Iphone14,3",397,3,0,0,44.016666667,7,1
4300774,b7c821c9-d10d-4126-8c68-c2d433a966ab,2025-11-21,0,Monthly,App,Apple,,55-64,female,Sweden,Rest of the World,Europe,,"[
  ""Medium""
]",1,Beginner,Have some fun,,,6,iOS,Apple,Apple,"Ipad8,11",0,1,0,0,13.916666667,2,1
4294882,a743ee2a-4311-4301-bee0-2cad5f362765,2025-11-17,0,Monthly,Web,Stripe,,,,United States of America,"Canada, Great Britain & United States",North America,,"[
  ""Medium""
]",5,Beginner,lose weight and tone,,[],,iOS,,,,,0,0,0,0,6,1
4292769,4e5eb8f3-ac01-4098-abde-82378d6ef2bf,2025-11-16,0,Monthly,Web,App to Web,,25-34,female,United States of America,"Canada, Great Britain & United States",North America,,"[
  ""Medium""
]",3,Intermediate,lose weight and tone,,"[
  ""Disco"",
  ""Hip Hop"",
  ""House"",
  ""Pop"",
  ""Techno""
]",2,iOS,Apple,Apple,"Iphone16,2",0,2,2,0.9988,13.916666667,7,1
4291672,f6285ef5-ccb3-4cf5-a725-4bb7ba01dc2a,2025-11-16,0,Monthly,App,App to Web,,45-54,female,United States of America,"Canada, Great Britain & United States",North America,,"[
  ""Medium""
]",2,Intermediate,lose weight and tone,,"[
  ""Afro Rhythms"",
  ""Bachata"",
  ""Brazilian Rhythms"",
  ""Caribbean Rhythms"",
  ""Cumbia"",
  ""Disco"",
  ""Hip Hop"",
  ""Merengue"",
  ""Pop"",
  ""Reggaeton"",
  ""Salsa""
]",2,iOS,Apple,Apple,"Iphone15,2",0,4,0,0,31.833333333,7,1
4125805,4473791c-cac4-462b-a282-3229bae66dcc,2025-11-19,0,Monthly,Web,Stripe,,25-34,female,France,Rest of the World,Europe,,"[
  ""Medium""
]",2,Beginner,lose weight and tone,,"[
  ""Afro Rhythms"",
  ""Bachata"",
  ""Caribbean Rhythms"",
  ""Merengue"",
  ""Pop"",
  ""Reggaeton"",
  ""Salsa""
]",2,iOS,Apple,Apple,"Iphone12,1",0,7,5,0.6466,16.758333333,4,1
1118428,5d9ea35a-42dc-40ae-8174-390e22a4297a,2025-11-21,7,Annual,App,Apple,,55-64,female,Canada,"Canada, Great Britain & United States",North America,,"[
  ""Medium""
]",5,Beginner,Have some fun,,"[
  ""Afro Rhythms"",
  ""Bachata"",
  ""Brazilian Rhythms"",
  ""Caribbean Rhythms"",
  ""Disco"",
  ""Merengue"",
  ""Reggaeton"",
  ""Salsa"",
  ""World Rhythms""
]",2,iOS,Apple,Apple,"Ipad15,7",7,3,2,0.49975,19.696666667,2,1
3105652,d802f506-ad41-4935-a294-426871c187c3,2025-11-13,7,Monthly,App,Apple,,35-44,female,Canada,"Canada, Great Britain & United States",North America,,"[
  ""Medium""
]",4,Beginner,lose weight and tone,,"[
  ""Hip Hop"",
  ""House"",
  ""Merengue"",
  ""Pop"",
  ""Salsa""
]",2,iOS,Apple,Apple,"Ipad12,1",507,2,2,0.9901,32.383333333,10,1
4285174,a6b5cbe0-cf99-4b2d-bd0c-d2c08223361e,2025-11-12,0,Monthly,Web,Stripe,,25-34,female,United Kingdom,"Canada, Great Britain & United States",Europe,,"[
  ""Medium""
]",3,Intermediate,lose weight and tone,,"[
  ""Afro Rhythms"",
  ""Brazilian Rhythms"",
  ""Caribbean Rhythms"",
  ""Salsa"",
  ""World Rhythms""
]",2,iOS,Apple,Apple,"Iphone17,1",0,0,0,0,0,11,1
4268467,437f3e93-a3f5-4ccf-94ad-17ad2631542c,2025-11-09,7,Annual,App,Google,,25-34,female,United States of America,"Canada, Great Britain & United States",North America,,"[
  ""Medium""
]",5,Beginner,Start my fitness journey,,"[
  ""Electronic"",
  ""Hip Hop"",
  ""Pop"",
  ""Techno""
]",3.13.1,Android,Samsung,Samsung,Sm-S911u,7,2,1,1,32.4,14,1
4286325,9a140cfa-b02c-4c69-89c4-6e1b1a50b592,2025-11-13,0,Monthly,App,Google,,55-64,female,United States of America,"Canada, Great Britain & United States",North America,,"[
  ""Medium""
]",,Intermediate,lose weight and tone,,"[
  ""Caribbean Rhythms"",
  ""Disco"",
  ""House"",
  ""Pop"",
  ""World Rhythms""
]",3.13.1,Android,Samsung,Samsung,Sm-A546v,0,4,3,0.7430666667,31.492857143,10,1
4230718,17916abf-fac4-4d04-a9d4-395510ad129b,2025-11-10,7,Annual,Web,App to Web,,55-64,female,United States of America,"Canada, Great Britain & United States",North America,,"[
  ""Low"",
  ""Medium""
]",2,Intermediate,reduce stress,,"[
  ""Afro Rhythms"",
  ""Bachata"",
  ""Brazilian Rhythms"",
  ""Caribbean Rhythms"",
  ""Chill Out"",
  ""Cumbia"",
  ""Electronic"",
  ""Hip Hop"",
  ""Merengue"",
  ""Pop"",
  ""Reggaeton"",
  ""Salsa"",
  ""Techno"",
  ""World Rhythms""
]",2,iOS,Apple,Apple,"Iphone13,2",32,0,0,0,0,13,1
1307654,803fafda-9aaa-4047-94a4-1626d3a68186,2025-11-09,0,Monthly,App,Apple,,35-44,male,Japan,Rest of the World,APAC (excl. India),,"[
  ""Medium""
]",3,,,,"[
  ""Cumbia"",
  ""Merengue"",
  ""Salsa""
]",2,iOS,Apple,Apple,"Iphone18,1",0,0,0,0,0,14,1
3006296,d9377832-089e-456a-a1d9-dc895e64a543,2025-11-21,7,Annual,App,Apple,,,,Canada,"Canada, Great Britain & United States",North America,,"[
  ""Medium""
]",2,Beginner,lose weight and tone,,"[
  ""Pop"",
  ""R&B"",
  ""Reggae"",
  ""Salsa"",
  ""Soca""
]",2,iOS,Apple,Apple,"Iphone14,3",559,0,0,0,0,2,1
4284376,31423391-31e8-4518-9e6f-de2ea7df1749,2025-11-11,0,Monthly,Web,Stripe,,35-44,female,United States of America,"Canada, Great Britain & United States",North America,,"[
  ""Medium"",
  ""High""
]",4,Beginner,lose weight and tone,,"[
  ""Bachata"",
  ""Cumbia"",
  ""Hip Hop"",
  ""Pop"",
  ""Salsa""
]",2,iOS,Apple,Apple,"Iphone16,2",0,2,0,0,34.466666667,12,1
4279748,d052f54d-1309-4d95-bf6f-2252c357ff92,2025-11-16,7,Annual,Web,App to Web,,35-44,female,United States of America,"Canada, Great Britain & United States",North America,,"[
  ""Medium"",
  ""Low"",
  ""High""
]",3,Intermediate,lose weight and tone,,"[
  ""Afro Rhythms"",
  ""Brazilian Rhythms"",
  ""Caribbean Rhythms"",
  ""Electronic"",
  ""Merengue"",
  ""Pop"",
  ""Reggaeton"",
  ""Salsa"",
  ""Techno"",
  ""World Rhythms""
]",2,iOS,Apple,Apple,"Iphone17,1",7,0,0,0,0,7,1
4275708,3aa59400-5380-403d-83a9-dd2f6b410aae,2025-11-13,7,Annual,Web,Stripe,,45-54,female,United States of America,"Canada, Great Britain & United States",North America,,"[
  ""Low""
]",3,Beginner,reduce stress,,"[
  ""Afro Rhythms"",
  ""Brazilian Rhythms"",
  ""Caribbean Rhythms"",
  ""Cumbia"",
  ""Disco"",
  ""Hip Hop"",
  ""Merengue"",
  ""Pop"",
  ""Reggaeton"",
  ""Salsa""
]",2,iOS,Apple,Apple,"Iphone13,2",7,0,0,0,0,10,1
4268387,4f1ecee0-c08b-49a2-8984-a55c6a695487,2025-11-09,7,Annual,App,Apple,,18-24,female,Germany,Rest of the World,Europe,,"[
  ""Medium"",
  ""High""
]",3,Advanced,lose weight and tone,,"[
  ""Afro Rhythms"",
  ""Bachata"",
  ""Brazilian Rhythms"",
  ""Disco"",
  ""Hip Hop"",
  ""Pop"",
  ""Reggaeton"",
  ""Techno""
]",2,iOS,Apple,Apple,"Iphone17,4",7,0,0,0,0,14,1
4269319,3623d448-b129-47f4-ac9a-d2b17baeec4b,2025-11-10,7,Annual,Web,Stripe,,35-44,female,United Kingdom,"Canada, Great Britain & United States",Europe,,"[
  ""Medium""
]",2,Intermediate,Start my fitness journey,,"[
  ""Afro Rhythms"",
  ""Brazilian Rhythms"",
  ""Caribbean Rhythms"",
  ""Hip Hop"",
  ""Pop"",
  ""Reggaeton"",
  ""Salsa""
]",2,iOS,Apple,Apple,"Iphone14,7",7,2,1,0.9994,29.811111111,13,1
3443307,6f42a3ef-cda3-4c6c-93f3-8c174498e084,2025-11-10,7,Annual,App,Apple,,25-34,female,Ireland,Rest of the World,Europe,,"[
  ""Medium""
]",5,Intermediate,lose weight and tone,,"[
  ""Belly Dance"",
  ""Cumbia"",
  ""Hip Hop"",
  ""Merengue"",
  ""Pop"",
  ""Reggaeton"",
  ""Salsa""
]",2,iOS,Apple,Apple,"Iphone16,1",348,0,0,0,0,13,1
4296225,d15993ae-b25a-40cb-95c5-58d52e01e5e1,2025-11-18,0,Monthly,Web,App to Web,,35-44,female,United States of America,"Canada, Great Britain & United States",North America,,"[
  ""Medium""
]",3,Intermediate,lose weight and tone,,"[
  ""Afro Rhythms"",
  ""Electronic"",
  ""House"",
  ""Pop"",
  ""Techno""
]",2,iOS,Apple,Apple,"Iphone14,5",0,0,0,0,0,5,1
4287725,f8632463-8488-4989-bd5e-91d4ac186b3c,2025-11-13,0,Monthly,App,Apple,,35-44,female,Canada,"Canada, Great Britain & United States",North America,,"[
  ""Low""
]",4,Beginner,lose weight and tone,,"[
  ""Cumbia""
]",6,iOS,Apple,Apple,"Iphone15,3",0,10,2,0.04795,31.466666667,10,1
4272008,7476b864-890c-4ecd-a8b4-790d93a0195e,2025-11-11,7,Monthly,Web,Stripe,Strand,,,United States of America,"Canada, Great Britain & United States",North America,,,,,,,,,iOS,,,,,0,0,0,0,12,1
4286888,ee5aa146-ad39-41b9-93e4-23187016818c,2025-11-13,0,Annual,Web,App to Web,,35-44,female,United States of America,"Canada, Great Britain & United States",North America,,"[
  ""Low""
]",3,Beginner,lose weight and tone,,"[
  ""Bachata"",
  ""Brazilian Rhythms"",
  ""Caribbean Rhythms"",
  ""Disco"",
  ""House"",
  ""Pop"",
  ""Reggaeton"",
  ""World Rhythms""
]",2,iOS,Apple,Apple,"Iphone16,1",0,2,2,0.83765,35.016666667,10,1
2107241,198f269b-e105-4701-982d-cd00b82a03dc,2025-11-11,7,Annual,App,Google,,,,Belgium,Rest of the World,Europe,Virtual Classes,"[
  ""High""
]",,Advanced,,"[
  ""Tracking heart rate & calories with my watch"",
  ""New Music"",
  ""Receiving class reminders"",
  ""Learning dances""
]","[
  ""Bachata"",
  ""Merengue"",
  ""Pop"",
  ""R&B"",
  ""Salsa""
]",3.13.1,Android,Samsung,Samsung,Sm-G991b,588,0,0,0,0,12,1
4042803,9179ad3a-e9d9-4ba7-8786-b1606f1a8edb,2025-11-10,0,Monthly,Web,Stripe,,35-44,female,United States of America,"Canada, Great Britain & United States",North America,,"[
  ""Low""
]",3,Beginner,lose weight and tone,,"[
  ""Country"",
  ""Pop""
]",2,iOS,Apple,Apple,"Iphone12,5",46,2,2,0.99915,23.291666667,13,1
4274984,10d84eab-6b03-4e7f-b7df-5c07ed368d91,2025-11-13,7,Annual,Web,App to Web,,35-44,female,United States of America,"Canada, Great Britain & United States",North America,,"[
  ""Medium""
]",5,Intermediate,lose weight and tone,,"[
  ""Afro Rhythms"",
  ""Caribbean Rhythms"",
  ""Hip Hop"",
  ""Reggaeton""
]",2,iOS,Apple,Apple,"Iphone14,4",7,3,2,0.9987,30.813333333,10,1
4273720,c7fef657-ccc0-42c4-9b88-a73297fc932e,2025-11-12,7,Annual,Web,Stripe,,45-54,female,Peru,Rest of the World,LATAM,,"[
  ""Medium""
]",7,Beginner,reduce stress,,"[
  ""Afro Rhythms"",
  ""Cumbia"",
  ""Disco"",
  ""Merengue"",
  ""Salsa""
]",2,iOS,Apple,Apple,"Iphone13,3",7,5,4,0.99585,33.233333333,11,1
2518694,aba0a809-48fb-4442-8702-aaba5dedab81,2025-11-18,7,Annual,Web,Stripe,,,,United Kingdom,"Canada, Great Britain & United States",Europe,,,3,,,,,,iOS,,,,,0,0,0,0,5,1
4288416,ade5c6af-cf28-4f3e-a814-94574c4a0601,2025-11-21,7,Annual,App,Apple,,55-64,female,Sweden,Rest of the World,Europe,,"[
  ""Medium""
]",3,Intermediate,lose weight and tone,,"[
  ""Afro Rhythms"",
  ""Bachata"",
  ""Brazilian Rhythms"",
  ""Caribbean Rhythms"",
  ""Cumbia"",
  ""Merengue"",
  ""Reggaeton"",
  ""Salsa"",
  ""World Rhythms""
]",2,iOS,Apple,Apple,"Iphone14,5",7,0,0,0,0,2,1
4296132,315104a6-e200-4b3f-9b27-611588ac9c51,2025-11-18,0,Monthly,Web,Stripe,,55-64,female,United States of America,"Canada, Great Britain & United States",North America,,"[
  ""Medium""
]",3,Intermediate,lose weight and tone,,"[
  ""Disco"",
  ""Electronic"",
  ""House""
]",3.14.0,Android,Samsung,Samsung,Sm-S931u,0,5,3,0.8782,29.202083333,5,1
4280036,cf8cb5ac-5bbf-4d29-9a86-1014ef9ad14f,2025-11-16,7,Annual,App,Google,,25-34,female,France,Rest of the World,Europe,,"[
  ""Medium""
]",4,Intermediate,lose weight and tone,,"[
  ""Pop""
]",3.13.1,Android,Xiaomi,Redmi,24090ra29g,7,0,0,0,0,7,1
4268171,80ce8787-af14-4477-a829-95869337fed1,2025-11-09,7,Annual,App,Apple,,45-54,,United States of America,"Canada, Great Britain & United States",North America,,"[
  ""High""
]",3,Advanced,,,"[
  ""Afro Rhythms"",
  ""Bachata"",
  ""Brazilian Rhythms"",
  ""Caribbean Rhythms"",
  ""Cumbia"",
  ""Disco"",
  ""Merengue"",
  ""Pop"",
  ""Reggaeton"",
  ""Salsa"",
  ""World Rhythms""
]",2,iOS,Apple,Apple,"Iphone14,8",7,5,2,0.8531,27.307142857,14,1
4286335,0b41c03c-64a2-410f-90ec-9ebc030b10c3,2025-11-15,0,Monthly,Web,Stripe,,55-64,female,United States of America,"Canada, Great Britain & United States",North America,,"[
  ""Low""
]",2,Beginner,Have some fun,,"[
  ""Disco"",
  ""Pop"",
  ""World Rhythms""
]",6,iOS,Apple,Apple,"Iphone17,2",2,0,0,0,0,8,1
3936269,d885a644-641d-49a7-a667-079e416b79c7,2025-11-20,0,Monthly,Web,Stripe,,,,United States of America,"Canada, Great Britain & United States",North America,,"[
  ""Medium""
]",3,Beginner,lose weight and tone,,"[
  ""Bachata"",
  ""Country"",
  ""Disco"",
  ""Hip Hop"",
  ""Merengue"",
  ""Pop"",
  ""Salsa""
]",4,iOS,Apple,Apple,"Iphone14,3",189,1,0,0,31.883333333,3,1
4292939,4d4ae919-16f2-48ad-9da8-3c9ad23e7646,2025-11-16,0,Monthly,Web,App to Web,,35-44,female,United States of America,"Canada, Great Britain & United States",North America,,"[
  ""Medium""
]",3,Beginner,lose weight and tone,,"[
  ""Brazilian Rhythms"",
  ""Chill Out"",
  ""Disco"",
  ""Hip Hop"",
  ""House"",
  ""Merengue"",
  ""Pop"",
  ""Reggaeton"",
  ""Techno""
]",2,iOS,Apple,Apple,"Iphone15,3",0,4,3,0.9994333333,26.428571429,7,1
4285053,a259c305-4b89-4321-906b-23d90e1ca11b,2025-11-19,7,Annual,Web,Stripe,,25-34,female,United States of America,"Canada, Great Britain & United States",North America,,"[
  ""Medium""
]",3,Beginner,reduce stress,,"[
  ""Afro Rhythms"",
  ""Disco"",
  ""Pop"",
  ""Salsa""
]",2,iOS,Apple,Apple,"Iphone17,1",7,0,0,0,0,4,1
2813083,e59ce26f-0f16-4196-89d7-d8532ed46e41,2025-11-18,7,Annual,App,Apple,,,,Iran,Rest of the World,ME-A,In Person & Virtual Classes,"[
  ""Medium""
]",,Intermediate,,"[
  ""Following instructors"",
  ""Joining a supportive community"",
  ""New Music""
]","[
  ""Bachata"",
  ""Cumbia"",
  ""Hip Hop"",
  ""Merengue"",
  ""Reggaeton"",
  ""Salsa""
]",2,iOS,Apple,Apple,"Iphone14,5",669,0,0,0,0,1,1
2659411,5378a455-eee7-4ae3-b5c0-62ef56df6a9c,2025-11-21,0,Monthly,Web,App to Web,,55-64,female,United States of America,"Canada, Great Britain & United States",North America,,"[
  ""Medium""
]",5,Advanced,Have some fun,,"[
  ""Afro Rhythms"",
  ""Bachata"",
  ""Brazilian Rhythms"",
  ""Hip Hop"",
  ""Merengue"",
  ""Pop"",
  ""Reggaeton"",
  ""Salsa""
]",6,iOS,Apple,Apple,"Iphone12,1",0,1,1,0.9997,49.966666667,2,1
4291830,2c580999-56c4-4f0f-a6fe-9242df0cb964,2025-11-23,7,Annual,App,Google,,,,United States of America,"Canada, Great Britain & United States",North America,,"[
  ""Medium""
]",3,Beginner,Start my fitness journey,,[],3.14.0,Android,Samsung,Samsung,Sm-G986u1,7,0,0,0,0,0,1
4302142,42f36a85-faf0-43dd-b048-9f7554ba64cd,2025-11-22,0,Monthly,Web,Stripe,,45-54,female,Hungary,Rest of the World,Europe,,"[
  ""Medium""
]",4,Beginner,lose weight and tone,,"[
  ""Brazilian Rhythms"",
  ""Caribbean Rhythms"",
  ""Chill Out"",
  ""Cumbia"",
  ""Disco"",
  ""Hip Hop"",
  ""Merengue"",
  ""Pop"",
  ""Salsa"",
  ""World Rhythms""
]",3.14.0,Android,Xiaomi,Redmi,M2101k6g,0,6,4,0.273825,32.893333333,1,1
4176968,e1f8be7e-0acd-4ffc-82c4-7a98c5ed61ab,2025-11-22,7,Annual,Web,Stripe,Rejoin,65+,female,United States of America,"Canada, Great Britain & United States",North America,,"[
  ""Medium""
]",3,Intermediate,lose weight and tone,,"[
  ""Bachata"",
  ""Cumbia"",
  ""Merengue"",
  ""Salsa""
]",2,iOS,Apple,Apple,"Iphone14,5",68,0,0,0,0,1,1
4242500,be586764-1007-436f-a85b-b8258351fac9,2025-11-23,7,Annual,Web,Stripe,,25-34,female,United States of America,"Canada, Great Britain & United States",North America,,"[
  ""Medium""
]",3,Intermediate,lose weight and tone,,"[
  ""Brazilian Rhythms"",
  ""Hip Hop"",
  ""House""
]",6,iOS,Apple,Apple,"Iphone17,3",7,0,0,0,0,0,1
4303231,9c0f8da7-911a-4ebb-bb00-2d75c303abfb,2025-11-23,0,Monthly,Web,Stripe,,45-54,female,Greece,Rest of the World,Europe,,"[
  ""Medium""
]",4,Intermediate,lose weight and tone,,"[
  ""Bachata"",
  ""Brazilian Rhythms"",
  ""Caribbean Rhythms"",
  ""Chill Out"",
  ""Disco"",
  ""Hip Hop"",
  ""House"",
  ""Pop"",
  ""Techno"",
  ""World Rhythms""
]",3.14.0,Android,Motorola,Motorola,Moto E22,0,1,1,0.9964,13.916666667,0,1
4302038,aa51a6d8-3a2c-4b07-a927-12aacbb1573f,2025-11-22,0,Monthly,App,Google,,45-54,female,Bulgaria,Rest of the World,Europe,,"[
  ""Low""
]",,Beginner,lose weight and tone,,"[
  ""Afro Rhythms"",
  ""Bachata"",
  ""Brazilian Rhythms"",
  ""Caribbean Rhythms"",
  ""Chill Out"",
  ""Cumbia"",
  ""Disco"",
  ""Electronic"",
  ""Hip Hop"",
  ""House"",
  ""Merengue"",
  ""Pop"",
  ""Reggaeton"",
  ""Salsa"",
  ""Techno"",
  ""World Rhythms""
]",3.14.0,Android,Samsung,Samsung,Sm-S926b,0,1,1,0.9988,13.916666667,1,1
4290821,1e236f7d-8f9e-42dc-b0b6-626861f2a912,2025-11-22,7,Annual,Web,Stripe,,35-44,female,United States of America,"Canada, Great Britain & United States",North America,,"[
  ""High""
]",5,Advanced,lose weight and tone,,"[
  ""Afro Rhythms"",
  ""Bachata"",
  ""Brazilian Rhythms"",
  ""Caribbean Rhythms"",
  ""Cumbia"",
  ""Electronic"",
  ""Merengue"",
  ""Reggaeton"",
  ""Salsa"",
  ""World Rhythms""
]",3.14.0,Android,Samsung,Samsung,Sm-S918u1,7,3,2,0.8388,35.306666667,1,1
4303185,9a650200-af29-4cdf-8724-356625c1a71e,2025-11-23,0,Monthly,Web,Stripe,,25-34,female,Slovakia,Rest of the World,Europe,,"[
  ""Medium""
]",3,Intermediate,Start my fitness journey,,"[
  ""Bachata"",
  ""Brazilian Rhythms"",
  ""Salsa""
]",3.14.0,Android,Motorola,Motorola,Moto G13,0,4,1,0.9501,35.926666667,0,1
4230408,329f349f-3e59-49f8-9cf8-434b2c8a9a0f,2025-11-23,7,Annual,App,Apple,,25-34,female,Switzerland,Rest of the World,Europe,,"[
  ""High""
]",3,Advanced,lose weight and tone,,"[
  ""House"",
  ""Pop"",
  ""Reggaeton""
]",2,iOS,Apple,Apple,"Iphone17,3",45,0,0,0,0,0,1
2602702,15a2e41a-5714-4f8f-a5eb-318bb1f8e1d9,2025-11-23,7,Annual,Web,Stripe,,45-54,female,United States of America,"Canada, Great Britain & United States",North America,,"[
  ""Medium""
]",3,Intermediate,lose weight and tone,,"[
  ""Afro Rhythms"",
  ""Bachata"",
  ""Caribbean Rhythms"",
  ""Cumbia"",
  ""Merengue"",
  ""Pop"",
  ""Salsa""
]",2,iOS,Apple,Apple,"Iphone17,2",7,0,0,0,0,0,1
4270232,304a0a3f-cb48-448d-9725-08415b4655cd,2025-11-23,7,Annual,App,Google,,25-34,female,Spain,Rest of the World,Europe,,"[
  ""Medium""
]",,Beginner,lose weight and tone,,"[
  ""Bachata"",
  ""Brazilian Rhythms"",
  ""Caribbean Rhythms"",
  ""Cumbia"",
  ""Merengue"",
  ""Salsa"",
  ""World Rhythms""
]",3.13.1,Android,Xiaomi,Xiaomi,25069ptebg,20,0,0,0,0,0,1
4291210,d953d600-b37d-4454-acf0-8085545f4f65,2025-11-23,7,Annual,Web,Stripe,,35-44,female,United Kingdom,"Canada, Great Britain & United States",Europe,,"[
  ""Medium""
]",3,Intermediate,lose weight and tone,,"[
  ""Bachata"",
  ""Disco"",
  ""Hip Hop"",
  ""Merengue"",
  ""Pop"",
  ""Salsa"",
  ""World Rhythms""
]",2,iOS,Apple,Apple,"Iphone14,4",7,0,0,0,0,0,1
4303069,48714730-f63a-4e8f-9c8e-5fd2b909df5b,2025-11-23,0,Monthly,Web,Stripe,,35-44,female,United States of America,"Canada, Great Britain & United States",North America,,"[
  ""High""
]",4,Beginner,lose weight and tone,,"[
  ""Caribbean Rhythms"",
  ""Hip Hop"",
  ""Reggaeton""
]",6,iOS,Apple,Apple,"Ipad15,8",0,4,2,0.99975,30.238888889,0,1
4282951,9253d5b6-7bef-430a-a88c-310c7cec1c77,2025-11-11,0,Monthly,Web,Stripe,,25-34,female,United Kingdom,"Canada, Great Britain & United States",Europe,,"[
  ""Medium""
]",4,Intermediate,lose weight and tone,,"[
  ""Afro Rhythms"",
  ""Bachata"",
  ""Caribbean Rhythms"",
  ""Cumbia"",
  ""Disco"",
  ""House"",
  ""Pop"",
  ""Reggaeton"",
  ""Salsa""
]",3.13.1,Android,Samsung,Samsung,Sm-S921b,0,5,3,0.8876333333,14.225,12,1
3241016,ef9cac1c-5258-429f-8625-9c77194e5aa1,2025-11-15,0,Monthly,App,Apple,,,,Canada,"Canada, Great Britain & United States",North America,,"[
  ""Medium""
]",4,Beginner,lose weight and tone,,"[
  ""Afrobeats"",
  ""Bachata"",
  ""Belly Dance"",
  ""Country"",
  ""Merengue"",
  ""Pop"",
  ""Reggae"",
  ""Reggaeton"",
  ""Salsa""
]",2,iOS,Apple,Apple,"Iphone13,2",446,0,0,0,0,8,1
4268010,e2ce1efd-064a-46d3-88d1-880ef0892236,2025-11-09,7,Annual,Web,App to Web,,,,United States of America,"Canada, Great Britain & United States",North America,,,,,,,,2,iOS,Apple,Apple,"Iphone16,2",7,0,0,0,0,14,1
4274678,fd372522-6472-4dfc-838f-86134f273b8c,2025-11-13,7,Annual,App,Apple,,25-34,female,Brazil,Rest of the World,LATAM,,"[
  ""Medium""
]",2,Intermediate,lose weight and tone,,"[
  ""Brazilian Rhythms"",
  ""Caribbean Rhythms"",
  ""Cumbia"",
  ""Merengue"",
  ""Pop"",
  ""Reggaeton"",
  ""Salsa""
]",2,iOS,Apple,Apple,"Iphone12,1",7,4,4,0.999075,30.491666667,10,1
4287356,38b358cb-830d-4be3-b84b-945434a4718b,2025-11-13,0,Monthly,Web,Stripe,,35-44,female,United States of America,"Canada, Great Britain & United States",North America,,"[
  ""Medium""
]",3,Beginner,lose weight and tone,,"[
  ""Chill Out"",
  ""Hip Hop"",
  ""Pop""
]",2,iOS,Apple,Apple,"Iphone15,3",0,4,3,0.4896333333,26.854761905,10,1
4258212,25244c48-a038-4e61-8cba-c536a25bacc5,2025-11-12,7,Annual,Web,Stripe,Rejoin,45-54,female,Austria,Rest of the World,Europe,,"[
  ""High""
]",3,Advanced,reduce stress,,"[
  ""Afro Rhythms"",
  ""Bachata"",
  ""Brazilian Rhythms"",
  ""Caribbean Rhythms"",
  ""Disco"",
  ""Electronic"",
  ""Merengue"",
  ""Pop"",
  ""Reggaeton"",
  ""Salsa"",
  ""World Rhythms""
]",,iOS,,,,,0,0,0,0,11,1
4287945,ceb5a7b2-71a5-4997-976a-c50efeec5241,2025-11-13,0,Monthly,App,Apple,,45-54,female,United States of America,"Canada, Great Britain & United States",North America,,"[
  ""Medium""
]",3,Beginner,lose weight and tone,,"[
  ""Caribbean Rhythms"",
  ""Disco"",
  ""Hip Hop"",
  ""Merengue"",
  ""Pop"",
  ""Reggaeton"",
  ""Salsa""
]",2,iOS,Apple,Apple,"Iphone16,2",0,0,0,0,0,10,1
4286318,e3bd887b-b8bb-4277-88e9-c9d6d79432d4,2025-11-19,7,Annual,App,Apple,,55-64,female,Germany,Rest of the World,Europe,,"[
  ""Medium""
]",3,Intermediate,lose weight and tone,,"[
  ""Afro Rhythms"",
  ""Bachata"",
  ""Brazilian Rhythms"",
  ""Caribbean Rhythms"",
  ""Cumbia"",
  ""Hip Hop"",
  ""Merengue"",
  ""Pop"",
  ""Salsa""
]",2,iOS,Apple,Apple,"Iphone11,8",7,1,1,1,30.866666667,4,1
4278401,ff1e0f9c-852a-4503-95b8-15bfe771f4e8,2025-11-15,7,Annual,Web,Stripe,,45-54,female,United States of America,"Canada, Great Britain & United States",North America,,"[
  ""Medium""
]",3,Beginner,lose weight and tone,,"[
  ""Disco"",
  ""House"",
  ""Pop""
]",,iOS,,,,,0,0,0,0,8,1
4278187,f8469f93-3d71-4327-857d-f1b0ab598a83,2025-11-18,7,Annual,Web,App to Web,,45-54,female,United States of America,"Canada, Great Britain & United States",North America,,"[
  ""Low"",
  ""Medium""
]",3,Beginner,lose weight and tone,,"[
  ""Hip Hop""
]",2,iOS,Apple,Apple,"Iphone14,8",7,0,0,0,0,5,1
4280754,4d2217ce-8cb5-4f2d-920c-59163df8dd6c,2025-11-09,0,Monthly,Web,Stripe,,45-54,female,United States of America,"Canada, Great Britain & United States",North America,,"[
  ""High""
]",3,Advanced,lose weight and tone,,"[
  ""Pop""
]",,Android,,,,,0,0,0,0,14,1
4289127,b2104678-b6d0-4f33-b06a-ea9d50fe43b5,2025-11-21,7,Annual,Web,Stripe,,35-44,female,United States of America,"Canada, Great Britain & United States",North America,,"[
  ""Medium""
]",3,Intermediate,Have some fun,,"[
  ""Bachata"",
  ""Brazilian Rhythms"",
  ""Cumbia"",
  ""Disco"",
  ""Hip Hop"",
  ""House"",
  ""Merengue"",
  ""Pop"",
  ""Reggaeton"",
  ""Salsa"",
  ""Techno""
]",,,,,,,0,0,0,0,2,1
4282958,b285d9d3-3fe3-453d-906d-ce0b6802b583,2025-11-18,7,Annual,App,Apple,,35-44,female,Taiwan (Province of China),Rest of the World,APAC (excl. India),,"[
  ""Medium"",
  ""High"",
  ""Low""
]",3,Advanced,Have some fun,,"[
  ""Afro Rhythms"",
  ""Bachata"",
  ""Brazilian Rhythms"",
  ""Caribbean Rhythms"",
  ""Cumbia"",
  ""Hip Hop"",
  ""House"",
  ""Merengue"",
  ""Reggaeton"",
  ""Salsa""
]",6,iOS,Apple,Apple,"Iphone14,7",7,2,0,0,49.158333333,5,1
4286094,9fb6fc54-eb69-4823-b93d-8acfd2e8a945,2025-11-19,7,Annual,Web,Stripe,,35-44,female,United States of America,"Canada, Great Britain & United States",North America,,"[
  ""Medium""
]",3,Beginner,lose weight and tone,,"[
  ""Afro Rhythms"",
  ""Bachata"",
  ""Brazilian Rhythms"",
  ""Caribbean Rhythms"",
  ""Cumbia"",
  ""Hip Hop"",
  ""House"",
  ""Merengue"",
  ""Pop"",
  ""Salsa""
]",2,iOS,Apple,Apple,"Iphone13,2",7,1,0,0,32.833333333,4,1
4285459,7dd70bfe-6967-4be2-988b-0defe345809a,2025-11-20,7,Annual,Web,Stripe,,,,United States of America,"Canada, Great Britain & United States",North America,,,,,,,,,iOS,,,,,0,0,0,0,3,1
4299397,4439c77b-5dc3-499f-aab8-bc5deacde874,2025-11-20,0,Monthly,App,Apple,,35-44,female,United States of America,"Canada, Great Britain & United States",North America,,"[
  ""Medium""
]",4,Beginner,lose weight and tone,,"[
  ""Cumbia"",
  ""Hip Hop"",
  ""Pop"",
  ""Reggaeton"",
  ""Salsa""
]",6,iOS,Apple,Apple,"Iphone17,2",0,1,1,0.9982,55.266666667,3,1
4275828,aa74aaf1-f5df-4056-b675-41b0f4c55624,2025-11-13,7,Annual,Web,App to Web,,35-44,female,United States of America,"Canada, Great Britain & United States",North America,,"[
  ""Medium""
]",3,Beginner,lose weight and tone,,"[
  ""Brazilian Rhythms"",
  ""Caribbean Rhythms"",
  ""House"",
  ""Pop"",
  ""Reggaeton"",
  ""Salsa""
]",2,iOS,Apple,Apple,"Iphone15,2",7,2,1,0.9939,29.683333333,10,1
4229469,6b626654-099e-47d6-8df6-df374e7a86a4,2025-11-08,7,Annual,Web,App to Web,,65+,female,United States of America,"Canada, Great Britain & United States",North America,,"[
  ""Medium""
]",3,Intermediate,lose weight and tone,,"[
  ""Caribbean Rhythms"",
  ""Pop""
]",2,iOS,Apple,Apple,"Iphone11,8",31,1,1,0.6391,32.416666667,15,1
4289149,af152448-3128-4896-ac7d-74a9aeba684b,2025-11-14,0,Monthly,Web,App to Web,,45-54,female,United States of America,"Canada, Great Britain & United States",North America,,"[
  ""Medium""
]",3,Beginner,Have some fun,,"[
  ""Caribbean Rhythms"",
  ""Hip Hop"",
  ""Pop""
]",2,iOS,Apple,Apple,"Iphone17,2",0,0,0,0,0,9,1
4274985,8b3726e6-8525-45ed-8f18-c2a0fd746931,2025-11-13,7,Annual,App,Google,,45-54,female,United States of America,"Canada, Great Britain & United States",North America,,"[
  ""Low""
]",3,Beginner,lose weight and tone,,"[
  ""Disco"",
  ""Pop"",
  ""Salsa""
]",,Android,,,,,0,0,0,0,10,1
4272755,c0080b43-5fae-4d2f-ac66-5a8ef6f325f6,2025-11-12,7,Annual,Web,Stripe,,45-54,female,United States of America,"Canada, Great Britain & United States",North America,,"[
  ""Medium""
]",3,Beginner,Start my fitness journey,,"[
  ""Caribbean Rhythms"",
  ""Cumbia"",
  ""Merengue"",
  ""Salsa""
]",2,iOS,Apple,Apple,"Iphone18,2",7,1,1,1,27.8,11,1
4280602,5f30aae1-fd5f-4551-b08b-b896bb1df0a1,2025-11-17,7,Annual,Web,App to Web,,35-44,female,United States of America,"Canada, Great Britain & United States",North America,,"[
  ""Medium""
]",3,Beginner,Start my fitness journey,,"[
  ""Cumbia"",
  ""Merengue"",
  ""Pop"",
  ""Salsa""
]",2,iOS,Apple,Apple,"Iphone16,1",8,3,1,0.3939,47.983333333,6,1
4288129,3ee23fc2-8eff-4aff-bc14-27fea3c392e4,2025-11-14,0,Monthly,Web,Stripe,,25-34,female,United Kingdom,"Canada, Great Britain & United States",Europe,,"[
  ""Medium"",
  ""High""
]",3,Intermediate,lose weight and tone,,"[
  ""Afro Rhythms"",
  ""Bachata"",
  ""Brazilian Rhythms"",
  ""Caribbean Rhythms"",
  ""Electronic"",
  ""Hip Hop"",
  ""House"",
  ""Pop"",
  ""Reggaeton"",
  ""World Rhythms""
]",3.13.1,Android,Samsung,Samsung,Sm-S931b,0,0,0,0,0,9,1
4270380,c1f39f38-5ac9-4c57-918a-928ce7b919b4,2025-11-18,0,Monthly,App,Apple,,35-44,female,United States of America,"Canada, Great Britain & United States",North America,,"[
  ""Medium""
]",3,Beginner,lose weight and tone,,"[
  ""Hip Hop"",
  ""House"",
  ""Pop"",
  ""World Rhythms""
]",2,iOS,Apple,Apple,"Iphone14,3",15,2,2,1,19.775,5,1
4282538,2e65667b-b771-47ec-a232-f1390dc3f735,2025-11-10,0,Monthly,Web,App to Web,,55-64,female,United States of America,"Canada, Great Britain & United States",North America,,"[
  ""Low""
]",3,Beginner,reduce stress,,"[
  ""Bachata"",
  ""Caribbean Rhythms"",
  ""House"",
  ""Merengue"",
  ""Pop"",
  ""Salsa"",
  ""Techno""
]",2,iOS,Apple,Apple,"Iphone14,2",0,2,0,0,13.916666667,13,1
4279650,29068c12-78db-43fa-a0ec-d73a5ed89f8c,2025-11-16,7,Annual,App,Apple,,45-54,female,Germany,Rest of the World,Europe,,"[
  ""Medium""
]",2,Intermediate,lose weight and tone,,"[
  ""Disco"",
  ""Electronic"",
  ""Hip Hop"",
  ""Pop"",
  ""Techno""
]",3.13.1,Android,Lenovo,Lenovo,Tb370fu,7,0,0,0,0,7,1
4290536,887974e4-ff5e-48d6-adc8-a4040fde64ee,2025-11-15,0,Monthly,Web,App to Web,,65+,female,United States of America,"Canada, Great Britain & United States",North America,,"[
  ""Low""
]",3,Beginner,lose weight and tone,,"[
  ""Afro Rhythms"",
  ""Brazilian Rhythms"",
  ""Caribbean Rhythms"",
  ""Salsa""
]",6,iOS,Apple,Apple,"Iphone14,2",0,1,1,0.2216,13.916666667,8,1
4270190,172b89a8-0f73-4b2f-9876-320373fec9f4,2025-11-12,0,Annual,Web,Stripe,,25-34,female,Belgium,Rest of the World,Europe,,"[
  ""Medium""
]",3,Beginner,lose weight and tone,,"[
  ""Cumbia"",
  ""Disco"",
  ""Hip Hop"",
  ""House"",
  ""Pop"",
  ""Salsa""
]",3.13.1,Android,Oneplus,Oneplus,Cph2581,9,1,1,0.9995,31.25,11,1
4282319,f31d73af-0038-40ad-ac33-cc7a7fe2688c,2025-11-10,0,Monthly,Web,Stripe,,45-54,female,United States of America,"Canada, Great Britain & United States",North America,,"[
  ""Medium""
]",4,Beginner,lose weight and tone,,"[
  ""Caribbean Rhythms"",
  ""Cumbia"",
  ""Disco"",
  ""Electronic"",
  ""Hip Hop"",
  ""Merengue"",
  ""Pop"",
  ""Salsa"",
  ""Techno""
]",2,iOS,Apple,Apple,"Iphone12,5",0,2,0,0,31.216666667,13,1
1899644,ef866811-19aa-4637-8281-8b2197723a81,2025-11-10,0,Annual,Web,Stripe,,25-34,female,United States of America,"Canada, Great Britain & United States",North America,,"[
  ""Medium""
]",2,Advanced,reduce stress,,"[
  ""Afrobeats"",
  ""Alternative"",
  ""Country"",
  ""Cumbia"",
  ""Hip Hop"",
  ""K-Pop"",
  ""Other"",
  ""R&B"",
  ""Reggae"",
  ""Soca""
]",3.14.0,Android,Samsung,Samsung,Sm-G975u,0,6,4,0.819775,35.976666667,13,1
4282005,315f4ad2-ce66-47c4-9bad-c122591e4c56,2025-11-17,7,Annual,Web,App to Web,,,,United States of America,"Canada, Great Britain & United States",North America,,"[
  ""Medium""
]",5,Intermediate,,,"[
  ""Brazilian Rhythms"",
  ""Pop"",
  ""Reggaeton"",
  ""World Rhythms""
]",2,iOS,Apple,Apple,"Iphone15,5",7,0,0,0,0,6,1
4283585,3354d9ae-d120-437d-812c-bca12d079744,2025-11-12,0,Monthly,App,Google,,25-34,female,Germany,Rest of the World,Europe,,"[
  ""Medium"",
  ""High""
]",,Intermediate,lose weight and tone,,"[
  ""Brazilian Rhythms"",
  ""Caribbean Rhythms"",
  ""Chill Out"",
  ""Disco"",
  ""Electronic"",
  ""Hip Hop"",
  ""House"",
  ""Pop"",
  ""Reggaeton"",
  ""Salsa"",
  ""Techno"",
  ""World Rhythms""
]",3.13.1,Android,Xiaomi,Xiaomi,2211133g,3,2,0,0,41.191666667,11,1
4275232,aa1c995e-5b2a-49dd-a425-338fa1b088c0,2025-11-13,7,Annual,Web,Stripe,Strand,25-34,female,United States of America,"Canada, Great Britain & United States",North America,,"[
  ""Low"",
  ""Medium"",
  ""High""
]",3,Beginner,lose weight and tone,,"[
  ""Afro Rhythms"",
  ""Bachata"",
  ""Brazilian Rhythms"",
  ""Caribbean Rhythms"",
  ""Chill Out"",
  ""Cumbia"",
  ""Disco"",
  ""Electronic"",
  ""Hip Hop"",
  ""House"",
  ""Merengue"",
  ""Pop"",
  ""Reggaeton"",
  ""Salsa"",
  ""Techno"",
  ""World Rhythms""
]",2,iOS,Apple,Apple,"Iphone14,7",7,3,2,1,28.796666667,10,1
4293484,e77c425f-4b58-49e7-9cb0-811d08ff52ef,2025-11-17,0,Annual,Web,App to Web,,45-54,female,United States of America,"Canada, Great Britain & United States",North America,,"[
  ""Medium"",
  ""High""
]",3,Intermediate,Have some fun,,"[
  ""Caribbean Rhythms"",
  ""Disco"",
  ""Hip Hop"",
  ""House"",
  ""Pop"",
  ""Salsa"",
  ""Techno"",
  ""World Rhythms""
]",6,iOS,Apple,Apple,"Iphone17,2",0,7,4,1,11.110606061,6,1
4294897,1da926b6-ba3c-47f8-b1dd-6a7f533e17db,2025-11-18,0,Annual,Web,App to Web,,35-44,female,United States of America,"Canada, Great Britain & United States",North America,,"[
  ""Medium""
]",3,Beginner,lose weight and tone,,"[
  ""Pop""
]",2,iOS,Apple,Apple,"Iphone17,1",0,5,4,0.46555,17.101851852,5,1
4279465,17ae9365-5731-45d5-ab09-f9d6d45d6593,2025-11-16,7,Monthly,App,Apple,,55-64,female,United Kingdom,"Canada, Great Britain & United States",Europe,,"[
  ""Low"",
  ""Medium""
]",3,Intermediate,lose weight and tone,,"[
  ""Afro Rhythms"",
  ""Bachata"",
  ""Brazilian Rhythms"",
  ""Caribbean Rhythms"",
  ""Cumbia"",
  ""Merengue"",
  ""Reggaeton"",
  ""Salsa""
]",2,iOS,Apple,Apple,"Iphone18,1",7,0,0,0,0,7,1
4296616,575e5fb5-2f9b-4049-8740-537fd460cbe4,2025-11-18,0,Monthly,Web,Stripe,,25-34,female,United States of America,"Canada, Great Britain & United States",North America,,"[
  ""Medium""
]",3,Beginner,lose weight and tone,,"[
  ""Bachata"",
  ""Caribbean Rhythms"",
  ""Hip Hop"",
  ""House"",
  ""Pop""
]",,iOS,,,,,0,0,0,0,5,1
2522451,49375f81-7324-4bb0-8e10-0cbb4293703b,2025-11-22,2,Monthly,App,Apple,,,,United Kingdom,"Canada, Great Britain & United States",Europe,Virtual Classes,"[
  ""Low""
]",2,Beginner,lose weight and tone,"[
  ""Following instructors"",
  ""Earning Badges"",
  ""Joining a supportive community"",
  ""Taking classes at home"",
  ""Tracking activity streaks"",
  ""Learning dances""
]","[
  ""Belly Dance"",
  ""Bhangra"",
  ""Bollywood"",
  ""Country"",
  ""Disco"",
  ""Funk"",
  ""Hip Hop"",
  ""Pop"",
  ""R&B"",
  ""Reggae"",
  ""Reggaeton"",
  ""Salsa""
]",2,iOS,Apple,Apple,"Iphone12,8",608,0,0,0,0,1,1
4230041,04eec55f-98d5-41fa-8b3c-054690eb246e,2025-11-17,0,Monthly,Web,Stripe,,45-54,female,Greece,Rest of the World,Europe,,"[
  ""Low""
]",3,Beginner,lose weight and tone,,"[
  ""Bachata"",
  ""Disco"",
  ""Salsa""
]",3.14.0,Android,Oneplus,Oneplus,Cph2653,15,5,5,0.68024,27.683333333,6,1
3082492,433ff0dd-c37f-466f-a894-597d61594336,2025-11-20,7,Monthly,App,Apple,,,,Italy,Rest of the World,Europe,,"[
  ""High""
]",4,Beginner,reduce stress,,"[
  ""Afrobeats"",
  ""Alternative"",
  ""Bachata"",
  ""Belly Dance"",
  ""Bhangra"",
  ""Blues"",
  ""Bollywood"",
  ""Broadway"",
  ""Country"",
  ""Cumbia"",
  ""Disco"",
  ""Funk"",
  ""Hip Hop"",
  ""House"",
  ""K-Pop"",
  ""Merengue"",
  ""Pop"",
  ""R&B"",
  ""Reggae"",
  ""Reggaeton"",
  ""Salsa"",
  ""Soca""
]",2,iOS,Apple,Apple,"Iphone15,2",518,1,1,1,49.9,3,1
1194028,7432e41d-9149-4dfc-9099-7c166e874849,2025-11-21,7,Annual,Web,App to Web,,55-64,female,United States of America,"Canada, Great Britain & United States",North America,,"[
  ""Medium""
]",2,Beginner,lose weight and tone,,"[
  ""Bachata"",
  ""House"",
  ""Merengue"",
  ""Salsa""
]",6,iOS,Apple,Apple,"Iphone17,2",194,0,0,0,0,2,1
4290838,d9c8f10e-e306-416f-b951-18e529667f6d,2025-11-22,7,Annual,Web,Stripe,,35-44,female,United States of America,"Canada, Great Britain & United States",North America,,"[
  ""Low"",
  ""Medium""
]",3,Beginner,Start my fitness journey,,"[
  ""Bachata"",
  ""Disco"",
  ""Merengue"",
  ""Pop"",
  ""Salsa"",
  ""World Rhythms""
]",2,iOS,Apple,Apple,"Iphone14,5",7,0,0,0,0,1,1
4286950,8974ea90-4b94-47b3-b679-631696b6a99c,2025-11-20,7,Annual,App,Google,,25-34,female,Italy,Rest of the World,Europe,,"[
  ""Medium""
]",,Beginner,lose weight and tone,,"[
  ""Bachata"",
  ""Brazilian Rhythms"",
  ""Cumbia"",
  ""Disco"",
  ""Pop"",
  ""Reggaeton""
]",3.14.0,Android,Samsung,Samsung,Sm-S928b,7,4,3,0.7073,30.985714286,3,1
3470995,87c5b4b7-a91c-42f2-a7cc-5890fcd18212,2025-11-15,0,Monthly,Web,App to Web,,25-34,female,United States of America,"Canada, Great Britain & United States",North America,,"[
  ""Medium""
]",5,Beginner,lose weight and tone,,"[
  ""Hip Hop"",
  ""Pop""
]",2,iOS,Apple,Apple,"Iphone17,2",0,0,0,0,0,8,1
4286852,eff28799-3317-4eb0-8379-0d3aeabed844,2025-11-13,0,Monthly,Web,Stripe,,,female,United Kingdom,"Canada, Great Britain & United States",Europe,,,,,Have some fun,,,3.13.1,Android,Samsung,Samsung,Sm-S711b,0,1,1,0.9988,13.916666667,10,1
4276060,5a30647a-1775-443f-bcad-b8b4e741db78,2025-11-16,7,Annual,Web,Stripe,,,,United States of America,"Canada, Great Britain & United States",North America,,"[
  ""Low""
]",3,Beginner,lose weight and tone,,"[
  ""Disco""
]",2,iOS,Apple,Apple,"Iphone13,2",7,1,0,0,32.416666667,7,1
4283625,d1ff6b29-ae78-4ca0-a074-ee99a09b1e16,2025-11-11,0,Monthly,Web,App to Web,,55-64,,United States of America,"Canada, Great Britain & United States",North America,,"[
  ""Medium"",
  ""Low""
]",3,,lose weight and tone,,,2,iOS,Apple,Apple,"Iphone15,2",0,5,3,0.6406666667,23.170833333,12,1
4294534,7a4ec81e-c101-4ba0-89ac-e9fb12f2a198,2025-11-17,0,Monthly,Web,App to Web,,35-44,female,United States of America,"Canada, Great Britain & United States",North America,,"[
  ""Low""
]",3,Beginner,Start my fitness journey,,"[
  ""Brazilian Rhythms"",
  ""Caribbean Rhythms"",
  ""Chill Out"",
  ""Disco"",
  ""Electronic"",
  ""Hip Hop"",
  ""House"",
  ""Merengue"",
  ""Pop"",
  ""Salsa"",
  ""Techno""
]",2,iOS,Apple,Apple,"Iphone18,1",0,5,3,0.3333333333,14.327083333,6,1
4268167,5f48105a-9514-4c50-ba8d-de4d5c1416c8,2025-11-09,7,Annual,Web,Stripe,,35-44,female,United States of America,"Canada, Great Britain & United States",North America,,"[
  ""Medium""
]",3,Intermediate,lose weight and tone,,"[
  ""Afro Rhythms"",
  ""Bachata"",
  ""Brazilian Rhythms"",
  ""Caribbean Rhythms"",
  ""Cumbia"",
  ""Disco"",
  ""Hip Hop"",
  ""Merengue"",
  ""Pop"",
  ""Reggaeton"",
  ""Salsa"",
  ""World Rhythms""
]",2,iOS,Apple,Apple,"Iphone14,7",7,8,8,0.9727875,29.991666667,14,1
4263345,5aec05f1-c636-4bce-896f-f232a91f7e2a,2025-11-15,7,Annual,Web,App to Web,,25-34,female,United States of America,"Canada, Great Britain & United States",North America,,"[
  ""Medium""
]",3,Intermediate,lose weight and tone,,"[
  ""Afro Rhythms"",
  ""Bachata"",
  ""Brazilian Rhythms"",
  ""Caribbean Rhythms"",
  ""Chill Out"",
  ""Cumbia"",
  ""Hip Hop"",
  ""Merengue"",
  ""Pop"",
  ""Reggaeton"",
  ""Salsa""
]",6,iOS,Apple,Apple,"Iphone13,4",16,0,0,0,0,8,1
4174630,72600ef5-2899-4c1f-9273-5c771c3b4187,2025-11-16,0,Monthly,App,App to Web,,,,United States of America,"Canada, Great Britain & United States",North America,,,3,,,,,6,iOS,Apple,Apple,"Iphone17,1",68,3,3,0.6207333333,21.666666667,7,1
4281546,907fa8ef-0f9f-4f56-bb5d-1ae84822a951,2025-11-17,7,Annual,Web,Stripe,,25-34,female,United States of America,"Canada, Great Britain & United States",North America,,"[
  ""Medium""
]",3,Beginner,lose weight and tone,,"[
  ""Electronic"",
  ""Hip Hop"",
  ""Pop""
]",2,iOS,Apple,Apple,"Iphone17,2",7,0,0,0,0,6,1
4287713,7731d0bb-3619-4651-8e34-bc1abf057680,2025-11-13,0,Monthly,App,Apple,,45-54,female,United States of America,"Canada, Great Britain & United States",North America,,"[
  ""Medium""
]",3,Beginner,Start my fitness journey,,"[
  ""Caribbean Rhythms"",
  ""Disco"",
  ""Electronic"",
  ""Hip Hop"",
  ""Merengue"",
  ""Pop"",
  ""Salsa"",
  ""Techno"",
  ""World Rhythms""
]",2,iOS,Apple,Apple,"Iphone13,4",0,0,0,0,0,10,1
4289652,7e0b983f-70d0-4713-a7fa-a76a3d9d706f,2025-11-15,0,Monthly,Web,App to Web,,25-34,female,United States of America,"Canada, Great Britain & United States",North America,,"[
  ""Medium""
]",5,Beginner,lose weight and tone,,"[
  ""Chill Out"",
  ""Hip Hop"",
  ""House"",
  ""Pop""
]",2,iOS,Apple,Apple,"Iphone17,2",0,0,0,0,0,8,1
4295554,fc76de29-c11b-47d6-a91f-dc3435a0eb84,2025-11-18,0,Monthly,App,Apple,,65+,female,United States of America,"Canada, Great Britain & United States",North America,,"[
  ""Medium""
]",3,Intermediate,Have some fun,,"[
  ""Brazilian Rhythms"",
  ""Caribbean Rhythms"",
  ""Disco"",
  ""Hip Hop"",
  ""House"",
  ""Merengue"",
  ""Pop"",
  ""Reggaeton"",
  ""Salsa""
]",2,iOS,Apple,Apple,"Iphone18,2",0,0,0,0,0,5,1
4277595,0c782ceb-4254-4139-8bb8-0a2a54a536f3,2025-11-14,7,Annual,Web,Stripe,,55-64,female,United States of America,"Canada, Great Britain & United States",North America,,"[
  ""Medium""
]",6,Intermediate,Start my fitness journey,,"[
  ""Brazilian Rhythms"",
  ""Disco"",
  ""Pop"",
  ""Salsa"",
  ""Techno""
]",,Chrome OS,,,,,0,0,0,0,9,1
4287699,8ba3dff9-0020-4e63-9e91-0ddb740d1564,2025-11-17,0,Monthly,Web,Stripe,,25-34,female,United States of America,"Canada, Great Britain & United States",North America,,"[
  ""High""
]",4,Advanced,lose weight and tone,,"[
  ""Electronic"",
  ""Hip Hop"",
  ""House"",
  ""Pop"",
  ""Techno""
]",2,iOS,Apple,Apple,"Iphone15,2",0,2,1,0.5411,26.85,6,1
4289091,daa5e6f2-bb16-46d4-a5a0-d888f36c4966,2025-11-21,7,Annual,Web,Stripe,,35-44,female,United States of America,"Canada, Great Britain & United States",North America,,"[
  ""Medium"",
  ""High""
]",3,Advanced,,,"[
  ""Bachata"",
  ""Cumbia"",
  ""Hip Hop"",
  ""Merengue"",
  ""Pop"",
  ""Reggaeton"",
  ""Salsa""
]",3.13.1,Android,Samsung,Samsung,Sm-S936u,7,1,1,0.9984,30.466666667,2,1
4296428,66fd46e6-15e9-48db-b496-b48d10b421d0,2025-11-18,0,Monthly,Web,Stripe,,25-34,female,United States of America,"Canada, Great Britain & United States",North America,,"[
  ""Medium""
]",3,Beginner,lose weight and tone,,"[
  ""Hip Hop"",
  ""Reggaeton""
]",3.13.1,Android,Samsung,Samsung,Sm-S918u,0,2,1,0.8527,19.622222222,5,1
4289987,66a83ba5-228f-49c2-9fda-8fd8aaf48801,2025-11-22,7,Annual,Web,Stripe,,35-44,female,United States of America,"Canada, Great Britain & United States",North America,,"[
  ""Medium""
]",3,Intermediate,lose weight and tone,,"[
  ""Bachata"",
  ""Brazilian Rhythms"",
  ""Caribbean Rhythms"",
  ""Cumbia"",
  ""Hip Hop"",
  ""House"",
  ""Merengue"",
  ""Pop"",
  ""Reggaeton"",
  ""Salsa"",
  ""Techno"",
  ""World Rhythms""
]",2,iOS,Apple,Apple,"Iphone17,3",7,0,0,0,0,1,1
4276798,ceb61839-a70f-48f2-bd7c-717086eee34e,2025-11-14,7,Annual,Web,App to Web,,,,United States of America,"Canada, Great Britain & United States",North America,,,,,,,,2,iOS,Apple,Apple,"Iphone17,1",7,1,1,0.9985,32.416666667,9,1
4269418,d05c9390-ba67-4cee-8f10-969f9b944bd7,2025-11-10,7,Annual,App,Google,,35-44,female,France,Rest of the World,Europe,,"[
  ""Medium"",
  ""High""
]",4,Intermediate,lose weight and tone,,"[
  ""Caribbean Rhythms"",
  ""Disco"",
  ""Hip Hop"",
  ""House"",
  ""Pop"",
  ""World Rhythms""
]",3.13.1,Android,Samsung,Samsung,Sm-A536b,7,0,0,0,0,13,1
4285906,18033593-c139-4fbb-98d8-6c480d4d3317,2025-11-19,7,Annual,Web,App to Web,,35-44,female,United States of America,"Canada, Great Britain & United States",North America,,"[
  ""Medium""
]",3,Intermediate,lose weight and tone,,"[
  ""Caribbean Rhythms"",
  ""Chill Out"",
  ""Hip Hop"",
  ""Pop"",
  ""Techno""
]",2,iOS,Apple,Apple,"Iphone17,1",7,0,0,0,0,4,1
3092579,312f6df2-fa1a-4a3a-a488-d1d6b8eb7269,2025-11-19,7,Annual,App,Google,,,,United Kingdom,"Canada, Great Britain & United States",Europe,,"[
  ""Medium""
]",3,Intermediate,Have some fun,,"[
  ""House"",
  ""Pop"",
  ""Reggae"",
  ""Rock""
]",3.13.1,Android,Samsung,Samsung,Sm-S928b,518,0,2,1,17.775,4,1
4285652,31a29fe8-fad8-4052-8c9e-87483381ddd6,2025-11-19,7,Annual,Web,App to Web,,35-44,female,United States of America,"Canada, Great Britain & United States",North America,,"[
  ""Low"",
  ""Medium"",
  ""High""
]",3,Intermediate,lose weight and tone,,"[
  ""Afro Rhythms"",
  ""Bachata"",
  ""Brazilian Rhythms"",
  ""Caribbean Rhythms"",
  ""Cumbia"",
  ""Hip Hop"",
  ""Merengue"",
  ""Pop"",
  ""Reggaeton"",
  ""Salsa"",
  ""World Rhythms""
]",2,iOS,Apple,Apple,"Iphone15,2",7,4,4,0.702325,27.208333333,4,1
4286884,09f39f4a-a358-4752-af23-d10c8f70db22,2025-11-20,7,Annual,Web,Stripe,FitOn,,,United States of America,"Canada, Great Britain & United States",North America,,"[
  ""Medium""
]",3,Intermediate,,,"[
  ""Bachata"",
  ""Brazilian Rhythms"",
  ""Merengue"",
  ""Salsa"",
  ""World Rhythms""
]",6,iOS,Apple,Apple,"Ipad13,1",7,1,0,0,50.25,3,1
4285184,33aae5aa-80fd-47cf-b264-5468f3dd4f88,2025-11-12,0,Monthly,App,Google,,55-64,female,New Zealand,Rest of the World,APAC (excl. India),,"[
  ""Medium""
]",7,Intermediate,Start my fitness journey,,"[
  ""Afro Rhythms"",
  ""Bachata"",
  ""Brazilian Rhythms"",
  ""Caribbean Rhythms"",
  ""Chill Out"",
  ""Cumbia"",
  ""Disco"",
  ""Merengue"",
  ""Reggaeton"",
  ""Salsa"",
  ""World Rhythms""
]",3.13.1,Android,Samsung,Samsung,Sm-S928b,0,4,4,0.88725,27.420833333,11,1
3840047,22bf609a-c391-4543-b5e0-6e19a7b77440,2025-11-16,0,Monthly,App,Apple,,45-54,female,United States of America,"Canada, Great Britain & United States",North America,,"[
  ""High""
]",4,Intermediate,lose weight and tone,,"[
  ""Bachata"",
  ""Caribbean Rhythms"",
  ""Cumbia"",
  ""Disco"",
  ""Electronic"",
  ""Hip Hop"",
  ""House"",
  ""Merengue"",
  ""Pop"",
  ""Reggaeton"",
  ""Salsa"",
  ""Techno""
]",2,iOS,Apple,Apple,"Iphone17,2",225,0,0,0,0,7,1
4269610,20301fe4-acf8-4df4-8021-9c2b4da4e949,2025-11-10,7,Annual,App,Apple,,35-44,female,Belgium,Rest of the World,Europe,,"[
  ""High""
]",4,Intermediate,lose weight and tone,,"[
  ""Hip Hop"",
  ""Pop"",
  ""Reggaeton"",
  ""Salsa""
]",2,iOS,Apple,Apple,"Iphone16,1",7,3,2,0.9997,50.596666667,13,1
4286293,b16c0731-accc-48ef-bdb8-a6830fc2c782,2025-11-12,0,Monthly,App,Apple,,45-54,female,United States of America,"Canada, Great Britain & United States",North America,,"[
  ""Medium"",
  ""Low""
]",3,Beginner,reduce stress,,"[
  ""Bachata"",
  ""Brazilian Rhythms"",
  ""Caribbean Rhythms"",
  ""Cumbia"",
  ""Disco"",
  ""Merengue"",
  ""Pop"",
  ""Reggaeton"",
  ""Salsa"",
  ""Techno""
]",2,iOS,Apple,Apple,"Iphone14,8",0,5,3,0.6666666667,10.691666667,11,1
4269373,34ee1fab-66bf-40bb-a3da-e1636673454d,2025-11-18,7,Annual,Web,Stripe,,55-64,female,United Kingdom,"Canada, Great Britain & United States",Europe,,"[
  ""High""
]",3,Intermediate,lose weight and tone,,"[
  ""Afro Rhythms"",
  ""Brazilian Rhythms"",
  ""Caribbean Rhythms"",
  ""Merengue"",
  ""Salsa""
]",,iOS,,,,,0,0,0,0,5,1
4270272,4145b048-2997-47e7-839a-9f525bf84ac3,2025-11-18,7,Annual,App,Google,,45-54,female,Italy,Rest of the World,Europe,,"[
  ""Medium""
]",3,Advanced,lose weight and tone,,"[
  ""Bachata"",
  ""Cumbia"",
  ""Merengue"",
  ""Reggaeton"",
  ""Salsa""
]",3.14.0,Android,Samsung,Samsung,Sm-A125f,15,4,2,0.99935,38.794444444,5,1
3377175,399a056c-d74e-407b-a7c4-823b6bb43390,2025-11-18,0,Annual,Web,App to Web,,,,United States of America,"Canada, Great Britain & United States",North America,,"[
  ""High""
]",2,Intermediate,,,"[
  ""Country"",
  ""Hip Hop"",
  ""Pop"",
  ""Rock"",
  ""Salsa""
]",2,iOS,Apple,Apple,"Iphone17,1",385,2,2,0.5764,34.466666667,5,1
4218285,b166308b-e7d9-4529-844d-56ae32b76976,2025-11-10,0,Monthly,Web,App to Web,,25-34,female,United States of America,"Canada, Great Britain & United States",North America,,"[
  ""Medium""
]",3,Intermediate,lose weight and tone,,,2,iOS,Apple,Apple,"Iphone13,3",39,3,3,0.6189,21.666666667,13,1
4287137,352ff48d-ad0f-498e-bdeb-3e8a8a278fd1,2025-11-20,7,Annual,Web,Stripe,,35-44,female,United States of America,"Canada, Great Britain & United States",North America,,"[
  ""Medium""
]",3,Beginner,lose weight and tone,,"[
  ""Brazilian Rhythms"",
  ""Caribbean Rhythms"",
  ""Pop""
]",2,iOS,Apple,Apple,"Iphone16,1",7,1,0,0,49.666666667,3,1
2995785,0f280420-44d2-4660-82a2-94fa49e4679f,2025-11-15,0,Annual,Web,App to Web,,,,United States of America,"Canada, Great Britain & United States",North America,,"[
  ""Medium""
]",4,Intermediate,Have some fun,,"[
  ""Bachata"",
  ""Belly Dance"",
  ""Blues"",
  ""Cumbia"",
  ""Disco"",
  ""Funk"",
  ""Hip Hop"",
  ""Merengue"",
  ""R&B"",
  ""Reggae"",
  ""Reggaeton"",
  ""Salsa""
]",1.7.0,Android,Samsung,Samsung,Sm-S906u,560,10,3,0.7445333333,30.467948718,8,1
4121719,d6479ebd-24e3-4f10-9509-2487f012b718,2025-11-17,0,Monthly,App,Apple,,,,United States of America,"Canada, Great Britain & United States",North America,,"[
  ""Medium""
]",3,Intermediate,lose weight and tone,,"[
  ""Bachata"",
  ""Caribbean Rhythms"",
  ""Disco"",
  ""Hip Hop"",
  ""Merengue"",
  ""Pop"",
  ""Reggaeton"",
  ""Salsa""
]",2,iOS,Apple,Apple,"Iphone16,1",100,7,2,0.51765,45.494444444,6,1
4198516,7b87f509-c907-48fd-9d65-ab4401b6808f,2025-11-14,0,Monthly,Web,Stripe,,25-34,female,United Kingdom,"Canada, Great Britain & United States",Europe,,"[
  ""Medium""
]",5,Intermediate,lose weight and tone,,"[
  ""Disco"",
  ""Electronic"",
  ""House""
]",2,iOS,Apple,Apple,"Iphone15,4",0,1,1,1,20.55,9,1
4297147,199d720e-9e33-4254-9ed2-da519ce454cb,2025-11-19,0,Monthly,Web,App to Web,,35-44,female,United States of America,"Canada, Great Britain & United States",North America,,"[
  ""Low""
]",4,Intermediate,lose weight and tone,,"[
  ""Hip Hop"",
  ""House"",
  ""Pop"",
  ""Reggaeton""
]",2,iOS,Apple,Apple,"Iphone17,4",0,1,1,0.994,13.916666667,4,1
4294324,33765080-f7f3-4d8a-8d25-e1d36538005d,2025-11-17,0,Annual,Web,App to Web,,35-44,female,United States of America,"Canada, Great Britain & United States",North America,,"[
  ""Medium"",
  ""High"",
  ""Low""
]",4,Advanced,lose weight and tone,,"[
  ""Bachata"",
  ""Brazilian Rhythms"",
  ""Caribbean Rhythms"",
  ""Hip Hop"",
  ""Merengue"",
  ""Pop"",
  ""Reggaeton"",
  ""Salsa"",
  ""World Rhythms""
]",2,iOS,Apple,Apple,"Iphone15,4",0,5,3,1,16.022916667,6,1
4286788,e325f79c-c123-4f6f-8606-c8d87cca3ee7,2025-11-13,0,Monthly,Web,App to Web,,35-44,female,United States of America,"Canada, Great Britain & United States",North America,,"[
  ""Low"",
  ""Medium"",
  ""High""
]",3,Beginner,lose weight and tone,,,2,iOS,Apple,Apple,"Iphone17,3",0,3,1,1,24.4125,10,1
4260541,5b6a959a-7fdf-408e-b30b-4c5fd9954d0e,2025-11-10,7,Annual,Web,Stripe,,35-44,female,Spain,Rest of the World,Europe,,"[
  ""Medium""
]",3,Intermediate,reduce stress,,"[
  ""Afro Rhythms"",
  ""Bachata"",
  ""Brazilian Rhythms"",
  ""Caribbean Rhythms"",
  ""Cumbia"",
  ""Disco"",
  ""Hip Hop"",
  ""Merengue"",
  ""Reggaeton"",
  ""Salsa"",
  ""World Rhythms""
]",3.13.1,Android,Xiaomi,Poco,2201117pg,13,0,0,0,0,13,1
4289213,d3086de1-6639-4e26-a5ff-1083661ca74f,2025-11-21,7,Annual,App,App to Web,,45-54,female,United States of America,"Canada, Great Britain & United States",North America,,"[
  ""Medium""
]",3,Beginner,lose weight and tone,,"[
  ""Caribbean Rhythms"",
  ""Hip Hop"",
  ""Merengue"",
  ""Reggaeton"",
  ""Salsa"",
  ""Techno"",
  ""World Rhythms""
]",6,iOS,Apple,Apple,"Iphone17,3",7,2,2,0.9993,20.9,2,1
4286217,60e4ee10-3bfa-47d6-be9f-c558ec665a3f,2025-11-19,7,Annual,Web,App to Web,,35-44,female,United States of America,"Canada, Great Britain & United States",North America,,"[
  ""Medium""
]",3,Beginner,lose weight and tone,,"[
  ""Caribbean Rhythms"",
  ""Disco"",
  ""Hip Hop"",
  ""Pop"",
  ""Reggaeton"",
  ""Salsa""
]",2,iOS,Apple,Apple,"Iphone13,1",7,0,0,0,0,4,1
4284094,69f4b67f-b166-4578-a821-69b80d1d3e13,2025-11-18,7,Annual,App,Google,,35-44,female,United States of America,"Canada, Great Britain & United States",North America,,"[
  ""High""
]",5,Intermediate,lose weight and tone,,"[
  ""Afro Rhythms"",
  ""Brazilian Rhythms"",
  ""Caribbean Rhythms"",
  ""Merengue"",
  ""Salsa""
]",3.14.0,Android,Google,Google,Pixel 7,7,0,0,0,0,5,1
4241624,e24e902e-4091-4a82-963a-9fd28ee47db0,2025-11-17,0,Monthly,App,Apple,,35-44,female,Switzerland,Rest of the World,Europe,,"[
  ""Medium""
]",4,Intermediate,lose weight and tone,,"[
  ""Afro Rhythms"",
  ""Bachata"",
  ""Brazilian Rhythms"",
  ""Caribbean Rhythms"",
  ""Chill Out"",
  ""Cumbia"",
  ""Disco"",
  ""Electronic"",
  ""Hip Hop"",
  ""House"",
  ""Merengue"",
  ""Pop"",
  ""Reggaeton"",
  ""Salsa"",
  ""Techno"",
  ""World Rhythms""
]",2,iOS,Apple,Apple,"Iphone14,7",32,5,5,0.96412,30.713333333,6,1
114577,feedf013-d1fd-4e50-82c9-7e0643570ddb,2025-11-19,0,Monthly,App,Apple,,35-44,female,United States of America,"Canada, Great Britain & United States",North America,,"[
  ""Medium""
]",3,Intermediate,lose weight and tone,,,6,iOS,Apple,Apple,"Iphone14,7",0,3,1,1,37.8125,4,1
4287728,fdaca495-5ae3-4460-b92f-e79af3cf1def,2025-11-20,7,Annual,Web,App to Web,,35-44,female,United States of America,"Canada, Great Britain & United States",North America,,"[
  ""Medium""
]",3,Beginner,lose weight and tone,,"[
  ""Afro Rhythms"",
  ""Bachata"",
  ""Brazilian Rhythms"",
  ""Caribbean Rhythms"",
  ""Chill Out"",
  ""Cumbia"",
  ""Disco"",
  ""Electronic"",
  ""Hip Hop"",
  ""House"",
  ""Merengue"",
  ""Pop"",
  ""Reggaeton"",
  ""Salsa"",
  ""Techno"",
  ""World Rhythms""
]",6,iOS,Apple,Apple,"Iphone16,2",7,1,1,1,31,3,1
4111901,fd501639-2840-4c0a-af13-8208f88b7978,2025-11-22,7,Monthly,App,Apple,,,,United States of America,"Canada, Great Britain & United States",North America,,"[
  ""Low""
]",5,Beginner,lose weight and tone,,"[
  ""Bachata"",
  ""Belly Dance"",
  ""Bellydance"",
  ""Merengue"",
  ""Reggaeton"",
  ""Salsa""
]",7,iOS,Apple,Apple,"Iphone14,3",110,0,0,0,0,1,1
3906454,ef952a39-c8f6-4c9e-bf69-2d6a78c9e9b0,2025-11-22,0,Monthly,Web,Stripe,,25-34,female,Latvia,Rest of the World,Europe,,"[
  ""High""
]",2,Intermediate,lose weight and tone,,"[
  ""Afro Rhythms"",
  ""Bachata"",
  ""Brazilian Rhythms"",
  ""Caribbean Rhythms"",
  ""Chill Out"",
  ""Pop"",
  ""Reggaeton"",
  ""Salsa""
]",3.14.0,Android,Oneplus,Oneplus,Cph2581,0,2,1,0.9656,30,1,1
3455376,ea056f3d-9d21-4375-a0ac-bc0961c09ed4,2025-11-21,0,Monthly,Web,App to Web,,,,United States of America,"Canada, Great Britain & United States",North America,,"[
  ""High""
]",4,Advanced,lose weight and tone,,"[
  ""Afro Rhythms"",
  ""Bachata"",
  ""Brazilian Rhythms"",
  ""Caribbean Rhythms"",
  ""Cumbia"",
  ""Merengue"",
  ""Reggaeton"",
  ""Salsa""
]",6,iOS,Apple,Apple,"Iphone18,3",354,1,0,0,13.916666667,2,1
1202006,7d3bb99d-8da6-4991-bd12-90e41921efd5,2025-11-15,0,Monthly,App,Apple,,45-54,female,United Kingdom,"Canada, Great Britain & United States",Europe,,"[
  ""Medium""
]",3,Intermediate,Have some fun,,"[
  ""Chill Out"",
  ""Cumbia"",
  ""Hip Hop"",
  ""Pop"",
  ""World Rhythms""
]",2,iOS,Apple,Apple,"Iphone14,3",3,2,0,0,52.683333333,8,1
4280597,96805ef3-7e37-4807-b67a-d57219ea2e53,2025-11-19,7,Annual,Web,Stripe,,45-54,female,United States of America,"Canada, Great Britain & United States",North America,,"[
  ""Low"",
  ""Medium""
]",3,Beginner,lose weight and tone,,"[
  ""Afro Rhythms"",
  ""Caribbean Rhythms"",
  ""Hip Hop"",
  ""Pop"",
  ""Reggaeton""
]",2,iOS,Apple,Apple,"Iphone16,2",7,0,0,0,0,4,1
4281005,8793ecb0-3e7c-4eab-b56f-387734c86a18,2025-11-10,0,Monthly,App,Apple,,25-34,female,Italy,Rest of the World,Europe,,"[
  ""Medium"",
  ""High""
]",3,Intermediate,lose weight and tone,,"[
  ""Cumbia"",
  ""Hip Hop"",
  ""Pop"",
  ""Reggaeton"",
  ""World Rhythms""
]",2,iOS,Apple,Apple,"Iphone13,1",0,1,0,0,52.683333333,13,1
3728842,4f184968-0126-4426-98ab-905e78385ce6,2025-11-19,7,Annual,App,Google,,,,Germany,Rest of the World,Europe,,"[
  ""High""
]",,Advanced,reduce stress,,"[
  ""Disco"",
  ""Merengue"",
  ""Pop"",
  ""R&B"",
  ""Reggae"",
  ""Reggaeton"",
  ""Salsa""
]",3.14.0,Android,Google,Google,Pixel 9 Pro,272,0,0,0,0,4,1
4251377,63fbd56b-c55f-48c3-840d-5fa81a398d6b,2025-11-16,7,Annual,App,Google,,45-54,female,United States of America,"Canada, Great Britain & United States",North America,,"[
  ""Medium""
]",3,Beginner,Start my fitness journey,,"[
  ""Afro Rhythms"",
  ""Bachata"",
  ""Brazilian Rhythms"",
  ""Caribbean Rhythms"",
  ""Chill Out"",
  ""Cumbia"",
  ""Disco"",
  ""Electronic"",
  ""Hip Hop"",
  ""House"",
  ""Merengue"",
  ""Pop"",
  ""Reggaeton"",
  ""Salsa"",
  ""Techno"",
  ""World Rhythms""
]",3.13.1,Android,Samsung,Samsung,Sm-G998u,7,0,0,0,0,7,1
2472759,3f8d0366-a901-4afd-9025-22c53a7dcce7,2025-11-18,0,Monthly,Web,App to Web,,,,United States of America,"Canada, Great Britain & United States",North America,,"[
  ""Medium"",
  ""High""
]",3,Intermediate,,,"[
  ""Hip Hop"",
  ""Salsa"",
  ""World Rhythms""
]",2,iOS,Apple,Apple,"Ipad8,9",0,3,2,0.5257,30.51,5,1
4300578,19117b09-6657-433c-8f3f-553c9300e312,2025-11-21,0,Monthly,Web,Stripe,,25-34,female,United States of America,"Canada, Great Britain & United States",North America,,"[
  ""High""
]",7,Advanced,lose weight and tone,,"[
  ""Afro Rhythms"",
  ""Bachata"",
  ""Brazilian Rhythms"",
  ""Caribbean Rhythms"",
  ""Cumbia"",
  ""Disco"",
  ""Hip Hop"",
  ""House"",
  ""Merengue"",
  ""Reggaeton"",
  ""Salsa"",
  ""World Rhythms""
]",3.14.0,Android,Samsung,Samsung,Sm-S911u,0,0,0,0,0,2,1
2430567,78ae0a9d-58d6-467e-9091-4e545d2e7887,2025-11-16,0,Annual,Web,App to Web,,,,United States of America,"Canada, Great Britain & United States",North America,,"[
  ""Low""
]",3,Intermediate,reduce stress,,"[
  ""Bachata"",
  ""Merengue"",
  ""Reggae"",
  ""Salsa""
]",2,iOS,Apple,Apple,"Iphone17,2",381,0,0,0,0,7,1
4269935,6834f0a6-1681-4f64-a27b-64dd7b7e31db,2025-11-10,7,Annual,Web,Stripe,,55-64,female,United States of America,"Canada, Great Britain & United States",North America,,"[
  ""Medium""
]",2,Beginner,lose weight and tone,,"[
  ""Caribbean Rhythms"",
  ""Hip Hop"",
  ""House"",
  ""Pop"",
  ""World Rhythms""
]",6,iOS,Apple,Apple,"Iphone17,1",7,0,0,0,0,13,1
4187608,56dbf983-f381-42fd-a200-ed375de121f0,2025-11-16,0,Monthly,App,Apple,,25-34,female,United Kingdom,"Canada, Great Britain & United States",Europe,,"[
  ""Medium""
]",3,Intermediate,lose weight and tone,,"[
  ""Brazilian Rhythms"",
  ""Caribbean Rhythms"",
  ""Disco"",
  ""Hip Hop"",
  ""House"",
  ""Pop"",
  ""World Rhythms""
]",6,iOS,Apple,Apple,"Iphone17,1",0,9,8,0.6077125,21.429411765,7,1
4279299,adb04863-cab7-4d90-ae16-8774a806f157,2025-11-16,7,Annual,Web,Stripe,,,,United States of America,"Canada, Great Britain & United States",North America,,"[
  ""Medium""
]",3,Intermediate,lose weight and tone,,"[
  ""Bachata"",
  ""Pop"",
  ""Reggaeton"",
  ""Salsa""
]",2,iOS,Apple,Apple,"Iphone16,1",7,0,0,0,0,7,1
3614573,7ebe3d68-5cc3-4aaf-be44-a491955ed260,2025-11-16,7,Annual,Web,Stripe,,55-64,female,United States of America,"Canada, Great Britain & United States",North America,,"[
  ""Medium""
]",3,Intermediate,lose weight and tone,,"[
  ""Brazilian Rhythms"",
  ""Caribbean Rhythms"",
  ""Cumbia"",
  ""Disco"",
  ""Pop""
]",2,iOS,Apple,Apple,"Ipad7,11",7,0,0,0,0,7,1
2844777,1bb6482f-bd65-4c4f-969d-ccc4686f8535,2025-11-14,7,Annual,App,Google,,,,Turkey,Rest of the World,Europe,,"[
  ""Medium""
]",4,Intermediate,lose weight and tone,,"[
  ""Bachata"",
  ""Brazilian Rhythms"",
  ""Cumbia"",
  ""Merengue"",
  ""Pop"",
  ""Reggaeton"",
  ""Salsa""
]",3.13.1,Android,Samsung,Samsung,Sm-S721b,532,2,1,0.9992,20.55,9,1
3692760,6ba561a9-4185-46b4-bb50-583068cfcd61,2025-11-16,7,Annual,App,Apple,,,,Canada,"Canada, Great Britain & United States",North America,,"[
  ""Medium""
]",3,Intermediate,Have some fun,,"[
  ""Afrobeats"",
  ""Bachata"",
  ""Bollywood"",
  ""Broadway"",
  ""Country"",
  ""Disco"",
  ""Funk"",
  ""Hip Hop"",
  ""Salsa""
]",2,iOS,Apple,Apple,"Iphone14,7",283,0,0,0,0,7,1
4280851,6dee9fef-0fed-4d8e-a14c-59df57c4fd72,2025-11-17,7,Annual,App,Google,,55-64,female,United States of America,"Canada, Great Britain & United States",North America,,"[
  ""High""
]",1,Intermediate,lose weight and tone,,"[
  ""Hip Hop""
]",3.13.1,Android,Onn,Onn,100135923,8,0,0,0,0,6,1
4289388,c1409178-9328-4397-aa8e-6a6bcfb28a76,2025-11-14,0,Monthly,Web,Stripe,,25-34,female,United States of America,"Canada, Great Britain & United States",North America,,"[
  ""Low"",
  ""Medium"",
  ""High""
]",3,Intermediate,lose weight and tone,,"[
  ""Brazilian Rhythms"",
  ""Electronic"",
  ""Pop"",
  ""Salsa"",
  ""Techno"",
  ""World Rhythms""
]",2,iOS,Apple,Apple,"Iphone17,1",0,1,1,0,5,9,1
1945167,f46869ca-0d95-42c3-98ee-601a81ff5bed,2025-11-12,7,Annual,Web,Stripe,,35-44,female,Canada,"Canada, Great Britain & United States",North America,,"[
  ""Medium"",
  ""High""
]",,Intermediate,lose weight and tone,,"[
  ""Bachata"",
  ""Brazilian Rhythms"",
  ""Caribbean Rhythms"",
  ""Cumbia"",
  ""Hip Hop"",
  ""Merengue"",
  ""Reggaeton""
]",2,iOS,Apple,Apple,"Iphone13,2",7,5,3,0.9957666667,19.745833333,11,1
4287111,7c41ee14-6ffe-4c23-9ba7-1757ad160019,2025-11-13,0,Monthly,Web,Stripe,,35-44,female,United States of America,"Canada, Great Britain & United States",North America,,"[
  ""Medium""
]",3,Beginner,lose weight and tone,,"[
  ""Merengue"",
  ""Reggaeton"",
  ""Salsa""
]",2,iOS,Apple,Apple,"Ipad12,1",-2,2,0,0,23.166666667,10,1
4276052,6ce739ce-e9de-4993-8ff7-48460680996d,2025-11-13,7,Annual,Web,Stripe,,45-54,female,United States of America,"Canada, Great Britain & United States",North America,,"[
  ""Medium""
]",3,Beginner,lose weight and tone,,"[
  ""Cumbia"",
  ""Disco"",
  ""Pop""
]",2,iOS,Apple,Apple,"Iphone15,3",7,0,0,0,0,10,1
4290971,a5ce743b-69bf-4592-a9dc-f2cb6be1c68f,2025-11-22,7,Annual,Web,App to Web,,35-44,female,United States of America,"Canada, Great Britain & United States",North America,,"[
  ""High""
]",3,Intermediate,reduce stress,,"[
  ""Afro Rhythms"",
  ""Bachata"",
  ""Brazilian Rhythms"",
  ""Caribbean Rhythms"",
  ""Cumbia"",
  ""Reggaeton""
]",6,iOS,Apple,Apple,"Iphone17,1",7,0,0,0,0,1,1
4275601,751e9ba0-5d72-48a7-b175-107612f3cf8f,2025-11-13,7,Annual,Web,Stripe,,35-44,female,United States of America,"Canada, Great Britain & United States",North America,,"[
  ""Medium""
]",3,Intermediate,lose weight and tone,,"[
  ""Bachata"",
  ""Brazilian Rhythms"",
  ""Cumbia"",
  ""Disco"",
  ""Hip Hop"",
  ""Merengue"",
  ""Salsa""
]",2,iOS,Apple,Apple,"Iphone17,2",7,0,0,0,0,10,1
3396381,ef0d4623-fa45-4c89-865b-fbaa4572bdf1,2025-11-19,0,Monthly,Web,Stripe,,45-54,female,United States of America,"Canada, Great Britain & United States",North America,,"[
  ""Medium""
]",3,Intermediate,lose weight and tone,,"[
  ""Bachata"",
  ""Cumbia"",
  ""House"",
  ""Merengue"",
  ""Reggaeton"",
  ""Salsa""
]",3.13.1,Android,Samsung,Samsung,Sm-F936u,377,0,0,0,0,4,1
4286018,5c688754-1f5a-49be-830d-ff68cbc04e88,2025-11-20,7,Annual,App,Apple,,55-64,female,United States of America,"Canada, Great Britain & United States",North America,,"[
  ""Medium""
]",2,Advanced,lose weight and tone,,,2,iOS,Apple,Apple,"Iphone17,2",8,0,0,0,0,3,1
4279217,c3d29f29-2f56-4378-923e-6e890f0878ac,2025-11-09,0,Monthly,App,Apple,,,female,United Kingdom,"Canada, Great Britain & United States",Europe,,"[
  ""Medium""
]",3,Intermediate,Start my fitness journey,,,2,iOS,Apple,Apple,"Iphone17,1",0,3,1,0.7301,26.7,14,1
3303175,25bec2f7-9a03-4270-8874-7353e6cad612,2025-11-11,7,Annual,App,Apple,,,,United Kingdom,"Canada, Great Britain & United States",Europe,,"[
  ""Medium""
]",3,Intermediate,lose weight and tone,,"[
  ""Alternative"",
  ""Bachata"",
  ""Blues"",
  ""Cumbia"",
  ""Disco"",
  ""Funk"",
  ""Hip Hop"",
  ""Merengue"",
  ""Pop"",
  ""R&B"",
  ""Rock"",
  ""Salsa""
]",2,iOS,Apple,Apple,"Iphone15,2",412,3,1,0.9956,31.75,12,1
4246221,49a252ec-3a2c-4925-8bdc-33a71e22dbb3,2025-11-13,0,Monthly,Web,Stripe,,,,Ireland,Rest of the World,Europe,,,3,,,,,3.14.0,Android,Samsung,Samsung,Sm-G780g,0,0,0,0,0,10,1
4275140,886a9cb4-1c81-4003-be4c-1088d91252bf,2025-11-13,7,Annual,Web,App to Web,,35-44,female,United States of America,"Canada, Great Britain & United States",North America,,"[
  ""Medium""
]",3,Intermediate,lose weight and tone,,"[
  ""Bachata"",
  ""Brazilian Rhythms"",
  ""Cumbia"",
  ""Disco"",
  ""Merengue"",
  ""Pop"",
  ""Reggaeton"",
  ""Salsa""
]",2,iOS,Apple,Apple,"Iphone16,1",7,0,0,0,0,10,1
4290113,3b6dd28a-af07-430d-89b7-d46ccd08ddfd,2025-11-17,0,Monthly,Web,Stripe,,55-64,female,United States of America,"Canada, Great Britain & United States",North America,,"[
  ""Medium""
]",4,Intermediate,Have some fun,,"[
  ""Cumbia""
]",2,iOS,Apple,Apple,"Iphone15,3",0,1,1,0.2766,13.916666667,6,1
4281661,5f3b4917-6c0f-4cc3-8e34-0cb1c626d718,2025-11-10,0,Monthly,App,Apple,,55-64,female,United States of America,"Canada, Great Britain & United States",North America,,"[
  ""Medium""
]",3,Intermediate,,,"[
  ""Chill Out"",
  ""Disco"",
  ""Pop"",
  ""Salsa""
]",2,iOS,Apple,Apple,"Iphone17,4",0,2,2,0.83895,30.95,13,1
4283646,5b1dfcc7-bc2f-4b83-9a75-7a008c9ff15e,2025-11-11,0,Monthly,Web,Stripe,,35-44,female,United States of America,"Canada, Great Britain & United States",North America,,"[
  ""Low""
]",,Beginner,lose weight and tone,,"[
  ""Afro Rhythms"",
  ""Bachata"",
  ""Caribbean Rhythms"",
  ""Disco"",
  ""Electronic"",
  ""Hip Hop"",
  ""House"",
  ""Pop"",
  ""Reggaeton"",
  ""Salsa"",
  ""Techno"",
  ""World Rhythms""
]",2,iOS,Apple,Apple,"Iphone17,4",0,1,1,1,21.733333333,12,1
1919092,ac6b4d76-a36c-4036-904f-f30f6251799d,2025-11-20,30,Monthly,Web,Stripe,Opción,35-44,female,Canada,"Canada, Great Britain & United States",North America,,"[
  ""Low""
]",,Advanced,Have some fun,,"[
  ""Afro Rhythms"",
  ""Bachata"",
  ""Caribbean Rhythms"",
  ""Merengue"",
  ""Reggaeton"",
  ""Salsa""
]",,Android,,,,,0,0,0,0,3,1
4267726,750339f8-45f9-497b-8826-6b4497dadd0e,2025-11-09,7,Annual,Web,Stripe,,,,Germany,Rest of the World,Europe,,"[
  ""Medium""
]",2,Intermediate,,,,,iOS,,,,,0,0,0,0,14,1
4282769,a8028ef1-72a5-4191-8b14-560458ba66cc,2025-11-11,0,Monthly,App,Apple,,45-54,female,Germany,Rest of the World,Europe,,"[
  ""Medium""
]",2,Beginner,lose weight and tone,,"[
  ""Afro Rhythms"",
  ""Brazilian Rhythms"",
  ""Chill Out"",
  ""Merengue"",
  ""Salsa"",
  ""Techno""
]",2,iOS,Apple,Apple,"Iphone14,2",0,0,0,0,0,12,1
4289701,b3823415-1d90-47d0-92d1-0af6025e4cf4,2025-11-15,0,Monthly,App,Google,,35-44,female,United Kingdom,"Canada, Great Britain & United States",Europe,,"[
  ""High""
]",1,Beginner,lose weight and tone,,"[
  ""Disco"",
  ""Pop""
]",3.13.1,Android,Samsung,Samsung,Sm-A566b,0,3,2,0.384,30.583333333,8,1
4291952,04678d3b-b473-4c19-8e81-258bdfa4232c,2025-11-16,0,Monthly,Web,Stripe,,55-64,female,United States of America,"Canada, Great Britain & United States",North America,,"[
  ""Medium""
]",4,Beginner,lose weight and tone,,"[
  ""Pop""
]",,iOS,,,,,0,0,0,0,7,1
4288193,91cadb2d-74c6-4fea-bb57-1eb699325430,2025-11-14,0,Monthly,Web,Stripe,,25-34,female,United Kingdom,"Canada, Great Britain & United States",Europe,,"[
  ""Low""
]",2,Beginner,lose weight and tone,,"[
  ""Brazilian Rhythms"",
  ""Cumbia"",
  ""Disco"",
  ""House"",
  ""Merengue"",
  ""Pop""
]",,Android,,,,,0,0,0,0,9,1
3952702,4bf38cdd-5cd8-432d-914d-440c4ede2612,2025-11-11,7,Annual,App,Google,,,,France,Rest of the World,Europe,,"[
  ""High""
]",5,Intermediate,lose weight and tone,,,3.13.1,Android,Samsung,Samsung,Sm-A137f,173,0,0,0,0,12,1
4288478,d2f89db0-03b6-49d9-b8f2-8aa9d45883b7,2025-11-21,7,Annual,App,Apple,,55-64,female,France,Rest of the World,Europe,,"[
  ""High""
]",3,Beginner,lose weight and tone,,"[
  ""Brazilian Rhythms""
]",2,iOS,Apple,Apple,"Iphone14,2",7,0,0,0,0,2,1
1287216,4ae3a80d-f83e-49be-aa66-03557488cc1e,2025-11-18,0,Monthly,App,Google,,55-64,female,United States of America,"Canada, Great Britain & United States",North America,,"[
  ""Medium""
]",5,Intermediate,lose weight and tone,,"[
  ""Afro Rhythms"",
  ""Bachata"",
  ""Brazilian Rhythms"",
  ""Caribbean Rhythms"",
  ""Cumbia"",
  ""Disco"",
  ""Merengue"",
  ""Pop"",
  ""Reggaeton"",
  ""Salsa"",
  ""World Rhythms""
]",3.13.1,Android,Samsung,Samsung,Sm-X610,43,2,2,0.99975,30.241666667,5,1
4301974,3162a63d-8222-4c7d-96f9-21c72a51bb16,2025-11-22,0,Monthly,App,Google,,35-44,female,Sweden,Rest of the World,Europe,,"[
  ""Medium""
]",7,Beginner,lose weight and tone,,"[
  ""Pop""
]",3.14.0,Android,Sony,Sony,H8266,0,1,1,1,13.916666667,1,1
4283693,fd895f6f-86fd-4ed5-af73-a676bcdb9cab,2025-11-18,7,Monthly,Web,Stripe,Strand,45-54,female,United States of America,"Canada, Great Britain & United States",North America,,"[
  ""Medium""
]",3,Beginner,lose weight and tone,,,2,iOS,Apple,Apple,"Iphone18,1",7,0,0,0,0,5,1
4295875,372747ae-25f8-472e-a304-95dfdd05cf01,2025-11-18,0,Monthly,Web,App to Web,,35-44,female,United States of America,"Canada, Great Britain & United States",North America,,"[
  ""High"",
  ""Medium""
]",3,Intermediate,lose weight and tone,,"[
  ""Hip Hop"",
  ""Reggaeton""
]",2,iOS,Apple,Apple,"Iphone15,3",0,0,0,0,0,5,1
4297339,f7856bdf-1f63-4515-ad2e-07647b605e3f,2025-11-19,0,Monthly,Web,Stripe,,35-44,female,Serbia,Rest of the World,Europe,,"[
  ""Low"",
  ""Medium""
]",4,Beginner,lose weight and tone,,"[
  ""Afro Rhythms"",
  ""Bachata"",
  ""Brazilian Rhythms"",
  ""Caribbean Rhythms"",
  ""Cumbia"",
  ""Disco"",
  ""Merengue"",
  ""Pop"",
  ""Reggaeton"",
  ""Salsa"",
  ""World Rhythms""
]",3.14.0,Android,Samsung,Samsung,Sm-A715f,0,0,0,0,0,4,1
4276127,4aa9b924-46a2-4e43-a740-178b0ce7ba43,2025-11-22,0,Annual,App,Google,,18-24,female,Brazil,Rest of the World,LATAM,,,,,lose weight and tone,,,3.14.0,Android,Samsung,Samsung,Sm-T875,16,3,2,0.42005,25.643333333,1,1
4120327,c0939bb6-d219-4e20-9b2a-bd6b78527fcc,2025-11-14,7,Annual,Web,Stripe,,45-54,female,United States of America,"Canada, Great Britain & United States",North America,,"[
  ""Low"",
  ""Medium""
]",3,Intermediate,lose weight and tone,,"[
  ""Afro Rhythms"",
  ""Bachata"",
  ""Caribbean Rhythms"",
  ""Cumbia"",
  ""Disco"",
  ""House"",
  ""Merengue"",
  ""Reggaeton"",
  ""World Rhythms""
]",3.13.1,Android,Samsung,Samsung,Sm-S921u,69,0,0,0,0,9,1
4105913,81b3254b-ee49-459b-85a6-070a104ab851,2025-11-10,0,Monthly,Web,Stripe,,,,United States of America,"Canada, Great Britain & United States",North America,,"[
  ""Medium""
]",,Intermediate,lose weight and tone,,"[
  ""Bachata"",
  ""Belly Dance"",
  ""Bellydance"",
  ""Blues"",
  ""Cumbia"",
  ""Electronic"",
  ""Funk"",
  ""Hip Hop"",
  ""Merengue"",
  ""Pop"",
  ""R&B"",
  ""Reggae"",
  ""Reggaeton"",
  ""Salsa""
]",3.13.1,Android,Samsung,Samsung,Sm-S938u,102,4,4,0.998475,8.508333333,13,1
4269757,e32735a6-a36c-44b7-9c10-00813f040339,2025-11-10,7,Annual,Web,Stripe,,35-44,female,United States of America,"Canada, Great Britain & United States",North America,,"[
  ""Medium""
]",3,Intermediate,lose weight and tone,,"[
  ""Afro Rhythms"",
  ""Bachata"",
  ""Brazilian Rhythms"",
  ""Caribbean Rhythms"",
  ""Cumbia"",
  ""Hip Hop"",
  ""House"",
  ""Merengue"",
  ""Pop"",
  ""Reggaeton"",
  ""Salsa"",
  ""Techno"",
  ""World Rhythms""
]",,iOS,,,,,0,0,0,0,13,1
432480,6ffc7f18-97b1-49f2-9570-b062c55b4372,2025-11-14,0,Monthly,Web,Stripe,,25-34,female,Switzerland,Rest of the World,Europe,,"[
  ""Medium""
]",3,Advanced,reduce stress,,"[
  ""Afro Rhythms"",
  ""Bachata"",
  ""Caribbean Rhythms"",
  ""Cumbia"",
  ""Hip Hop"",
  ""Merengue"",
  ""Reggaeton"",
  ""Salsa""
]",3.13.1,Android,Samsung,Samsung,Sm-G781b,0,5,3,0.9996333333,28.010416667,9,1
4293150,2c69489b-5ae9-4937-b383-a9acae55baef,2025-11-17,0,Monthly,Web,App to Web,,,,United States of America,"Canada, Great Britain & United States",North America,,"[
  ""Low"",
  ""Medium""
]",3,Intermediate,,,,2,iOS,Apple,Apple,"Iphone17,1",0,0,0,0,0,6,1
2433744,893d7852-f5bd-4a14-b045-62bc59c34ffe,2025-11-17,7,Annual,Web,Stripe,,,,United States of America,"Canada, Great Britain & United States",North America,,"[
  ""Medium""
]",5,Intermediate,Have some fun,,,2,iOS,Apple,Apple,"Iphone15,2",,0,0,0,0,6,1
4280362,4d9d482a-bbcc-4c4b-b2f4-81bba025f181,2025-11-09,0,Monthly,App,Google,,35-44,female,United States of America,"Canada, Great Britain & United States",North America,,"[
  ""Low"",
  ""Medium""
]",,Beginner,lose weight and tone,,"[
  ""Disco"",
  ""Electronic"",
  ""Hip Hop"",
  ""Pop"",
  ""Salsa"",
  ""Techno""
]",3.13.1,Android,Samsung,Samsung,Sm-S146vl,0,0,0,0,0,14,1
4280716,c65095bc-ff36-4dd7-88fb-523f4e5f22cc,2025-11-16,7,Annual,Web,App to Web,,,female,United States of America,"Canada, Great Britain & United States",North America,,"[
  ""High""
]",3,Advanced,lose weight and tone,,"[
  ""Afro Rhythms"",
  ""Bachata"",
  ""Brazilian Rhythms"",
  ""Caribbean Rhythms"",
  ""Cumbia"",
  ""Hip Hop"",
  ""Merengue"",
  ""Reggaeton"",
  ""Salsa""
]",6,iOS,Apple,Apple,"Iphone17,2",,1,0,0,49.966666667,7,1
4235384,b5a30149-41c4-4a2b-8baf-f75f24136359,2025-11-11,30,Annual,Web,Stripe,Strand,65+,female,United States of America,"Canada, Great Britain & United States",North America,,"[
  ""Low"",
  ""Medium""
]",,Beginner,lose weight and tone,,"[
  ""Chill Out"",
  ""Pop"",
  ""World Rhythms""
]",3.13.1,Android,Samsung,Samsung,Sm-S926u,30,0,0,0,0,12,1
4268710,cae4ef35-3eff-462e-90a2-ee8f1ff9dd8f,2025-11-09,7,Annual,Web,App to Web,,25-34,female,United States of America,"Canada, Great Britain & United States",North America,,"[
  ""Low""
]",2,Beginner,reduce stress,,,2,iOS,Apple,Apple,"Iphone18,4",7,0,0,0,0,14,1
4283276,e61f3b66-6023-4681-87e6-75dd3dab1cfa,2025-11-18,7,Annual,Web,App to Web,,35-44,female,United States of America,"Canada, Great Britain & United States",North America,,"[
  ""Medium"",
  ""Low"",
  ""High""
]",3,Beginner,lose weight and tone,,"[
  ""Bachata"",
  ""Brazilian Rhythms"",
  ""Caribbean Rhythms"",
  ""Disco"",
  ""Electronic"",
  ""Hip Hop"",
  ""House"",
  ""Merengue"",
  ""Pop"",
  ""Salsa"",
  ""Techno""
]",2,iOS,Apple,Apple,"Iphone15,4",7,0,0,0,0,5,1
4290814,f53d0fd8-05f9-4331-bd86-be478e615736,2025-11-22,7,Annual,App,Google,,35-44,female,Canada,"Canada, Great Britain & United States",North America,,"[
  ""High""
]",4,Intermediate,lose weight and tone,,"[
  ""Afro Rhythms"",
  ""Brazilian Rhythms"",
  ""Caribbean Rhythms"",
  ""Hip Hop"",
  ""Merengue"",
  ""Pop"",
  ""Reggaeton"",
  ""Salsa""
]",3.13.1,Android,Google,Google,Pixel 9,7,0,0,0,0,1,1
4295940,ea8bf252-fbf4-441a-bf1e-eae6236ad166,2025-11-18,0,Monthly,Web,App to Web,,45-54,female,United States of America,"Canada, Great Britain & United States",North America,,"[
  ""Low""
]",4,Intermediate,lose weight and tone,,"[
  ""Hip Hop"",
  ""Pop""
]",2,iOS,Apple,Apple,"Ipad8,11",0,0,0,0,0,5,1
4266158,8f2ced41-c3c5-4a71-8fc4-170596474992,2025-11-08,7,Annual,Web,Stripe,,25-34,female,United Kingdom,"Canada, Great Britain & United States",Europe,,"[
  ""High""
]",3,Advanced,lose weight and tone,,"[
  ""Afro Rhythms"",
  ""Bachata"",
  ""Brazilian Rhythms"",
  ""Caribbean Rhythms"",
  ""Cumbia"",
  ""Disco"",
  ""Merengue"",
  ""Pop"",
  ""Reggaeton"",
  ""Salsa"",
  ""World Rhythms""
]",3.14.0,Android,Oneplus,Oneplus,Cph2399,7,7,7,0.9501285714,27.007142857,15,1
4281477,6d426684-7139-4c2c-b4fa-cbb1c552801d,2025-11-10,0,Monthly,Web,App to Web,,25-34,female,United States of America,"Canada, Great Britain & United States",North America,,"[
  ""Medium""
]",3,Beginner,lose weight and tone,,"[
  ""Hip Hop"",
  ""House"",
  ""Pop""
]",2,iOS,Apple,Apple,"Iphone15,4",0,0,0,0,0,13,1
4245751,d5112d4c-d80c-4df3-92ec-6e7dda0566cf,2025-11-11,7,Annual,Web,Stripe,Rejoin,55-64,female,United States of America,"Canada, Great Britain & United States",North America,,"[
  ""Low""
]",1,Beginner,lose weight and tone,,"[
  ""Afro Rhythms"",
  ""Bachata"",
  ""Brazilian Rhythms"",
  ""Caribbean Rhythms"",
  ""Hip Hop"",
  ""Merengue"",
  ""Salsa"",
  ""World Rhythms""
]",3.14.0,Android,Samsung,Samsung,Sm-G991u,23,4,4,0.749725,23.7,12,1
4288316,7690d3f1-8bef-4f4e-b511-d976caa80a65,2025-11-14,0,Monthly,Web,App to Web,,35-44,female,United States of America,"Canada, Great Britain & United States",North America,,"[
  ""Medium""
]",3,Beginner,reduce stress,,"[
  ""Hip Hop"",
  ""Merengue"",
  ""Pop"",
  ""Salsa""
]",2,iOS,Apple,Apple,"Iphone14,6",0,3,3,0.9992333333,17.238888889,9,1
4287010,aeb4a8ac-2fd7-4248-b1d4-b3f5fb47a0d3,2025-11-13,0,Monthly,App,App to Web,,45-54,female,United States of America,"Canada, Great Britain & United States",North America,,"[
  ""Medium""
]",5,Beginner,lose weight and tone,,"[
  ""Afro Rhythms"",
  ""Caribbean Rhythms"",
  ""Hip Hop"",
  ""Pop"",
  ""Reggaeton""
]",2,iOS,Apple,Apple,"Iphone15,4",0,6,3,0.5485666667,25.309259259,10,1
4280460,70a3598f-2dd6-4a79-864a-859e2f0f209c,2025-11-16,7,Annual,Web,Stripe,,25-34,female,United States of America,"Canada, Great Britain & United States",North America,,"[
  ""Medium""
]",,Beginner,lose weight and tone,,,,iOS,,,,,0,0,0,0,7,1
4289245,c95dc32c-6a14-485c-a7ce-5e3f2431d8b1,2025-11-22,0,Annual,Web,App to Web,,35-44,female,United States of America,"Canada, Great Britain & United States",North America,,"[
  ""Low""
]",3,Beginner,lose weight and tone,,"[
  ""Caribbean Rhythms"",
  ""Electronic"",
  ""Hip Hop"",
  ""House"",
  ""Pop"",
  ""Reggaeton"",
  ""Techno""
]",6,iOS,Apple,Apple,"Iphone14,7",8,0,0,0,0,1,1
4281796,abd41da3-5818-4bef-a633-8729b636b98f,2025-11-17,7,Annual,Web,Stripe,,35-44,female,United States of America,"Canada, Great Britain & United States",North America,,"[
  ""Low"",
  ""Medium""
]",3,Beginner,reduce stress,,"[
  ""Afro Rhythms"",
  ""Caribbean Rhythms"",
  ""Electronic"",
  ""Hip Hop"",
  ""House"",
  ""Pop"",
  ""Reggaeton"",
  ""Techno""
]",2,iOS,Apple,Apple,"Iphone16,1",7,0,0,0,0,6,1
4212902,29d7b6e2-60d8-4af0-b5bb-71aaa9b77e29,2025-11-10,0,Monthly,App,Apple,,35-44,female,Australia,Rest of the World,APAC (excl. India),,"[
  ""Medium""
]",3,Intermediate,lose weight and tone,,"[
  ""Brazilian Rhythms"",
  ""Hip Hop"",
  ""Salsa""
]",6,iOS,Apple,Apple,"Iphone14,3",0,1,1,1,13.916666667,13,1
4237992,32c9b113-0556-4df1-998b-96e87e5abf1b,2025-11-21,30,Annual,Web,Stripe,Strand,45-54,female,United States of America,"Canada, Great Britain & United States",North America,,,2,,,,,2,iOS,Apple,Apple,"Iphone16,1",,0,0,0,0,2,1
4272684,38b85d6a-dcdd-41c9-b47f-60482f0f13a8,2025-11-11,7,Annual,App,Apple,,35-44,female,Canada,"Canada, Great Britain & United States",North America,,"[
  ""Medium""
]",3,Beginner,lose weight and tone,,"[
  ""Disco"",
  ""Hip Hop"",
  ""Pop"",
  ""Reggaeton""
]",2,iOS,Apple,Apple,"Iphone16,2",7,0,0,0,0,12,1
4286289,af9a9bcf-bbd8-4399-8662-ee0f57b51aeb,2025-11-19,7,Annual,Web,Stripe,,45-54,female,United States of America,"Canada, Great Britain & United States",North America,,"[
  ""Medium""
]",2,Intermediate,lose weight and tone,,"[
  ""Disco"",
  ""Hip Hop"",
  ""Pop""
]",,iOS,,,,,0,0,0,0,4,1
4252405,74378fcc-334b-4d5f-9fd7-1c039a62e4b5,2025-11-17,7,Annual,Web,Stripe,,55-64,female,United States of America,"Canada, Great Britain & United States",North America,,"[
  ""Medium""
]",,Intermediate,lose weight and tone,,"[
  ""Afro Rhythms"",
  ""Bachata"",
  ""Brazilian Rhythms"",
  ""Caribbean Rhythms"",
  ""Cumbia"",
  ""Merengue"",
  ""Salsa"",
  ""World Rhythms""
]",,Mac OS X,,,,,0,0,0,0,6,1
4281036,c1ae0a51-df38-4c3b-96a3-f1fe1c9d0f17,2025-11-10,0,Monthly,App,Apple,,35-44,female,Spain,Rest of the World,Europe,,"[
  ""Low""
]",3,Beginner,lose weight and tone,,"[
  ""Bachata"",
  ""Caribbean Rhythms"",
  ""Hip Hop"",
  ""Pop"",
  ""Reggaeton""
]",2,iOS,Apple,Apple,"Iphone15,2",0,1,0,0,13.916666667,13,1
4300105,148e94ee-d0c2-482a-9730-d7e9b2eacd6b,2025-11-20,0,Annual,App,Google,,45-54,female,India,Rest of the World,India,,"[
  ""Low""
]",,Beginner,,,,3.14.0,Android,Oppo,Oppo,Cph2689,0,4,4,0.74915,19.8625,3,1
4119559,3e8da82a-395f-40da-8106-36f03ef4ed20,2025-11-18,7,Annual,Web,Stripe,,,,Australia,Rest of the World,APAC (excl. India),,"[
  ""Medium""
]",,Intermediate,lose weight and tone,,"[
  ""Afro Rhythms"",
  ""Bachata"",
  ""Cumbia"",
  ""Hip Hop"",
  ""Merengue"",
  ""Pop"",
  ""Reggaeton"",
  ""Salsa""
]",3.14.0,Android,Samsung,Samsung,Sm-G980f,102,0,0,0,0,5,1
1924399,5c5fb683-2293-47aa-9531-a98db578fc87,2025-11-20,7,Annual,Web,Stripe,,35-44,female,United States of America,"Canada, Great Britain & United States",North America,,"[
  ""Low""
]",3,Intermediate,Have some fun,,,,iOS,,,,,0,0,0,0,3,1
2620745,771190e8-b52a-4583-a60c-6d9a8defc846,2025-11-18,0,Monthly,Web,Stripe,,45-54,female,United States of America,"Canada, Great Britain & United States",North America,,"[
  ""Medium""
]",3,Intermediate,lose weight and tone,,"[
  ""Country"",
  ""Hip Hop"",
  ""Pop"",
  ""R&B"",
  ""Reggaeton"",
  ""Salsa""
]",2,iOS,Apple,Apple,"Iphone14,5",219,0,0,0,0,5,1
4301325,94d0b12f-74a4-42cd-82da-10ea02fa096a,2025-11-21,0,Monthly,Web,Stripe,,35-44,female,United States of America,"Canada, Great Britain & United States",North America,,"[
  ""Medium""
]",3,Beginner,lose weight and tone,,"[
  ""Brazilian Rhythms"",
  ""Caribbean Rhythms"",
  ""Hip Hop"",
  ""Pop""
]",6,iOS,Apple,Apple,"Iphone14,7",0,1,1,0.9988,13.916666667,2,1
4300705,a6544c2c-ec88-401a-982f-00f50dc6e65a,2025-11-21,0,Monthly,Web,Stripe,,25-34,female,United States of America,"Canada, Great Britain & United States",North America,,"[
  ""High""
]",4,Advanced,lose weight and tone,,"[
  ""Afro Rhythms"",
  ""Bachata"",
  ""Brazilian Rhythms"",
  ""Caribbean Rhythms"",
  ""Cumbia"",
  ""Disco"",
  ""Merengue"",
  ""Pop"",
  ""Reggaeton"",
  ""Salsa""
]",,iOS,,,,,0,0,0,0,2,1
2920926,4a99bb90-e8f2-4175-9a08-e1d79ad5d21f,2025-11-10,0,Monthly,App,Apple,,,,United States of America,"Canada, Great Britain & United States",North America,Virtual Classes,"[
  ""Medium""
]",,Intermediate,,"[
  ""Taking classes at home"",
  ""Tracking heart rate & calories with my watch"",
  ""Receiving class reminders""
]","[
  ""Bachata"",
  ""Cumbia"",
  ""Hip Hop"",
  ""R&B"",
  ""Reggaeton"",
  ""Salsa""
]",3,iOS,Apple,Apple,"Iphone17,2",607,0,0,0,0,13,1
4274399,89279754-60ab-403b-b271-efcad73415e7,2025-11-12,7,Annual,Web,Stripe,,35-44,female,United States of America,"Canada, Great Britain & United States",North America,,"[
  ""Medium""
]",3,Beginner,lose weight and tone,,"[
  ""Afro Rhythms"",
  ""Bachata"",
  ""Brazilian Rhythms"",
  ""Caribbean Rhythms"",
  ""Cumbia"",
  ""Hip Hop"",
  ""House"",
  ""Merengue"",
  ""Reggaeton"",
  ""Salsa""
]",2,iOS,Apple,Apple,"Iphone14,2",7,0,0,0,0,11,1
4266015,846182f1-be7d-4e5f-b34e-269e84807018,2025-11-10,7,Annual,Web,Stripe,,35-44,female,Netherlands,Rest of the World,Europe,,"[
  ""Medium""
]",3,Beginner,lose weight and tone,,"[
  ""Bachata"",
  ""Brazilian Rhythms"",
  ""Caribbean Rhythms"",
  ""Chill Out"",
  ""Disco"",
  ""Pop"",
  ""Reggaeton"",
  ""Salsa""
]",2,iOS,Apple,Apple,"Ipad14,8",7,5,5,0.91336,37.416666667,13,1
4280064,e4990c3b-9062-429b-9bbd-5d7112741bfa,2025-11-09,0,Monthly,Web,App to Web,,65+,female,United States of America,"Canada, Great Britain & United States",North America,,,3,Beginner,,,"[
  ""Caribbean Rhythms""
]",2,iOS,Apple,Apple,"Iphone17,1",0,0,0,0,0,14,1
4281753,d3a0c583-feef-4037-b1b0-c98b9fe4a2c7,2025-11-10,0,Monthly,Web,Stripe,,35-44,female,United States of America,"Canada, Great Britain & United States",North America,,"[
  ""Low"",
  ""Medium""
]",3,Beginner,lose weight and tone,,"[
  ""Afro Rhythms"",
  ""Caribbean Rhythms"",
  ""Chill Out"",
  ""Hip Hop"",
  ""House"",
  ""Pop"",
  ""Reggaeton"",
  ""Salsa""
]",2,iOS,Apple,Apple,"Iphone15,5",0,0,0,0,0,13,1
4279530,5367f905-d9ac-429a-9dfe-3f9bc31b253a,2025-11-11,0,Monthly,Web,Stripe,,,,United States of America,"Canada, Great Britain & United States",North America,,,3,,,,,3.13.1,Android,Motorola,Motorola,Moto G 5g - 2024,0,1,1,0.9988,13.916666667,12,1
4280492,4df2d32b-a5d8-4a8f-aafa-4c4a1ad2c30e,2025-11-09,0,Annual,Web,App to Web,,25-34,female,United States of America,"Canada, Great Britain & United States",North America,,"[
  ""Medium""
]",3,Beginner,lose weight and tone,,"[
  ""Pop""
]",2,iOS,Apple,Apple,"Iphone15,3",0,0,0,0,0,14,1
4259738,0044e160-d41a-4c67-83aa-ee725a309505,2025-11-12,0,Monthly,App,Apple,,25-34,female,United States of America,"Canada, Great Britain & United States",North America,,"[
  ""Medium""
]",2,Intermediate,lose weight and tone,,"[
  ""Chill Out"",
  ""Disco"",
  ""Electronic"",
  ""Hip Hop"",
  ""House"",
  ""Pop"",
  ""Techno""
]",2,iOS,Apple,Apple,"Ipad7,5",17,3,3,0.4165666667,27.661111111,11,1
4257930,eb22ac72-421b-45fc-8db4-d2d9d50bc01b,2025-11-09,7,Annual,Web,App to Web,,45-54,female,United States of America,"Canada, Great Britain & United States",North America,,"[
  ""Medium""
]",3,Beginner,lose weight and tone,,"[
  ""Pop""
]",6,iOS,Apple,Apple,"Iphone17,4",7,0,0,0,0,14,1
4283986,d539321e-b34d-4019-b0e1-8bd32ace9633,2025-11-18,7,Annual,Web,Stripe,,35-44,female,United States of America,"Canada, Great Britain & United States",North America,,"[
  ""Low"",
  ""Medium""
]",4,Beginner,lose weight and tone,,"[
  ""Disco"",
  ""Hip Hop"",
  ""House"",
  ""Merengue"",
  ""Pop"",
  ""Salsa""
]",3.14.0,Android,Google,Google,Pixel 8 Pro,7,0,0,0,0,5,1
4225533,68810356-21b3-46c0-a961-d4333bcb2203,2025-11-13,0,Monthly,Web,App to Web,,45-54,female,United States of America,"Canada, Great Britain & United States",North America,,"[
  ""Medium""
]",3,Intermediate,Start my fitness journey,,"[
  ""Hip Hop"",
  ""Pop"",
  ""Salsa""
]",2,iOS,Apple,Apple,"Iphone13,4",0,0,0,0,0,10,1
4278386,784622a0-588b-48c8-825b-f22f617658b9,2025-11-08,0,Monthly,App,App to Web,,45-54,female,United States of America,"Canada, Great Britain & United States",North America,,"[
  ""Low"",
  ""Medium""
]",3,Beginner,Start my fitness journey,,"[
  ""Bachata"",
  ""Caribbean Rhythms"",
  ""Disco"",
  ""Merengue"",
  ""Reggaeton"",
  ""Salsa"",
  ""World Rhythms""
]",2,iOS,Apple,Apple,"Iphone15,3",0,1,0,0,13.916666667,15,1
4288006,3526cf1c-f4ea-41ee-98de-908ebb37d881,2025-11-20,7,Annual,Web,App to Web,,55-64,female,United States of America,"Canada, Great Britain & United States",North America,,"[
  ""Medium""
]",5,Beginner,Start my fitness journey,,"[
  ""Chill Out"",
  ""Disco"",
  ""House"",
  ""Pop""
]",2,iOS,Apple,Apple,"Iphone17,2",7,0,0,0,0,3,1
4273657,d685fb15-e6c4-4284-b01f-67a98e822803,2025-11-12,7,Annual,Web,Stripe,,18-24,male,Belgium,Rest of the World,Europe,,"[
  ""Medium""
]",3,Intermediate,lose weight and tone,,"[
  ""Caribbean Rhythms"",
  ""Pop"",
  ""World Rhythms""
]",2,iOS,Apple,Apple,"Iphone14,3",7,3,1,0.9995,31.241666667,11,1
4191820,86ed5bc2-8d88-45e7-a804-7dcbc4ef9abc,2025-11-17,0,Monthly,Web,Stripe,,25-34,female,Poland,Rest of the World,Europe,,"[
  ""Medium""
]",5,Intermediate,lose weight and tone,,"[
  ""Afro Rhythms"",
  ""Bachata"",
  ""Brazilian Rhythms"",
  ""Caribbean Rhythms"",
  ""Hip Hop"",
  ""Merengue"",
  ""Pop"",
  ""Reggaeton"",
  ""Salsa""
]",3.14.0,Android,Oppo,Oppo,Cph2247,0,0,0,0,0,6,1
4266523,9eb57da9-2585-4cec-adfa-cbcad9a62b78,2025-11-08,7,Annual,Web,App to Web,,25-34,female,United States of America,"Canada, Great Britain & United States",North America,,"[
  ""Medium"",
  ""High""
]",3,Beginner,lose weight and tone,,"[
  ""Bachata"",
  ""Caribbean Rhythms"",
  ""Cumbia"",
  ""Hip Hop"",
  ""Merengue"",
  ""Pop"",
  ""Reggaeton"",
  ""Salsa""
]",2,iOS,Apple,Apple,"Iphone14,3",7,0,0,0,0,15,1
4085080,55c87fa6-3cd8-465b-9aea-82284c7a23cb,2025-11-08,7,Annual,Web,Stripe,,35-44,female,United States of America,"Canada, Great Britain & United States",North America,,"[
  ""Low""
]",2,Intermediate,Start my fitness journey,,"[
  ""Alternative"",
  ""Belly Dance"",
  ""Bellydance"",
  ""Bollywood"",
  ""Broadway"",
  ""Caribbean Rhythms"",
  ""Disco"",
  ""Funk"",
  ""K-Pop"",
  ""Merengue"",
  ""Pop"",
  ""Rock"",
  ""Salsa""
]",3.14.0,Android,Google,Google,Pixel 9 Pro Xl,7,4,3,0.4556333333,43.947619048,15,1
3141744,e75402d4-e511-44bc-9ae6-ed31d5f75b04,2025-11-08,7,Annual,App,App to Web,,,,United States of America,"Canada, Great Britain & United States",North America,,"[
  ""Low""
]",1,Beginner,Start my fitness journey,,"[
  ""Afrobeats"",
  ""Bachata"",
  ""Bollywood"",
  ""Cumbia"",
  ""Hip Hop"",
  ""K-Pop"",
  ""Merengue"",
  ""Pop"",
  ""R&B"",
  ""Reggae"",
  ""Reggaeton"",
  ""Salsa""
]",2,iOS,Apple,Apple,"Iphone15,5",486,4,4,0.554175,22.7,15,1
3752758,6f0c0564-fa26-4311-920a-71473dbd48ff,2025-11-17,7,Annual,Web,App to Web,,,,United States of America,"Canada, Great Britain & United States",North America,,"[
  ""Medium""
]",3,Beginner,lose weight and tone,,"[
  ""Belly Dance"",
  ""Country"",
  ""Disco"",
  ""Pop"",
  ""Reggae"",
  ""Rock"",
  ""Salsa""
]",2,iOS,Apple,Apple,"Iphone15,5",260,0,0,0,0,6,1
4017007,f40f9202-8433-443a-95af-3cac0c2b237d,2025-11-16,0,Annual,Web,App to Web,,,,United States of America,"Canada, Great Britain & United States",North America,,"[
  ""High""
]",5,Intermediate,lose weight and tone,,"[
  ""Afro Rhythms"",
  ""Afrobeats"",
  ""Bachata"",
  ""Belly Dance"",
  ""Bellydance"",
  ""Brazilian Rhythms"",
  ""Broadway"",
  ""Caribbean Rhythms"",
  ""Chill Out"",
  ""Cumbia"",
  ""Hip Hop"",
  ""K-Pop"",
  ""Merengue"",
  ""Pop"",
  ""R&B"",
  ""Reggaeton"",
  ""Salsa"",
  ""Soca""
]",6,iOS,Apple,Apple,"Iphone13,3",151,7,4,0.9985,17.977272727,7,1
4161570,fcc03fe2-60fd-4c3d-bfe0-fecff540b360,2025-11-22,0,Monthly,Web,App to Web,,35-44,female,United States of America,"Canada, Great Britain & United States",North America,,"[
  ""Medium""
]",5,Intermediate,lose weight and tone,,"[
  ""Electronic"",
  ""Hip Hop"",
  ""House"",
  ""Pop"",
  ""Reggaeton"",
  ""Techno""
]",6,iOS,Apple,Apple,"Iphone12,1",0,2,1,0.4948,52.683333333,1,1
4293552,36008105-eaee-4c53-97e2-f0baf5dbe06f,2025-11-20,0,Monthly,App,Apple,,55-64,male,United States of America,"Canada, Great Britain & United States",North America,,"[
  ""Medium""
]",3,Intermediate,lose weight and tone,,"[
  ""Disco"",
  ""Hip Hop"",
  ""Pop""
]",,Windows,,,,0,3,3,0.6891333333,25.35,3,1
4290897,3206b6e5-f6a3-429e-b039-19c4b630537f,2025-11-22,7,Annual,Web,Stripe,Rejoin,25-34,female,United States of America,"Canada, Great Britain & United States",North America,,"[
  ""Low""
]",3,Beginner,,,"[
  ""Afro Rhythms"",
  ""Bachata"",
  ""Caribbean Rhythms"",
  ""Hip Hop"",
  ""Reggaeton"",
  ""World Rhythms""
]",3,iOS,Apple,Apple,"Iphone14,7",7,0,0,0,0,1,1
3719785,18cd0684-6a04-4c65-8410-c971f4e59c4c,2025-11-23,7,Annual,App,Apple,,,,Canada,"Canada, Great Britain & United States",North America,,"[
  ""High""
]",3,Advanced,lose weight and tone,,"[
  ""Afrobeats"",
  ""Bachata"",
  ""Bollywood"",
  ""Cumbia"",
  ""Hip Hop"",
  ""Merengue"",
  ""Pop"",
  ""Reggaeton"",
  ""Salsa""
]",6,iOS,Apple,Apple,"Iphone16,2",280,1,1,0.9664,50.65,0,1
4279326,e3139bdd-e008-4e6d-ae8e-f2072256102e,2025-11-23,7,Annual,Web,App to Web,,45-54,female,United States of America,"Canada, Great Britain & United States",North America,,"[
  ""Low""
]",2,Beginner,lose weight and tone,,"[
  ""Brazilian Rhythms"",
  ""Cumbia"",
  ""Merengue"",
  ""Pop"",
  ""Salsa""
]",2,iOS,Apple,Apple,"Iphone14,7",7,0,0,0,0,0,1
4303565,562d97eb-6b33-4825-97eb-fe7a5f2094c6,2025-11-23,0,Monthly,Web,Stripe,,35-44,female,United States of America,"Canada, Great Britain & United States",North America,,"[
  ""Medium""
]",5,Intermediate,lose weight and tone,,"[
  ""Afro Rhythms"",
  ""Caribbean Rhythms"",
  ""Hip Hop"",
  ""House"",
  ""Merengue"",
  ""Pop"",
  ""Reggaeton"",
  ""World Rhythms""
]",6,iOS,Apple,Apple,"Iphone13,4",0,0,0,0,0,0,1
4286333,43dedab9-85b2-4e78-955c-e37e6c63afbe,2025-11-23,7,Annual,Web,Stripe,,45-54,female,Sweden,Rest of the World,Europe,,"[
  ""High""
]",3,Intermediate,lose weight and tone,,"[
  ""Afro Rhythms"",
  ""Bachata"",
  ""Caribbean Rhythms"",
  ""Disco"",
  ""Merengue"",
  ""Pop"",
  ""Reggaeton"",
  ""Salsa""
]",6,iOS,Apple,Apple,"Iphone12,1",7,0,0,0,0,0,1
4291909,73a81521-8a5d-4a64-9e96-bf2c251049cc,2025-11-23,7,Annual,Web,Stripe,,65+,,United States of America,"Canada, Great Britain & United States",North America,,"[
  ""Medium""
]",3,Beginner,Start my fitness journey,,"[
  ""Afro Rhythms"",
  ""Bachata"",
  ""Brazilian Rhythms"",
  ""Caribbean Rhythms"",
  ""Chill Out"",
  ""Cumbia"",
  ""Disco"",
  ""Electronic"",
  ""Hip Hop"",
  ""House"",
  ""Merengue"",
  ""Pop"",
  ""Reggaeton"",
  ""Salsa"",
  ""Techno"",
  ""World Rhythms""
]",2,iOS,Apple,Apple,"Iphone14,8",7,0,0,0,0,0,1
4292071,a8f366c0-2bb6-41ac-85a1-cf4fb4770d85,2025-11-23,7,Annual,App,Google,,25-34,female,United Kingdom,"Canada, Great Britain & United States",Europe,,"[
  ""High""
]",,Advanced,Start my fitness journey,,"[
  ""Afro Rhythms"",
  ""Caribbean Rhythms"",
  ""Disco"",
  ""Hip Hop"",
  ""Pop""
]",3.14.0,Android,Samsung,Samsung,Sm-S721b,7,0,0,0,0,0,1
4291293,c336c2ce-65ed-4631-810e-7f2b0eb8e499,2025-11-23,7,Annual,Web,Stripe,,55-64,female,United Kingdom,"Canada, Great Britain & United States",Europe,,"[
  ""Medium""
]",3,Intermediate,lose weight and tone,,"[
  ""Pop"",
  ""Reggaeton"",
  ""Salsa""
]",,iOS,,,,,0,0,0,0,0,1
4289646,7e896c20-b786-44b0-933e-e8394661e52b,2025-11-22,7,Annual,Web,Stripe,,35-44,female,United States of America,"Canada, Great Britain & United States",North America,,"[
  ""Medium""
]",5,Beginner,lose weight and tone,,"[
  ""Electronic"",
  ""Hip Hop"",
  ""Pop"",
  ""Techno""
]",2,iOS,Apple,Apple,"Iphone15,2",7,0,0,0,0,1,1
2555838,d383b207-ac5a-4446-a6a4-1c88a7e1d0b5,2025-11-23,0,Monthly,App,Google,,35-44,female,France,Rest of the World,Europe,,"[
  ""Medium""
]",,Intermediate,Start my fitness journey,,"[
  ""Brazilian Rhythms"",
  ""Caribbean Rhythms"",
  ""Cumbia"",
  ""Disco"",
  ""Merengue"",
  ""Pop"",
  ""Reggaeton"",
  ""Techno""
]",3.14.0,Android,Xiaomi,Xiaomi,21051182g,0,3,3,0.7288666667,14.277777778,0,1
4291362,620318e1-5cd6-470d-96c0-653c967dbc3b,2025-11-23,0,Annual,App,Google,,25-34,female,United Kingdom,"Canada, Great Britain & United States",Europe,,"[
  ""Low""
]",2,Beginner,Start my fitness journey,,"[
  ""Afro Rhythms"",
  ""Bachata"",
  ""Brazilian Rhythms"",
  ""Caribbean Rhythms"",
  ""Cumbia"",
  ""Disco"",
  ""Electronic"",
  ""Hip Hop"",
  ""House"",
  ""Merengue"",
  ""Pop"",
  ""Reggaeton"",
  ""Salsa"",
  ""Techno"",
  ""World Rhythms""
]",3.14.0,Android,Samsung,Samsung,Sm-A556b,7,3,0,0,13.916666667,0,1
4291440,cdda8ac5-4681-4eac-b67b-8a37bfeb905a,2025-11-23,7,Annual,Web,Stripe,,35-44,female,United States of America,"Canada, Great Britain & United States",North America,,"[
  ""Medium""
]",3,Beginner,lose weight and tone,,"[
  ""Bachata"",
  ""Caribbean Rhythms"",
  ""Hip Hop"",
  ""Reggaeton"",
  ""Salsa""
]",3.13.1,Android,Samsung,Samsung,Sm-G996u,7,0,0,0,0,0,1
4276313,c6faeae4-1539-49f1-8fd3-79f1327a39c1,2025-11-18,7,Annual,App,Apple,,25-34,female,United Kingdom,"Canada, Great Britain & United States",Europe,,"[
  ""High""
]",4,Beginner,lose weight and tone,,"[
  ""Afro Rhythms"",
  ""Brazilian Rhythms"",
  ""Caribbean Rhythms"",
  ""Disco"",
  ""Hip Hop"",
  ""House"",
  ""Pop"",
  ""Reggaeton"",
  ""Salsa"",
  ""World Rhythms""
]",2,iOS,Apple,Apple,"Iphone17,1",11,2,2,0.86895,31.233333333,1,1
4255132,5459f465-c703-4ff1-a7b6-a582812ac752,2025-11-23,7,Annual,Web,Stripe,,25-34,female,United States of America,"Canada, Great Britain & United States",North America,,"[
  ""Low"",
  ""Medium""
]",3,Intermediate,Start my fitness journey,,"[
  ""Afro Rhythms"",
  ""Bachata"",
  ""Caribbean Rhythms"",
  ""Cumbia"",
  ""Disco"",
  ""Hip Hop"",
  ""Merengue"",
  ""Pop"",
  ""Reggaeton"",
  ""Salsa""
]",3.13.1,Android,Samsung,Samsung,Sm-G981u1,7,0,0,0,0,0,1
704314,83e7e85a-515a-40f1-8666-120a21095ed6,2025-11-12,0,Annual,Web,App to Web,,55-64,female,United States of America,"Canada, Great Britain & United States",North America,,,5,Intermediate,lose weight and tone,,"[
  ""Afro Rhythms"",
  ""Bachata"",
  ""Brazilian Rhythms"",
  ""Caribbean Rhythms"",
  ""Cumbia"",
  ""Disco"",
  ""Hip Hop"",
  ""Merengue"",
  ""Pop"",
  ""Salsa""
]",3.13.1,Android,Google,Google,Pixel 8 Pro,3,10,10,0.88543,27.846666667,11,1
4273624,5f9a1bb5-5d40-405c-a2fe-62f641a54a53,2025-11-12,7,Annual,Web,Stripe,,25-34,female,United States of America,"Canada, Great Britain & United States",North America,,"[
  ""Medium"",
  ""High""
]",3,Intermediate,lose weight and tone,,"[
  ""Afro Rhythms"",
  ""Bachata"",
  ""Brazilian Rhythms"",
  ""Caribbean Rhythms"",
  ""Cumbia"",
  ""Disco"",
  ""Electronic"",
  ""Hip Hop"",
  ""House"",
  ""Merengue"",
  ""Pop"",
  ""Reggaeton"",
  ""Salsa""
]",2,iOS,Apple,Apple,"Iphone14,5",7,0,0,0,0,11,1
4266583,c521450b-d936-4eb1-9e92-6c26d51f0847,2025-11-08,7,Annual,Web,Stripe,,45-54,female,United States of America,"Canada, Great Britain & United States",North America,,"[
  ""Medium"",
  ""High""
]",3,Advanced,lose weight and tone,,"[
  ""Bachata"",
  ""Brazilian Rhythms"",
  ""Cumbia"",
  ""Hip Hop"",
  ""Merengue"",
  ""Pop"",
  ""Reggaeton"",
  ""Salsa"",
  ""World Rhythms""
]",2,iOS,Apple,Apple,"Iphone14,7",7,0,0,0,0,15,1
4274320,32975a00-c0d7-4bc5-9833-24e3950bb588,2025-11-08,0,Annual,App,Apple,,35-44,male,India,Rest of the World,India,,"[
  ""Low""
]",3,Beginner,,,,2,iOS,Apple,Apple,"Iphone17,2",3,2,1,0,11.383333333,15,1
4281406,05cd46f6-4a21-437e-b268-c8fb31f5ced8,2025-11-10,0,Monthly,Web,Stripe,,45-54,female,United Kingdom,"Canada, Great Britain & United States",Europe,,"[
  ""Medium""
]",3,Intermediate,lose weight and tone,,"[
  ""Afro Rhythms"",
  ""Brazilian Rhythms"",
  ""Caribbean Rhythms"",
  ""Pop"",
  ""Reggaeton"",
  ""Salsa""
]",2,iOS,Apple,Apple,"Iphone14,5",0,0,0,0,0,13,1
4263932,4ba42f75-5fc2-4953-b42d-4d16add65990,2025-11-17,0,Annual,App,Google,,35-44,female,Switzerland,Rest of the World,Europe,,"[
  ""High""
]",4,Intermediate,lose weight and tone,,"[
  ""Afro Rhythms"",
  ""Bachata"",
  ""Brazilian Rhythms"",
  ""Caribbean Rhythms"",
  ""Cumbia"",
  ""Electronic"",
  ""Hip Hop"",
  ""Merengue"",
  ""Reggaeton"",
  ""Salsa"",
  ""Techno"",
  ""World Rhythms""
]",3.13.1,Android,Samsung,Samsung,Sm-T500,18,1,1,1,30,6,1
4277059,73324a4d-3248-444a-9831-c7f5b0c9e4d1,2025-11-10,0,Monthly,App,Apple,,25-34,female,Australia,Rest of the World,APAC (excl. India),,"[
  ""Medium""
]",3,Intermediate,lose weight and tone,,"[
  ""Caribbean Rhythms"",
  ""Disco"",
  ""Hip Hop"",
  ""Pop"",
  ""Salsa"",
  ""Techno"",
  ""World Rhythms""
]",2,iOS,Apple,Apple,"Iphone15,4",3,6,5,0.90764,34.571212121,13,1
4270858,a2340a16-4314-4e15-a5b1-2284b4073ce3,2025-11-17,7,Annual,Web,Stripe,Rejoin,25-34,female,United States of America,"Canada, Great Britain & United States",North America,,"[
  ""High""
]",3,,lose weight and tone,,,2,iOS,Apple,Apple,"Iphone17,1",14,2,1,1,29.883333333,6,1
4288428,173be31f-6226-4a15-8c11-9534051e78d0,2025-11-21,0,Monthly,Web,Stripe,,35-44,female,United States of America,"Canada, Great Britain & United States",North America,,"[
  ""Medium""
]",5,Intermediate,lose weight and tone,,"[
  ""Afro Rhythms"",
  ""Bachata"",
  ""Caribbean Rhythms"",
  ""Hip Hop"",
  ""House"",
  ""Merengue"",
  ""Reggaeton"",
  ""Salsa"",
  ""Techno""
]",6,iOS,Apple,Apple,"Iphone13,2",-1,1,0,0,13.916666667,2,1
4266197,002e15b0-4032-4fb2-83d7-90ebcbab5e8a,2025-11-08,7,Annual,Web,Stripe,,35-44,female,United States of America,"Canada, Great Britain & United States",North America,,"[
  ""High""
]",3,Advanced,lose weight and tone,,"[
  ""Afro Rhythms"",
  ""Bachata"",
  ""Brazilian Rhythms"",
  ""Caribbean Rhythms"",
  ""Cumbia"",
  ""Electronic"",
  ""Hip Hop"",
  ""House"",
  ""Merengue"",
  ""Pop"",
  ""Reggaeton"",
  ""Salsa"",
  ""Techno"",
  ""World Rhythms""
]",3.13.0,Android,Samsung,Samsung,Sm-S928u1,7,0,0,0,0,15,1
1661684,006b9fca-636c-4c4e-a621-ef732c32d077,2025-11-11,0,Annual,Web,App to Web,,55-64,female,United States of America,"Canada, Great Britain & United States",North America,,,3,,lose weight and tone,,"[
  ""Caribbean Rhythms"",
  ""Disco"",
  ""Hip Hop"",
  ""House"",
  ""Pop"",
  ""Reggaeton"",
  ""Salsa"",
  ""Techno""
]",2,iOS,Apple,Apple,"Iphone14,3",3,3,2,0.99925,27.916666667,12,1
4272346,2d9943ea-b490-42b9-b453-da83191e69e3,2025-11-15,7,Annual,Web,App to Web,,25-34,female,United States of America,"Canada, Great Britain & United States",North America,,"[
  ""Low""
]",3,Beginner,Have some fun,,"[
  ""Brazilian Rhythms"",
  ""Caribbean Rhythms"",
  ""Pop""
]",2,iOS,Apple,Apple,"Ipad15,7",11,0,0,0,0,8,1
4271385,aaa7ecc3-7e7e-4b6e-a83c-06693c5237ac,2025-11-11,7,Annual,Web,Stripe,,25-34,female,United States of America,"Canada, Great Britain & United States",North America,,"[
  ""Medium""
]",3,Beginner,reduce stress,,"[
  ""Afro Rhythms"",
  ""Bachata"",
  ""Brazilian Rhythms"",
  ""Caribbean Rhythms"",
  ""Cumbia"",
  ""Hip Hop"",
  ""Merengue"",
  ""Reggaeton"",
  ""Salsa""
]",2,iOS,Apple,Apple,"Iphone17,4",7,2,2,0.9994,23.016666667,12,1
4284306,71d29045-a4b3-4b34-b677-8e817c6c1981,2025-11-18,7,Annual,Web,Stripe,,25-34,female,United States of America,"Canada, Great Britain & United States",North America,,"[
  ""High""
]",4,Advanced,lose weight and tone,,"[
  ""Brazilian Rhythms"",
  ""Hip Hop"",
  ""House"",
  ""Pop"",
  ""Techno""
]",2,iOS,Apple,Apple,"Iphone14,7",7,0,0,0,0,5,1
4296230,5a4afe90-175a-4e3d-93f6-b0fc635f1b2f,2025-11-18,0,Monthly,Web,App to Web,,35-44,female,United States of America,"Canada, Great Britain & United States",North America,,"[
  ""Medium""
]",3,Beginner,Start my fitness journey,,"[
  ""Hip Hop"",
  ""Salsa""
]",2,iOS,Apple,Apple,"Iphone14,2",0,0,0,0,0,5,1
4281532,d54758b3-594a-4da9-aedd-93f1f14aaf25,2025-11-17,7,Annual,App,Google,,45-54,female,Poland,Rest of the World,Europe,,"[
  ""Low""
]",,Beginner,reduce stress,,"[
  ""Bachata"",
  ""Brazilian Rhythms"",
  ""Caribbean Rhythms"",
  ""Salsa""
]",3.14.0,Android,Samsung,Samsung,Sm-A546b,7,0,0,0,0,6,1
4278604,f267a0bb-d923-4cd1-b690-0df5a4a4b339,2025-11-15,7,Annual,Web,App to Web,,55-64,female,United States of America,"Canada, Great Britain & United States",North America,,"[
  ""Medium""
]",3,Beginner,lose weight and tone,,"[
  ""Brazilian Rhythms"",
  ""Disco"",
  ""Hip Hop"",
  ""Pop"",
  ""Salsa""
]",6,iOS,Apple,Apple,"Iphone18,2",7,0,0,0,0,8,1
4283652,c2f1ea1b-eff2-4915-809c-3702a5d8f2db,2025-11-11,0,Monthly,Web,Stripe,,35-44,female,France,Rest of the World,Europe,,"[
  ""Medium""
]",3,Beginner,lose weight and tone,,"[
  ""Afro Rhythms"",
  ""Bachata"",
  ""Brazilian Rhythms"",
  ""Caribbean Rhythms"",
  ""Chill Out"",
  ""Disco"",
  ""Electronic"",
  ""Hip Hop"",
  ""House"",
  ""Pop"",
  ""Salsa"",
  ""Techno"",
  ""World Rhythms""
]",3.13.1,Android,Samsung,Samsung,Sm-F956b,0,1,0,0,49.966666667,12,1
4284652,05019ce5-16c0-4480-a016-9976a1cfba2f,2025-11-19,7,Annual,Web,Stripe,,35-44,female,United Kingdom,"Canada, Great Britain & United States",Europe,,"[
  ""Medium""
]",2,Beginner,Start my fitness journey,,"[
  ""Brazilian Rhythms"",
  ""Caribbean Rhythms"",
  ""Disco"",
  ""House"",
  ""Reggaeton""
]",2,iOS,Apple,Apple,"Iphone17,1",7,0,0,0,0,4,1
4283931,fa503349-08f6-4f55-bf03-fda58fba1cd7,2025-11-18,7,Annual,Web,Stripe,,,,United Kingdom,"Canada, Great Britain & United States",Europe,,"[
  ""High""
]",3,Advanced,,,"[
  ""Disco"",
  ""Hip Hop"",
  ""Pop"",
  ""Salsa"",
  ""World Rhythms""
]",,iOS,,,,,1,1,0.4162,31.033333333,5,1
4302174,52ad601d-9c72-4d47-9586-823e31d28b19,2025-11-22,0,Monthly,App,Apple,,35-44,female,United States of America,"Canada, Great Britain & United States",North America,,"[
  ""Low""
]",3,Beginner,lose weight and tone,,"[
  ""Bachata"",
  ""Cumbia"",
  ""Disco"",
  ""Electronic"",
  ""Hip Hop"",
  ""House"",
  ""Merengue"",
  ""Pop"",
  ""Salsa"",
  ""Techno""
]",6,iOS,Apple,Apple,"Iphone15,3",0,0,0,0,0,1,1
4284830,dc1c9abb-a43a-4a38-b2fa-7f7def2ada1f,2025-11-19,7,Annual,Web,Stripe,,25-34,female,Norway,Rest of the World,Europe,,"[
  ""Low"",
  ""Medium""
]",3,Beginner,lose weight and tone,,"[
  ""Afro Rhythms"",
  ""Bachata"",
  ""Brazilian Rhythms"",
  ""Caribbean Rhythms"",
  ""Cumbia"",
  ""Disco"",
  ""Hip Hop"",
  ""Pop"",
  ""Salsa""
]",,iOS,,,,,0,0,0,0,4,1
4288370,890cee8e-a45f-4eb6-aa41-1e36ba2e1904,2025-11-21,7,Annual,App,Apple,,25-34,female,United Kingdom,"Canada, Great Britain & United States",Europe,,"[
  ""High""
]",3,Intermediate,Have some fun,,"[
  ""Afro Rhythms"",
  ""Bachata"",
  ""Brazilian Rhythms"",
  ""Caribbean Rhythms"",
  ""Cumbia"",
  ""Disco"",
  ""Merengue"",
  ""Reggaeton"",
  ""Salsa"",
  ""Techno""
]",6,iOS,Apple,Apple,"Iphone13,4",7,9,2,0.9997,29.707575758,2,1
4298280,ba37145f-2810-450a-bd87-1162b96a4539,2025-11-19,0,Monthly,Web,Stripe,,35-44,female,United States of America,"Canada, Great Britain & United States",North America,,"[
  ""Medium""
]",3,Intermediate,lose weight and tone,,"[
  ""Afro Rhythms"",
  ""Caribbean Rhythms"",
  ""Hip Hop"",
  ""Pop"",
  ""Reggaeton"",
  ""Salsa""
]",3.14.0,Android,Samsung,Samsung,Sm-S938u,0,0,0,0,0,4,1
4279048,9395c51a-b527-4a28-96bd-b348739e0c22,2025-11-16,7,Annual,App,Apple,,35-44,female,Netherlands,Rest of the World,Europe,,"[
  ""Medium""
]",3,Intermediate,lose weight and tone,,"[
  ""Afro Rhythms"",
  ""Bachata"",
  ""Brazilian Rhythms"",
  ""Caribbean Rhythms"",
  ""Cumbia"",
  ""Disco"",
  ""Hip Hop"",
  ""House"",
  ""Merengue"",
  ""Pop"",
  ""Reggaeton"",
  ""Salsa"",
  ""World Rhythms""
]",2,iOS,Apple,Apple,"Iphone16,1",8,0,0,0,0,2,1
4301433,e1f36333-ab7c-40de-b1c2-aaa46b3df8dd,2025-11-21,0,Monthly,App,Apple,,35-44,female,United States of America,"Canada, Great Britain & United States",North America,,"[
  ""Medium"",
  ""High"",
  ""Low""
]",3,Intermediate,lose weight and tone,,"[
  ""Afro Rhythms"",
  ""Bachata"",
  ""Brazilian Rhythms"",
  ""Caribbean Rhythms"",
  ""Chill Out"",
  ""Hip Hop"",
  ""Merengue"",
  ""Pop"",
  ""Reggaeton"",
  ""Salsa"",
  ""World Rhythms""
]",6,iOS,Apple,Apple,"Iphone17,4",0,4,2,0.55075,26.372222222,2,1
4301331,d34ae977-9408-478d-a919-6ef087c0007f,2025-11-21,0,Monthly,Web,Stripe,,35-44,female,United States of America,"Canada, Great Britain & United States",North America,,"[
  ""Medium""
]",3,Intermediate,lose weight and tone,,"[
  ""Bachata"",
  ""Caribbean Rhythms"",
  ""Cumbia"",
  ""Disco"",
  ""Hip Hop"",
  ""House"",
  ""Merengue"",
  ""Pop"",
  ""Reggaeton"",
  ""Salsa""
]",6,iOS,Apple,Apple,"Iphone13,3",0,3,3,0.9990333333,19.622222222,2,1
3741739,1ddca90d-b2d2-4de7-9203-e9424f08885e,2025-11-20,7,Annual,Web,Stripe,,35-44,female,United Kingdom,"Canada, Great Britain & United States",Europe,,"[
  ""Medium""
]",2,Intermediate,reduce stress,,"[
  ""Blues"",
  ""Cumbia"",
  ""Disco"",
  ""Funk"",
  ""Hip Hop"",
  ""House"",
  ""Pop"",
  ""R&B"",
  ""Reggae"",
  ""Reggaeton"",
  ""Salsa"",
  ""Soca""
]",3.13.1,Android,Google,Google,Pixel 7a,7,0,0,0,0,3,1
4278507,8c836773-47ea-43a2-85f9-3b58d0a5e27f,2025-11-08,0,Monthly,Web,App to Web,,45-54,female,United States of America,"Canada, Great Britain & United States",North America,,"[
  ""Low""
]",14,Beginner,lose weight and tone,,"[
  ""Afro Rhythms"",
  ""Brazilian Rhythms"",
  ""Caribbean Rhythms"",
  ""Chill Out"",
  ""Electronic"",
  ""Pop"",
  ""Reggaeton"",
  ""Techno"",
  ""World Rhythms""
]",6,iOS,Apple,Apple,"Iphone16,2",0,72,42,0.6341857143,20.576969697,15,1
4286025,0f1818e7-4589-40df-87af-6b9693228746,2025-11-16,0,Annual,Web,App to Web,,55-64,female,United States of America,"Canada, Great Britain & United States",North America,,"[
  ""Medium""
]",3,Intermediate,lose weight and tone,,"[
  ""Brazilian Rhythms"",
  ""Disco"",
  ""Merengue"",
  ""Pop"",
  ""Salsa""
]",2,iOS,Apple,Apple,"Iphone15,5",4,0,0,0,0,7,1
4045853,1555f7ce-2242-4a6f-8552-6a0dd8b78f1f,2025-11-14,7,Annual,Web,Stripe,,25-34,female,United States of America,"Canada, Great Britain & United States",North America,,"[
  ""Medium"",
  ""High""
]",3,Intermediate,lose weight and tone,,"[
  ""Afro Rhythms"",
  ""Bachata"",
  ""Belly Dance"",
  ""Bellydance"",
  ""Caribbean Rhythms"",
  ""Cumbia"",
  ""Hip Hop"",
  ""Merengue"",
  ""R&B"",
  ""Reggaeton"",
  ""Salsa"",
  ""Soca""
]",2,iOS,Apple,Apple,"Iphone15,3",7,0,0,0,0,9,1
4275934,417be211-b04d-4de2-93db-7097bb7cd25d,2025-11-13,7,Annual,Web,Stripe,,55-64,female,United States of America,"Canada, Great Britain & United States",North America,,"[
  ""Low""
]",5,Beginner,,,"[
  ""Disco"",
  ""Hip Hop"",
  ""House"",
  ""Pop"",
  ""Techno""
]",2,iOS,Apple,Apple,"Iphone15,3",7,0,0,0,0,10,1
1358498,b2199f58-2fda-43bd-840e-4a35e3e1a78b,2025-11-19,0,Monthly,Web,Stripe,,,,United States of America,"Canada, Great Britain & United States",North America,,"[
  ""Medium""
]",3,Intermediate,,,"[
  ""Afro Rhythms"",
  ""Bachata"",
  ""Brazilian Rhythms"",
  ""Caribbean Rhythms"",
  ""Cumbia"",
  ""Hip Hop"",
  ""Merengue"",
  ""Pop"",
  ""Reggaeton"",
  ""Salsa"",
  ""World Rhythms""
]",2,iOS,Apple,Apple,"Iphone14,3",0,0,0,0,0,4,1
1236136,2b146df8-ef43-43c4-8cb9-eeb8663f788a,2025-11-09,7,Annual,Web,Stripe,,25-34,female,United States of America,"Canada, Great Britain & United States",North America,,"[
  ""High""
]",5,Advanced,lose weight and tone,,"[
  ""Afro Rhythms"",
  ""Bachata"",
  ""Brazilian Rhythms"",
  ""Caribbean Rhythms"",
  ""Cumbia"",
  ""Hip Hop"",
  ""Merengue"",
  ""Pop"",
  ""Reggaeton"",
  ""Salsa"",
  ""World Rhythms""
]",2,iOS,Apple,Apple,"Iphone15,2",7,0,0,0,0,14,1
4292333,d7eae3db-fc50-46ea-a4de-7dfc49d39598,2025-11-16,0,Monthly,Web,App to Web,,25-34,female,United States of America,"Canada, Great Britain & United States",North America,,"[
  ""High""
]",3,Advanced,lose weight and tone,,"[
  ""Disco"",
  ""Electronic"",
  ""Hip Hop"",
  ""House"",
  ""Pop"",
  ""Salsa"",
  ""Techno""
]",2,iOS,Apple,Apple,"Iphone14,2",0,3,2,0.73395,31.54,7,1
2952742,e1e47d4b-5ecd-4f15-b617-ccd52f24fa89,2025-11-09,0,Monthly,App,Apple,,,,United States of America,"Canada, Great Britain & United States",North America,,"[
  ""Medium""
]",7,Beginner,lose weight and tone,,"[
  ""Pop"",
  ""Rock""
]",2,iOS,Apple,Apple,"Iphone15,3",308,5,3,0.2379,48.241666667,14,1
4279242,91ea8c72-609f-45d1-935d-4a6afc9930fc,2025-11-16,7,Annual,App,Google,,25-34,female,Austria,Rest of the World,Europe,,"[
  ""Medium""
]",2,Beginner,Start my fitness journey,,"[
  ""Afro Rhythms"",
  ""Hip Hop"",
  ""Merengue"",
  ""Reggaeton"",
  ""Techno""
]",3.13.1,Android,Google,Google,Pixel 7,7,4,2,0.5414,24.763888889,7,1
4288192,a89e90ee-1a0e-4f5d-9d0f-de217c1714e0,2025-11-14,0,Monthly,Web,App to Web,,25-34,female,United States of America,"Canada, Great Britain & United States",North America,,"[
  ""Medium""
]",5,Intermediate,lose weight and tone,,"[
  ""Afro Rhythms"",
  ""Bachata"",
  ""Brazilian Rhythms"",
  ""Caribbean Rhythms"",
  ""Chill Out"",
  ""Cumbia"",
  ""Hip Hop"",
  ""Merengue"",
  ""Reggaeton"",
  ""Salsa"",
  ""World Rhythms""
]",2,iOS,Apple,Apple,"Iphone17,3",0,9,4,0.99935,19.507692308,9,1
4146320,f2fc1211-2bd6-42a3-a04f-f33b79a0418a,2025-11-14,0,Monthly,App,Apple,,25-34,female,Turkey,Rest of the World,Europe,,"[
  ""Medium""
]",4,Intermediate,lose weight and tone,,"[
  ""Pop""
]",2,iOS,Apple,Apple,"Iphone17,2",82,11,1,0,27.122222222,9,1
4269366,2fa53542-0ac6-449f-9e3c-1053c8e7fc21,2025-11-10,7,Annual,App,Google,,45-54,male,Malawi,Rest of the World,ME-A,,"[
  ""Medium""
]",,Intermediate,lose weight and tone,,"[
  ""Afro Rhythms"",
  ""Bachata"",
  ""Caribbean Rhythms"",
  ""Electronic"",
  ""Hip Hop"",
  ""House"",
  ""Merengue"",
  ""Pop"",
  ""Salsa"",
  ""Techno""
]",3.13.1,Android,Electron,Apolosign,Sw3299t-4k,7,5,4,0.965975,46.290740741,13,1
4282675,009d6a4a-3371-463a-a1dc-3241ab09bb33,2025-11-11,0,Monthly,Web,App to Web,,25-34,female,United States of America,"Canada, Great Britain & United States",North America,,"[
  ""Medium""
]",3,Intermediate,lose weight and tone,,"[
  ""Afro Rhythms"",
  ""Hip Hop"",
  ""Pop"",
  ""Techno"",
  ""World Rhythms""
]",2,iOS,Apple,Apple,"Iphone14,5",0,7,0,0,27.973809524,12,1
2145180,3b68e076-94d3-41f7-86a2-b39e36f56c79,2025-11-16,0,Annual,Web,Stripe,,65+,female,United States of America,"Canada, Great Britain & United States",North America,,"[
  ""Medium""
]",3,Advanced,Have some fun,,"[
  ""Afrobeats"",
  ""Hip Hop"",
  ""Reggaeton""
]",3.14.0,Android,Samsung,Samsung,Sm-S938u1,550,9,8,0.406375,26.538235294,7,1
4283742,bdb05a9b-7d2f-4157-b666-582f831338f2,2025-11-18,7,Annual,Web,Stripe,,45-54,female,United States of America,"Canada, Great Britain & United States",North America,,"[
  ""Low"",
  ""Medium""
]",3,Intermediate,reduce stress,,"[
  ""Afro Rhythms"",
  ""Brazilian Rhythms"",
  ""Caribbean Rhythms"",
  ""Chill Out"",
  ""Cumbia"",
  ""Disco"",
  ""Hip Hop"",
  ""House"",
  ""Merengue"",
  ""Pop"",
  ""Reggaeton"",
  ""Salsa""
]",2,iOS,Apple,Apple,"Iphone13,4",7,11,2,0,17.78974359,5,1
2724352,d8225f71-dd94-4b2a-aa10-48ba38b9ec5c,2025-11-20,7,Annual,Web,Stripe,,,,United States of America,"Canada, Great Britain & United States",North America,,,3,,,,,,Mac OS X,,,,,0,0,0,0,3,1
4283750,9678947f-0974-4077-969f-019190b3515a,2025-11-18,7,Annual,Web,Stripe,,35-44,female,United States of America,"Canada, Great Britain & United States",North America,,"[
  ""Medium""
]",2,Beginner,Have some fun,,"[
  ""Chill Out"",
  ""Pop""
]",2,iOS,Apple,Apple,"Iphone15,3",7,1,1,0.9692,28.716666667,5,1
4283124,504a2e92-24df-45ab-9904-dccde2f7f830,2025-11-18,7,Annual,Web,Stripe,,45-54,female,United States of America,"Canada, Great Britain & United States",North America,,"[
  ""Medium""
]",3,Advanced,lose weight and tone,,"[
  ""Hip Hop"",
  ""Pop""
]",2,iOS,Apple,Apple,"Iphone17,1",7,4,6,0.6383333333,27.815,5,1
4281915,dd43b053-57f8-4706-8a98-b09992322be1,2025-11-10,0,Monthly,Web,App to Web,,35-44,female,United States of America,"Canada, Great Britain & United States",North America,,"[
  ""Medium""
]",4,Intermediate,Start my fitness journey,,"[
  ""Afro Rhythms"",
  ""Bachata"",
  ""Brazilian Rhythms"",
  ""Caribbean Rhythms"",
  ""Chill Out"",
  ""Cumbia"",
  ""Disco"",
  ""Electronic"",
  ""Hip Hop"",
  ""House"",
  ""Merengue"",
  ""Pop"",
  ""Reggaeton"",
  ""Salsa"",
  ""Techno"",
  ""World Rhythms""
]",2,iOS,Apple,Apple,"Iphone17,2",0,1,1,0.9988,13.916666667,13,1
4295893,f461b38c-25ef-48f7-8768-04093a4161f4,2025-11-18,0,Monthly,Web,Stripe,,25-34,female,United States of America,"Canada, Great Britain & United States",North America,,"[
  ""High""
]",4,Advanced,lose weight and tone,,"[
  ""Bachata"",
  ""Caribbean Rhythms"",
  ""Merengue"",
  ""Reggaeton"",
  ""Salsa""
]",6,iOS,Apple,Apple,"Iphone17,3",0,7,2,0.99875,20.112962963,5,1
4297797,5fc808e6-93af-4653-9991-8ca9760bf63e,2025-11-19,0,Monthly,App,Google,,35-44,female,Hungary,Rest of the World,Europe,,"[
  ""High""
]",,Intermediate,lose weight and tone,,"[
  ""Disco"",
  ""Electronic"",
  ""Hip Hop"",
  ""Pop"",
  ""World Rhythms""
]",3.14.0,Android,Samsung,Samsung,Sm-A366b,0,1,1,1,46,4,1
4286331,7f044b13-ae61-4910-b18b-76e8314aa95a,2025-11-20,7,Annual,App,Google,,55-64,female,Canada,"Canada, Great Britain & United States",North America,,"[
  ""Medium""
]",,Intermediate,lose weight and tone,,"[
  ""Afro Rhythms"",
  ""Brazilian Rhythms"",
  ""Caribbean Rhythms"",
  ""Hip Hop"",
  ""Pop"",
  ""World Rhythms""
]",3.14.0,Android,Google,Google,Pixel 8,7,0,0,0,0,3,1
4282938,6cc356fe-8822-45d4-8f57-2d60b72acef2,2025-11-18,7,Annual,App,Apple,,55-64,female,United States of America,"Canada, Great Britain & United States",North America,,"[
  ""Medium""
]",4,Intermediate,lose weight and tone,,"[
  ""Bachata"",
  ""Brazilian Rhythms"",
  ""Caribbean Rhythms"",
  ""Cumbia"",
  ""Merengue"",
  ""Pop"",
  ""Reggaeton"",
  ""Salsa""
]",6,iOS,Apple,Apple,"Iphone17,3",7,3,3,0.9996333333,29.222222222,5,1
4291660,6d84367f-4c68-485f-bb22-39105165dc9d,2025-11-16,0,Monthly,App,Apple,,35-44,female,Switzerland,Rest of the World,Europe,,"[
  ""Medium""
]",3,Intermediate,lose weight and tone,,"[
  ""Disco"",
  ""Hip Hop"",
  ""Pop""
]",2,iOS,Apple,Apple,"Iphone17,3",0,1,1,0.9988,13.916666667,7,1
4301543,9b37d181-982f-4689-8dc3-47992e7b9e61,2025-11-21,0,Monthly,Web,Stripe,,55-64,female,United States of America,"Canada, Great Britain & United States",North America,,"[
  ""Low""
]",3,Beginner,,,,,Android,,,,,0,0,0,0,2,1
4290058,816ed5f2-f5bf-4bec-bd8d-e3d7714996e6,2025-11-22,7,Annual,Web,Stripe,,35-44,female,United States of America,"Canada, Great Britain & United States",North America,,"[
  ""High""
]",5,Intermediate,lose weight and tone,,"[
  ""Afro Rhythms"",
  ""Bachata"",
  ""Brazilian Rhythms"",
  ""Caribbean Rhythms"",
  ""Disco"",
  ""Hip Hop"",
  ""Merengue"",
  ""Pop"",
  ""Reggaeton"",
  ""Salsa""
]",3.13.1,Android,Samsung,Samsung,Sm-S938u,7,0,0,0,0,1,1
4271422,b2649426-378b-4e8a-b0f9-38df2a87366b,2025-11-11,7,Annual,Web,Stripe,,35-44,female,United States of America,"Canada, Great Britain & United States",North America,,"[
  ""Medium"",
  ""High""
]",5,Intermediate,Have some fun,,"[
  ""Bachata"",
  ""Cumbia"",
  ""Merengue"",
  ""Salsa""
]",2,iOS,Apple,Apple,"Iphone13,2",7,4,4,0.9962,20.8875,12,1
4276962,b8165c83-3836-468f-9e42-8716b7b36e5b,2025-11-14,7,Annual,Web,App to Web,,25-34,female,United States of America,"Canada, Great Britain & United States",North America,,"[
  ""Medium""
]",3,Beginner,Start my fitness journey,,"[
  ""Brazilian Rhythms"",
  ""Caribbean Rhythms"",
  ""Cumbia"",
  ""Hip Hop"",
  ""Pop"",
  ""Salsa""
]",2,iOS,Apple,Apple,"Iphone16,1",7,0,0,0,0,9,1
4244695,c4c6f862-b6a0-497d-8b8b-c59174fa5d18,2025-11-08,7,Annual,App,Google,,45-54,female,United States of America,"Canada, Great Britain & United States",North America,,"[
  ""Low""
]",4,Beginner,lose weight and tone,,"[
  ""Disco"",
  ""Pop""
]",3.14.0,Android,Samsung,Samsung,Sm-S928u,21,0,0,0,0,15,1
3566336,ba3a157d-ecde-4075-a6bd-1635376dd68e,2025-11-14,0,Annual,Web,Stripe,,35-44,female,United States of America,"Canada, Great Britain & United States",North America,,"[
  ""Medium""
]",3,Beginner,reduce stress,,,2,iOS,Apple,Apple,"Ipad12,1",308,0,0,0,0,9,1
4248948,e51a5e85-4077-43e4-b9d0-53da115d5872,2025-11-10,7,Annual,Web,Stripe,,,,Australia,Rest of the World,APAC (excl. India),,,,,,,,3.11.0,Android,Oppo,Oppo,Cph2529,20,0,0,0,0,13,1
4273900,83c97fc7-1468-42e6-9204-a4c9282c959a,2025-11-12,7,Annual,Web,Stripe,,,,United States of America,"Canada, Great Britain & United States",North America,,,3,Intermediate,,,"[
  ""Afro Rhythms"",
  ""Brazilian Rhythms"",
  ""Caribbean Rhythms"",
  ""Hip Hop"",
  ""Pop"",
  ""Salsa"",
  ""World Rhythms""
]",2,iOS,Apple,Apple,"Iphone17,3",87,0,0,0,0,11,1
4292844,a11b54c6-09d6-4988-aae7-75e22375e3c6,2025-11-16,0,Monthly,Web,App to Web,,35-44,female,United States of America,"Canada, Great Britain & United States",North America,,"[
  ""Low""
]",3,Beginner,lose weight and tone,,"[
  ""Hip Hop"",
  ""Pop""
]",2,iOS,Apple,Apple,"Iphone17,1",0,4,1,0.9784,21.316666667,7,1
4300927,a7cb1479-2c69-4959-bf73-b1b2c558437d,2025-11-21,0,Monthly,App,Apple,,35-44,female,United States of America,"Canada, Great Britain & United States",North America,,"[
  ""High""
]",4,Advanced,lose weight and tone,,"[
  ""Bachata"",
  ""Brazilian Rhythms"",
  ""Caribbean Rhythms"",
  ""Merengue"",
  ""Pop"",
  ""Salsa"",
  ""Techno""
]",6,iOS,Apple,Apple,"Iphone16,1",0,2,1,1,30,2,1
2964412,4e11effd-85e6-487f-98ef-5dea506f95f6,2025-11-14,0,Monthly,Web,Stripe,,35-44,female,United States of America,"Canada, Great Britain & United States",North America,,"[
  ""Medium""
]",2,Intermediate,lose weight and tone,,"[
  ""Hip Hop"",
  ""Merengue"",
  ""Techno""
]",6,iOS,Apple,Apple,"Iphone14,5",0,2,0,0,32.416666667,9,1
4280412,1bd1e7de-da0c-40cf-a677-edc01b4e6cf5,2025-11-14,0,Monthly,Web,Stripe,,45-54,female,United Kingdom,"Canada, Great Britain & United States",Europe,,"[
  ""Medium""
]",,Beginner,lose weight and tone,,"[
  ""Disco"",
  ""Pop""
]",3.13.1,Android,Samsung,Samsung,Sm-S931b,5,3,1,0.7709,27.054166667,9,1
4286758,edd87ba9-66c5-462a-94a9-a74d71cd74d8,2025-11-13,0,Monthly,Web,App to Web,,25-34,female,United States of America,"Canada, Great Britain & United States",North America,,"[
  ""Medium"",
  ""Low""
]",3,Beginner,reduce stress,,"[
  ""Afro Rhythms"",
  ""Brazilian Rhythms"",
  ""Disco"",
  ""Electronic"",
  ""Hip Hop"",
  ""House"",
  ""Pop"",
  ""Reggaeton"",
  ""Salsa"",
  ""Techno"",
  ""World Rhythms""
]",6,iOS,Apple,Apple,"Iphone14,2",0,6,3,0.6662666667,19.138888889,10,1
3610131,2d5f7e67-cfd5-421c-b68d-9cd5b928f0fd,2025-11-11,0,Monthly,Web,App to Web,,,,United States of America,"Canada, Great Britain & United States",North America,,"[
  ""Low""
]",3,Beginner,Start my fitness journey,,"[
  ""Bachata"",
  ""Belly Dance"",
  ""Blues"",
  ""Cumbia"",
  ""Disco"",
  ""Funk"",
  ""Hip Hop"",
  ""House"",
  ""Merengue"",
  ""Pop"",
  ""R&B"",
  ""Reggae"",
  ""Reggaeton"",
  ""Salsa""
]",2,iOS,Apple,Apple,"Iphone16,2",300,0,0,0,0,12,1
4267076,353da292-d5c3-4c46-947c-86217b497d2c,2025-11-08,7,Annual,Web,Stripe,,45-54,female,United States of America,"Canada, Great Britain & United States",North America,,"[
  ""Medium"",
  ""High""
]",3,Intermediate,lose weight and tone,,"[
  ""Afro Rhythms"",
  ""Bachata"",
  ""Brazilian Rhythms"",
  ""Caribbean Rhythms"",
  ""Chill Out"",
  ""Cumbia"",
  ""Hip Hop"",
  ""Merengue"",
  ""Pop"",
  ""Reggaeton"",
  ""Salsa"",
  ""Techno"",
  ""World Rhythms""
]",2,iOS,Apple,Apple,"Iphone16,1",,0,0,0,0,15,1
3278288,a4f18ebd-ee1f-45be-ab21-84309a74b9c4,2025-11-10,7,Annual,App,Apple,,,,United States of America,"Canada, Great Britain & United States",North America,,"[
  ""Medium""
]",3,Intermediate,lose weight and tone,,"[
  ""Belly Dance"",
  ""Bollywood"",
  ""Disco"",
  ""Pop"",
  ""Rock"",
  ""Salsa""
]",2,iOS,Apple,Apple,"Iphone17,1",423,3,1,0.9992,18.266666667,13,1
4287269,204ebbb1-8ae5-44ce-843a-6b6d13df5848,2025-11-20,7,Annual,App,Apple,,25-34,female,United Kingdom,"Canada, Great Britain & United States",Europe,,"[
  ""Medium""
]",3,Beginner,lose weight and tone,,"[
  ""Brazilian Rhythms"",
  ""Caribbean Rhythms"",
  ""Disco"",
  ""Electronic"",
  ""Pop"",
  ""Salsa"",
  ""World Rhythms""
]",2,iOS,Apple,Apple,"Iphone14,5",7,0,0,0,0,1,1
4279903,93af4e31-6944-4f54-8209-c32eb5659842,2025-11-09,0,Monthly,Web,Stripe,,35-44,female,United States of America,"Canada, Great Britain & United States",North America,,"[
  ""Medium""
]",4,Beginner,lose weight and tone,,"[
  ""Disco"",
  ""Electronic"",
  ""Pop"",
  ""Reggaeton"",
  ""Techno""
]",3.13.1,Android,Samsung,Samsung,Sm-S918u,0,22,14,0.8574,27.396296296,14,1
4269826,36351bff-6121-4f18-92b1-f197f9c501a1,2025-11-10,7,Annual,Web,Stripe,,35-44,female,United States of America,"Canada, Great Britain & United States",North America,,"[
  ""Medium"",
  ""High""
]",3,Beginner,lose weight and tone,,"[
  ""Afro Rhythms"",
  ""Brazilian Rhythms"",
  ""Caribbean Rhythms"",
  ""Chill Out"",
  ""Hip Hop"",
  ""Merengue"",
  ""Pop"",
  ""Reggaeton"",
  ""Salsa"",
  ""World Rhythms""
]",2,iOS,Apple,Apple,"Iphone14,8",7,2,2,0.9933,32.258333333,13,1
4277880,d2e3bdaf-427c-4bfc-a244-9d1b456c1bfb,2025-11-08,0,Monthly,Web,App to Web,,55-64,female,United States of America,"Canada, Great Britain & United States",North America,,"[
  ""Medium""
]",3,Beginner,lose weight and tone,,"[
  ""Disco"",
  ""Hip Hop"",
  ""Pop""
]",2,iOS,Apple,Apple,"Iphone16,2",0,1,0,0,13.916666667,15,1
4297306,21f14884-3055-4cc0-9ddb-81e16416e964,2025-11-19,0,Monthly,App,Google,,25-34,female,Colombia,Rest of the World,LATAM,,"[
  ""Medium""
]",5,Beginner,lose weight and tone,,"[
  ""Bachata"",
  ""Cumbia"",
  ""Merengue"",
  ""Reggaeton""
]",3.14.0,Android,Oppo,Oppo,Cph2387,0,3,2,0.63815,27.543333333,4,1
4281648,fdf29333-fa1a-4d74-bc8c-c62ffb50c8d5,2025-11-17,7,Annual,Web,App to Web,,25-34,female,United States of America,"Canada, Great Britain & United States",North America,,"[
  ""Low"",
  ""Medium""
]",3,Beginner,lose weight and tone,,"[
  ""Hip Hop"",
  ""Pop""
]",2,iOS,Apple,Apple,"Iphone14,7",7,0,0,0,0,6,1
4286401,da63f7ba-62e9-4d77-a5de-a8882a8427ce,2025-11-20,7,Annual,Web,Stripe,,55-64,male,United States of America,"Canada, Great Britain & United States",North America,,"[
  ""Medium""
]",,Intermediate,,,"[
  ""Afro Rhythms"",
  ""Bachata"",
  ""Brazilian Rhythms"",
  ""Caribbean Rhythms"",
  ""Chill Out"",
  ""Cumbia"",
  ""Disco"",
  ""Electronic"",
  ""Hip Hop"",
  ""House"",
  ""Merengue"",
  ""Pop"",
  ""Reggaeton"",
  ""Salsa"",
  ""Techno"",
  ""World Rhythms""
]",3.13.1,Android,Samsung,Samsung,Sm-S936u,7,0,0,0,0,3,1
4280347,b0977372-316a-4932-96f3-c23a25a92733,2025-11-16,7,Annual,Web,App to Web,,25-34,female,United States of America,"Canada, Great Britain & United States",North America,,"[
  ""Medium""
]",4,Beginner,lose weight and tone,,"[
  ""Afro Rhythms"",
  ""Bachata"",
  ""Brazilian Rhythms"",
  ""Caribbean Rhythms"",
  ""Chill Out"",
  ""Cumbia"",
  ""Disco"",
  ""Electronic"",
  ""Hip Hop"",
  ""House"",
  ""Merengue"",
  ""Pop"",
  ""Reggaeton"",
  ""Salsa"",
  ""Techno"",
  ""World Rhythms""
]",2,iOS,Apple,Apple,"Ipad6,3",7,1,1,0.9997,50.116666667,7,1
4287433,41ebf135-984a-4419-b985-6c792b82b149,2025-11-20,7,Annual,Web,Stripe,,25-34,female,United States of America,"Canada, Great Britain & United States",North America,,"[
  ""Medium""
]",4,Beginner,lose weight and tone,,"[
  ""Brazilian Rhythms"",
  ""House"",
  ""Pop"",
  ""Techno""
]",2,iOS,Apple,Apple,"Iphone16,1",7,0,0,0,0,3,1
4296900,debcc1e3-a966-40df-8c9f-277da223da0d,2025-11-19,0,Monthly,App,Google,,45-54,female,United Kingdom,"Canada, Great Britain & United States",Europe,,"[
  ""Medium""
]",,Intermediate,Have some fun,,"[
  ""Bachata"",
  ""Caribbean Rhythms"",
  ""Chill Out"",
  ""Electronic"",
  ""Hip Hop"",
  ""Merengue"",
  ""Salsa""
]",3.14.0,Android,Google,Google,Pixel 6a,0,5,2,0.997,13.916666667,4,1
4302599,d16adf29-8a90-4be1-8a47-d68d9c7868d7,2025-11-22,0,Monthly,Web,Stripe,,25-34,female,United States of America,"Canada, Great Britain & United States",North America,,"[
  ""Medium""
]",3,Intermediate,lose weight and tone,,,3.14.0,Android,Google,Google,Pixel 8,0,2,2,1,21.316666667,1,1
1861973,d07d6a7d-75cd-4717-a8d7-40f8f7a74457,2025-11-22,0,Monthly,App,Apple,,,,Colombia,Rest of the World,LATAM,,"[
  ""Medium""
]",2,Intermediate,lose weight and tone,,"[
  ""Bachata"",
  ""Cumbia"",
  ""Merengue"",
  ""Reggae"",
  ""Reggaeton"",
  ""Salsa""
]",6,iOS,Apple,Apple,"Iphone11,8",345,8,0,0,23.116666667,1,1
4294029,235e39e8-56f6-46a6-a471-77e7ced51569,2025-11-17,0,Monthly,App,Apple,,25-34,female,Colombia,Rest of the World,LATAM,,"[
  ""Medium""
]",3,Beginner,lose weight and tone,,"[
  ""Afro Rhythms"",
  ""Bachata"",
  ""Brazilian Rhythms"",
  ""Caribbean Rhythms"",
  ""Hip Hop"",
  ""Pop"",
  ""Reggaeton""
]",6,iOS,Apple,Apple,"Iphone16,1",0,3,0,0,27.083333333,6,1
4289582,2d85f535-ed3e-484e-a623-c8d5b94402d4,2025-11-22,7,Annual,Web,Stripe,,25-34,female,Switzerland,Rest of the World,Europe,,"[
  ""Medium""
]",7,Beginner,lose weight and tone,,"[
  ""Afro Rhythms"",
  ""Bachata"",
  ""Brazilian Rhythms"",
  ""Caribbean Rhythms"",
  ""Chill Out"",
  ""Cumbia"",
  ""Disco"",
  ""Electronic"",
  ""Hip Hop"",
  ""House"",
  ""Merengue"",
  ""Pop"",
  ""Reggaeton"",
  ""Salsa"",
  ""Techno"",
  ""World Rhythms""
]",3.13.1,Android,Xiaomi,Redmi,2405crpfdg,7,0,0,0,0,1,1
4302833,6132ff60-ac64-4712-a3e8-63494de28ffc,2025-11-22,0,Monthly,App,Google,,25-34,female,Australia,Rest of the World,APAC (excl. India),,"[
  ""Medium"",
  ""Low""
]",2,Intermediate,lose weight and tone,,"[
  ""Afro Rhythms"",
  ""Bachata"",
  ""Brazilian Rhythms"",
  ""Caribbean Rhythms"",
  ""Hip Hop"",
  ""Reggaeton"",
  ""Salsa"",
  ""World Rhythms""
]",3.14.0,Android,Samsung,Samsung,Sm-X710,6,1,1,0.9988,13.916666667,1,1
4301828,9092ffc8-b492-467c-aac3-d301a6f5eaf6,2025-11-22,0,Monthly,Web,Stripe,,25-34,female,United Kingdom,"Canada, Great Britain & United States",Europe,,"[
  ""Low"",
  ""Medium"",
  ""High""
]",3,Beginner,lose weight and tone,,"[
  ""Afro Rhythms"",
  ""Brazilian Rhythms"",
  ""Caribbean Rhythms"",
  ""Disco"",
  ""Hip Hop"",
  ""House"",
  ""Merengue"",
  ""Pop"",
  ""Salsa""
]",6,iOS,Apple,Apple,"Iphone14,7",0,1,0,0,13.916666667,1,1
4271647,c2034583-badd-4edc-a2a4-47f5c294be8c,2025-11-11,7,Annual,Web,Stripe,,45-54,female,United Kingdom,"Canada, Great Britain & United States",Europe,,"[
  ""Low"",
  ""Medium"",
  ""High""
]",3,Beginner,lose weight and tone,,"[
  ""Afro Rhythms"",
  ""Caribbean Rhythms"",
  ""Disco"",
  ""Pop"",
  ""Reggaeton"",
  ""Salsa"",
  ""World Rhythms""
]",2,iOS,Apple,Apple,"Iphone14,7",7,1,1,0.994,13.916666667,12,1
4275477,ff269921-795b-4c60-9e24-b76a8c611b96,2025-11-13,7,Annual,Web,App to Web,,25-34,female,United States of America,"Canada, Great Britain & United States",North America,,"[
  ""Medium"",
  ""High""
]",4,Intermediate,lose weight and tone,,"[
  ""Bachata"",
  ""Cumbia"",
  ""Merengue"",
  ""Reggaeton"",
  ""Salsa""
]",2,iOS,Apple,Apple,"Iphone17,1",7,0,0,0,0,10,1
4188927,ce13ebc4-bdcb-4cbe-8a57-75e369131a4f,2025-11-19,0,Monthly,App,Google,,25-34,female,United States of America,"Canada, Great Britain & United States",North America,,"[
  ""Low"",
  ""Medium"",
  ""High""
]",2,Beginner,lose weight and tone,,"[
  ""Bachata"",
  ""Brazilian Rhythms"",
  ""Caribbean Rhythms"",
  ""Chill Out"",
  ""Cumbia"",
  ""Hip Hop"",
  ""Merengue"",
  ""Reggaeton""
]",3.13.1,Android,Samsung,Samsung,Sm-N981u,0,1,1,1,13.916666667,4,1
4257729,98095b23-364b-48de-a4f4-9228dadfce59,2025-11-13,7,Annual,Web,App to Web,,45-54,female,United States of America,"Canada, Great Britain & United States",North America,,"[
  ""Medium""
]",3,Intermediate,lose weight and tone,,"[
  ""Brazilian Rhythms"",
  ""Electronic"",
  ""Merengue"",
  ""Pop"",
  ""Salsa"",
  ""Techno""
]",2,iOS,Apple,Apple,"Iphone17,3",7,0,0,0,0,10,1
758886,da6f0801-e6fe-42f2-a232-a79a4bd5111f,2025-11-10,7,Annual,Web,Stripe,,45-54,female,United States of America,"Canada, Great Britain & United States",North America,,"[
  ""Medium""
]",3,Intermediate,lose weight and tone,,"[
  ""Hip Hop"",
  ""House"",
  ""Pop"",
  ""Salsa""
]",,iOS,,,,,0,0,0,0,8,1
2144657,cfe587b8-4e9c-43c6-8e08-a37c4a95bbd0,2025-11-08,7,Annual,Web,Stripe,,25-34,female,United Arab Emirates,Rest of the World,ME-A,,"[
  ""High""
]",4,Advanced,Have some fun,,"[
  ""Afro Rhythms"",
  ""Bachata"",
  ""Brazilian Rhythms"",
  ""Caribbean Rhythms"",
  ""Chill Out"",
  ""Cumbia"",
  ""Disco"",
  ""Electronic"",
  ""Hip Hop"",
  ""House"",
  ""Merengue"",
  ""Pop"",
  ""Reggaeton"",
  ""Salsa"",
  ""Techno"",
  ""World Rhythms""
]",3.13.1,Android,Xiaomi,Xiaomi,25010pn30g,7,8,2,0.04375,28.030952381,15,1
3608553,37c1c0ca-7011-4454-a050-a3fed708e621,2025-11-12,0,Monthly,App,Apple,,,,Turkey,Rest of the World,Europe,,"[
  ""High""
]",7,Advanced,lose weight and tone,,"[
  ""Belly Dance"",
  ""Bollywood"",
  ""Cumbia"",
  ""Disco"",
  ""Merengue"",
  ""Pop"",
  ""Reggaeton"",
  ""Salsa""
]",2,iOS,Apple,Apple,"Iphone17,3",301,5,1,0.9984,18.386111111,11,1
4227376,cebedc6f-b264-487a-8d0c-56e100a1e829,2025-11-10,30,Annual,Web,Stripe,Strand,45-54,female,United States of America,"Canada, Great Britain & United States",North America,,"[
  ""Medium""
]",3,Intermediate,lose weight and tone,,"[
  ""Brazilian Rhythms"",
  ""Caribbean Rhythms"",
  ""Chill Out"",
  ""Disco"",
  ""Electronic"",
  ""Hip Hop"",
  ""House"",
  ""Merengue"",
  ""Pop"",
  ""Reggaeton"",
  ""Salsa"",
  ""Techno"",
  ""World Rhythms""
]",3.13.1,Android,Samsung,Samsung,Sm-S916u,30,0,0,0,0,13,1
4268551,c37123d0-c504-4862-ab31-e8d52676b1df,2025-11-09,7,Annual,Web,Stripe,,65+,female,United States of America,"Canada, Great Britain & United States",North America,,"[
  ""Low""
]",3,Intermediate,lose weight and tone,,"[
  ""Afro Rhythms"",
  ""Brazilian Rhythms"",
  ""Disco"",
  ""Hip Hop"",
  ""Pop""
]",2,iOS,Apple,Apple,"Ipad14,4",7,4,4,0.749875,19.870833333,14,1
4285632,8e68e2a8-720f-4198-8a2d-e4333424de77,2025-11-15,0,Monthly,App,Google,,25-34,male,Spain,Rest of the World,Europe,,"[
  ""Medium"",
  ""High""
]",,Intermediate,lose weight and tone,,"[
  ""Afro Rhythms"",
  ""Bachata"",
  ""Brazilian Rhythms"",
  ""Caribbean Rhythms"",
  ""Cumbia"",
  ""Hip Hop"",
  ""House"",
  ""Merengue"",
  ""Reggaeton"",
  ""Salsa""
]",3.13.1,Android,Oppo,Oppo,Cph2699,3,13,9,0.5774555556,23.752272727,8,1
4266760,a73da9f0-8608-4f90-a596-10a7ceac2c9c,2025-11-08,7,Annual,App,Google,,45-54,male,Israel,Rest of the World,ME-A,,"[
  ""Medium""
]",,Beginner,Start my fitness journey,,"[
  ""Afro Rhythms"",
  ""Brazilian Rhythms"",
  ""Hip Hop"",
  ""Pop"",
  ""Salsa""
]",3.13.1,Android,Samsung,Samsung,Sm-A525f,7,0,0,0,0,15,1
4269448,470da70e-3fc7-495f-a503-3d8de56c701e,2025-11-10,7,Annual,App,Apple,,55-64,female,Canada,"Canada, Great Britain & United States",North America,,"[
  ""Medium"",
  ""Low""
]",5,Intermediate,Start my fitness journey,,"[
  ""Afro Rhythms"",
  ""Brazilian Rhythms"",
  ""Caribbean Rhythms"",
  ""Chill Out"",
  ""Cumbia"",
  ""Merengue"",
  ""Reggaeton"",
  ""Salsa"",
  ""World Rhythms""
]",2,iOS,Apple,Apple,"Iphone15,4",7,14,11,0.9645545455,29.544666667,13,1
4290896,76e8bc72-5246-4b12-b869-3d8f9fad298f,2025-11-15,0,Monthly,Web,Stripe,,45-54,female,United States of America,"Canada, Great Britain & United States",North America,,"[
  ""Medium"",
  ""High""
]",4,Intermediate,,,"[
  ""Cumbia"",
  ""Hip Hop"",
  ""Merengue"",
  ""Pop"",
  ""Reggaeton"",
  ""Salsa""
]",2,iOS,Apple,Apple,"Iphone14,5",0,11,9,0.5726777778,24.681666667,8,1
4210492,de19a8e5-b57b-4f8b-925c-40845a512763,2025-11-08,0,Monthly,App,Google,,45-54,female,Sweden,Rest of the World,Europe,,"[
  ""Low""
]",,Beginner,Have some fun,,"[
  ""Bachata"",
  ""Brazilian Rhythms"",
  ""Caribbean Rhythms"",
  ""Disco"",
  ""Merengue"",
  ""Pop"",
  ""Reggaeton"",
  ""Salsa"",
  ""World Rhythms""
]",3.13.1,Android,Samsung,Samsung,Sm-A166b,41,13,6,0.1242833333,38.192592593,15,1
293705,c347d7f4-2555-4cc4-934c-0698bd56c4c8,2025-11-16,0,Monthly,App,Apple,,35-44,female,United States of America,"Canada, Great Britain & United States",North America,,"[
  ""High""
]",2,Intermediate,Have some fun,,,2,iOS,Apple,Apple,"Iphone14,7",0,1,0,0,32.416666667,7,1
4210864,d0dba55b-e859-4a43-8151-4686e50dbb2d,2025-11-10,0,Annual,Web,App to Web,,45-54,female,United States of America,"Canada, Great Britain & United States",North America,,"[
  ""Medium""
]",5,Intermediate,lose weight and tone,,,2,iOS,Apple,Apple,"Iphone14,2",43,9,8,0.9998,31.18627451,13,1
4275749,a2f35288-ce26-4a20-a356-0882c3d42f96,2025-11-13,7,Annual,App,Google,,18-24,female,United Kingdom,"Canada, Great Britain & United States",Europe,,"[
  ""Medium"",
  ""High"",
  ""Low""
]",,,,,"[
  ""Afro Rhythms"",
  ""Bachata"",
  ""Reggaeton"",
  ""Salsa""
]",3.14.0,Android,Samsung,Samsung,Sm-A715f,7,13,2,1,42.578888889,10,1
4285290,90018ca9-367c-4ea3-83b8-0ffd168a10e2,2025-11-19,7,Annual,Web,Stripe,,35-44,female,United States of America,"Canada, Great Britain & United States",North America,,"[
  ""Medium""
]",3,Intermediate,lose weight and tone,,"[
  ""Bachata"",
  ""Brazilian Rhythms"",
  ""Caribbean Rhythms"",
  ""Chill Out"",
  ""Cumbia"",
  ""Hip Hop"",
  ""House"",
  ""Merengue"",
  ""Pop"",
  ""Reggaeton"",
  ""Salsa"",
  ""World Rhythms""
]",2,iOS,Apple,Apple,"Iphone17,5",7,1,2,0.8537,38.138888889,4,1
4301038,a852fe5a-a5be-4bcb-8ffc-9921d6bfa27e,2025-11-22,0,Monthly,App,Google,,45-54,female,Brazil,Rest of the World,LATAM,,"[
  ""Medium""
]",5,Beginner,lose weight and tone,,"[
  ""Afro Rhythms"",
  ""Hip Hop"",
  ""Merengue"",
  ""Pop"",
  ""Salsa""
]",3.14.0,Android,Xiaomi,Poco,23122pcd1g,1,6,6,0.8333333333,20.961111111,1,1
4278484,6c28136c-e883-4aff-820f-0c474987ae06,2025-11-15,7,Annual,Web,Stripe,,45-54,female,United Kingdom,"Canada, Great Britain & United States",Europe,,"[
  ""Medium""
]",4,Intermediate,lose weight and tone,,"[
  ""Brazilian Rhythms"",
  ""Disco"",
  ""Pop"",
  ""Techno""
]",2,iOS,Apple,Apple,"Iphone14,5",7,0,0,0,0,8,1
4287024,9fc4cca8-e56c-46a7-9bbf-d15c06aca405,2025-11-15,0,Monthly,Web,Stripe,,35-44,female,United Kingdom,"Canada, Great Britain & United States",Europe,,"[
  ""Medium""
]",2,Advanced,lose weight and tone,,"[
  ""Afro Rhythms"",
  ""Caribbean Rhythms"",
  ""Hip Hop"",
  ""House"",
  ""Pop"",
  ""Techno""
]",2,iOS,Apple,Apple,"Iphone13,1",0,2,1,0.5788,40.761111111,8,1
3707620,5028329b-f433-4525-8923-da19d7639ebb,2025-11-14,0,Monthly,App,Apple,,,,Canada,"Canada, Great Britain & United States",North America,,"[
  ""Medium""
]",5,Intermediate,lose weight and tone,,"[
  ""House""
]",2,iOS,Apple,Apple,"Iphone14,3",275,0,0,0,0,9,1
4294754,efa603a8-38b3-4269-a5e5-43e15833cdbc,2025-11-17,0,Monthly,Web,Stripe,,35-44,female,United States of America,"Canada, Great Britain & United States",North America,,"[
  ""Medium""
]",3,Intermediate,lose weight and tone,,"[
  ""Hip Hop"",
  ""Pop""
]",2,iOS,Apple,Apple,"Iphone17,2",0,1,0,0,13.916666667,6,1
4282210,20e0c23b-639b-4c04-9338-3689b863662d,2025-11-18,7,Annual,App,Apple,,35-44,female,Germany,Rest of the World,Europe,,"[
  ""Medium""
]",2,Beginner,Have some fun,,"[
  ""Afro Rhythms"",
  ""Bachata"",
  ""Brazilian Rhythms"",
  ""Caribbean Rhythms"",
  ""Chill Out"",
  ""Cumbia"",
  ""Electronic"",
  ""Hip Hop"",
  ""House"",
  ""Merengue"",
  ""Pop"",
  ""Reggaeton"",
  ""Salsa"",
  ""Techno"",
  ""World Rhythms""
]",6,iOS,Apple,Apple,"Iphone12,1",8,2,2,1,32.258333333,5,1
4297485,d5bb5ce1-e4cf-4f39-9c5a-cff723e47579,2025-11-19,0,Monthly,App,Apple,,25-34,female,United States of America,"Canada, Great Britain & United States",North America,,"[
  ""Low"",
  ""Medium""
]",3,Beginner,lose weight and tone,,"[
  ""Chill Out"",
  ""Hip Hop"",
  ""Pop"",
  ""Salsa""
]",2,iOS,Apple,Apple,"Iphone15,4",,2,1,0.9569,20.083333333,4,1
4289947,19df133b-502c-497d-9752-15cdfa75cc6b,2025-11-22,7,Annual,Web,Stripe,,35-44,female,United States of America,"Canada, Great Britain & United States",North America,,"[
  ""Medium""
]",3,Intermediate,lose weight and tone,,,6,iOS,Apple,Apple,"Iphone18,2",7,0,0,0,0,1,1
4302851,5798474e-7f0d-4eaa-9dbb-7aad18ffa513,2025-11-22,0,Monthly,App,App to Web,,35-44,female,United States of America,"Canada, Great Britain & United States",North America,,"[
  ""Medium""
]",4,Intermediate,lose weight and tone,,"[
  ""Cumbia"",
  ""Hip Hop"",
  ""Pop"",
  ""Salsa""
]",6,iOS,Apple,Apple,"Iphone15,4",0,1,1,0.9984,20.55,1,1
4000961,3b087d21-fae5-4ef9-8fda-941275c291aa,2025-11-22,0,Annual,Web,Stripe,,,,United States of America,"Canada, Great Britain & United States",North America,,"[
  ""Medium""
]",3,Beginner,reduce stress,,"[
  ""Afro Rhythms"",
  ""Afrobeats"",
  ""Alternative"",
  ""Bachata"",
  ""Bhangra"",
  ""Bollywood"",
  ""Brazilian Rhythms"",
  ""Broadway"",
  ""Caribbean Rhythms"",
  ""Cumbia"",
  ""Disco"",
  ""Electronic"",
  ""Funk"",
  ""Hip Hop"",
  ""House"",
  ""K-Pop"",
  ""Merengue"",
  ""Other"",
  ""Pop"",
  ""Reggae"",
  ""Reggaeton"",
  ""Rock"",
  ""Salsa"",
  ""Soca"",
  ""Techno"",
  ""World Rhythms""
]",3.14.0,Android,Samsung,Samsung,Sm-S911u,165,0,0,0,0,1,1
4286507,75603546-3c6d-4713-8677-1663e5b64fbd,2025-11-13,0,Annual,App,Google,,18-24,female,India,Rest of the World,India,,"[
  ""Medium""
]",5,Beginner,lose weight and tone,,"[
  ""Chill Out"",
  ""Hip Hop"",
  ""Pop""
]",3.13.1,Android,Oppo,Oppo,Cph2127,0,9,9,0.8405777778,29.894444444,10,1
4291799,51e00090-3ff9-49b6-a8f5-0e539aaada0c,2025-11-16,0,Monthly,Web,Stripe,,55-64,female,United States of America,"Canada, Great Britain & United States",North America,,"[
  ""Low""
]",3,Beginner,lose weight and tone,,"[
  ""Cumbia"",
  ""Disco"",
  ""Pop""
]",2,iOS,Apple,Apple,"Iphone15,3",0,0,0,0,0,7,1
3334565,0f53e522-2ec7-41aa-9d69-deae0350faef,2025-11-17,7,Annual,App,Apple,,,,United States of America,"Canada, Great Britain & United States",North America,,"[
  ""High""
]",3,Intermediate,lose weight and tone,,"[
  ""Afrobeats"",
  ""Hip Hop"",
  ""Pop"",
  ""R&B"",
  ""Reggaeton"",
  ""Salsa""
]",2,iOS,Apple,Apple,"Iphone14,3",403,1,1,1,28.35,6,1
2887130,df69a03d-cad4-4c31-b011-ff9af6cc829e,2025-11-10,0,Annual,Web,Stripe,,55-64,female,United States of America,"Canada, Great Britain & United States",North America,In Person & Virtual Classes,"[
  ""Medium""
]",2,Beginner,lose weight and tone,"[
  ""Finding local classes I love"",
  ""Taking classes at home"",
  ""Tracking activity streaks"",
  ""Receiving class reminders""
]","[
  ""Alternative"",
  ""Bollywood"",
  ""Cumbia"",
  ""Disco"",
  ""Funk"",
  ""Hip Hop"",
  ""Merengue"",
  ""Pop"",
  ""Reggae"",
  ""Reggaeton"",
  ""Salsa""
]",3.14.0,Android,Oneplus,Oneplus,Le2117,625,0,0,0,0,13,1
3331871,63803dd1-0c03-451e-a11d-1e4e1f472c24,2025-11-18,0,Monthly,Web,App to Web,,,,United States of America,"Canada, Great Britain & United States",North America,,"[
  ""Medium""
]",2,Intermediate,lose weight and tone,,"[
  ""Belly Dance"",
  ""Bollywood"",
  ""Hip Hop"",
  ""Pop"",
  ""R&B"",
  ""Salsa""
]",2,iOS,Apple,Apple,"Iphone16,1",405,0,0,0,0,5,1
4280025,5124ead6-1ae6-4afd-8806-c62754c3518c,2025-11-09,0,Monthly,Web,Stripe,,35-44,female,United States of America,"Canada, Great Britain & United States",North America,,"[
  ""Medium""
]",3,Intermediate,lose weight and tone,,"[
  ""Brazilian Rhythms"",
  ""Caribbean Rhythms"",
  ""Cumbia"",
  ""Merengue"",
  ""Reggaeton"",
  ""Salsa""
]",2,iOS,Apple,Apple,"Iphone15,3",0,1,0,0,30,14,1
2991359,290012f3-3b8f-4e09-a035-93843d335e3f,2025-11-15,7,Monthly,App,Apple,,,,Turkey,Rest of the World,Europe,,"[
  ""Medium""
]",4,Intermediate,lose weight and tone,,,2,iOS,Apple,Apple,"Iphone17,3",563,5,2,0.5,11.723809524,8,1
4277790,5757230d-2a2c-43a9-b446-bb77089bac82,2025-11-15,7,Annual,App,Apple,,35-44,female,Germany,Rest of the World,Europe,,"[
  ""Medium""
]",2,Intermediate,lose weight and tone,,"[
  ""Bachata"",
  ""Cumbia"",
  ""House"",
  ""Merengue"",
  ""Pop"",
  ""Reggaeton"",
  ""Salsa""
]",2,iOS,Apple,Apple,"Iphone14,5",7,0,0,0,0,8,1
3528717,06446bd5-2292-45b0-b2d8-2bf8cb892717,2025-11-22,7,Annual,Web,Stripe,,,,United States of America,"Canada, Great Britain & United States",North America,,"[
  ""Low""
]",3,Intermediate,lose weight and tone,,"[
  ""Caribbean Rhythms"",
  ""Reggaeton""
]",6,iOS,Apple,Apple,"Iphone17,2",7,2,2,0.54065,18.483333333,1,1
2430007,b4d8246e-e445-42fb-983d-cad52de2f86b,2025-11-12,0,Monthly,App,Apple,,,,Uruguay,Rest of the World,LATAM,,"[
  ""Medium""
]",4,Advanced,lose weight and tone,,"[
  ""Bachata"",
  ""Cumbia"",
  ""Merengue"",
  ""Reggaeton"",
  ""Salsa""
]",3.14.0,Android,Samsung,Samsung,Sm-G998b,509,4,4,0.63945,24.258333333,11,1
4266427,210a12e4-d743-4439-b5e7-dbd64deb90eb,2025-11-08,7,Annual,Web,App to Web,,25-34,female,United States of America,"Canada, Great Britain & United States",North America,,"[
  ""Medium""
]",3,Intermediate,lose weight and tone,,"[
  ""Bachata"",
  ""Brazilian Rhythms"",
  ""Caribbean Rhythms"",
  ""Chill Out"",
  ""Disco"",
  ""Hip Hop"",
  ""House"",
  ""Pop"",
  ""Salsa"",
  ""Techno"",
  ""World Rhythms""
]",2,iOS,Apple,Apple,"Iphone14,7",7,0,0,0,0,15,1
2770161,30e7c0b7-42bd-47e8-8c40-b7c2dd95d817,2025-11-12,14,Monthly,App,Apple,,,,United States of America,"Canada, Great Britain & United States",North America,Virtual Classes,"[
  ""Medium""
]",2,Intermediate,,,"[
  ""Afrobeats"",
  ""Alternative"",
  ""Bachata"",
  ""Belly Dance"",
  ""Bhangra"",
  ""Blues"",
  ""Bollywood"",
  ""Broadway"",
  ""Country"",
  ""Cumbia"",
  ""Disco"",
  ""Funk"",
  ""Hip Hop"",
  ""House"",
  ""K-Pop"",
  ""Merengue"",
  ""Other"",
  ""Pop"",
  ""R&B"",
  ""Reggae"",
  ""Reggaeton"",
  ""Rock"",
  ""Salsa"",
  ""Soca""
]",2,iOS,Apple,Apple,"Iphone16,2",596,2,1,0,13.333333333,11,1
4276807,4ec8139b-4c4a-477a-871e-5a22a44d076e,2025-11-14,7,Annual,Web,Stripe,,65+,female,United States of America,"Canada, Great Britain & United States",North America,,"[
  ""Medium""
]",,Intermediate,lose weight and tone,,"[
  ""Caribbean Rhythms"",
  ""Cumbia"",
  ""Merengue"",
  ""Salsa"",
  ""World Rhythms""
]",3.13.1,Android,Motorola,Motorola,Moto G 5g - 2023,7,1,1,0.0883,52.683333333,9,1
4277774,db0e8802-d526-461f-a71e-935758839bb7,2025-11-15,7,Annual,App,Apple,,35-44,female,Ireland,Rest of the World,Europe,,,2,Intermediate,,,,6,iOS,Apple,Apple,"Iphone12,1",7,0,0,0,0,8,1
4278817,13392966-7a1d-4ea0-a073-50bec679419b,2025-11-08,0,Monthly,App,Google,,35-44,female,Indonesia,Rest of the World,APAC (excl. India),,"[
  ""Medium""
]",2,Beginner,lose weight and tone,,"[
  ""Caribbean Rhythms"",
  ""Chill Out"",
  ""World Rhythms""
]",,,,,,,3,3,0.6666666667,21.844444444,15,1
4292602,05c0a567-99a4-480e-95b4-45c908cd91c6,2025-11-16,0,Monthly,Web,Stripe,,35-44,female,United States of America,"Canada, Great Britain & United States",North America,,"[
  ""High""
]",6,Intermediate,lose weight and tone,,"[
  ""Bachata"",
  ""Brazilian Rhythms"",
  ""Caribbean Rhythms"",
  ""Cumbia"",
  ""Pop"",
  ""Reggaeton"",
  ""Salsa""
]",6,iOS,Apple,Apple,"Iphone17,2",0,16,10,0.56829,25.7625,7,1
4246762,e675c60e-25e3-49e1-bfb2-28a8735f6a90,2025-11-18,7,Annual,App,Google,,35-44,female,Canada,"Canada, Great Britain & United States",North America,,"[
  ""Medium""
]",3,Beginner,lose weight and tone,,"[
  ""Cumbia"",
  ""Hip Hop"",
  ""Pop"",
  ""Salsa""
]",3.13.1,Android,Samsung,Samsung,Sm-G998u,30,7,3,0.5465,46.658333333,5,1
3891256,346d6899-6aaa-4a12-ba03-ba958de77c9f,2025-11-18,7,Annual,Web,Stripe,,25-34,female,United Kingdom,"Canada, Great Britain & United States",Europe,,"[
  ""Medium""
]",4,Intermediate,lose weight and tone,,"[
  ""Afro Rhythms"",
  ""Bachata"",
  ""Brazilian Rhythms"",
  ""Caribbean Rhythms"",
  ""Merengue"",
  ""Reggaeton"",
  ""Salsa"",
  ""World Rhythms""
]",2,iOS,Apple,Apple,"Iphone14,7",7,0,0,0,0,5,1
4143435,e2a9fe7f-9d44-4229-9dbf-b16f87602e3b,2025-11-15,7,Annual,App,Google,,35-44,female,France,Rest of the World,Europe,,"[
  ""Medium""
]",2,Intermediate,lose weight and tone,,"[
  ""Bachata"",
  ""Brazilian Rhythms"",
  ""Caribbean Rhythms"",
  ""Merengue"",
  ""Pop"",
  ""Salsa""
]",3.14.0,Android,Samsung,Samsung,Sm-A145r,85,4,2,0.9987,19.333333333,8,1
4060078,5c23728b-9751-4ad1-86ec-8d33aa6b2bdd,2025-11-12,7,Annual,Web,App to Web,,,,United States of America,"Canada, Great Britain & United States",North America,,"[
  ""Medium""
]",3,Intermediate,Have some fun,,"[
  ""Bachata"",
  ""Brazilian Rhythms"",
  ""Country"",
  ""Cumbia"",
  ""Disco"",
  ""Electronic"",
  ""Hip Hop"",
  ""House"",
  ""Merengue"",
  ""Pop"",
  ""R&B"",
  ""Reggae"",
  ""Rock"",
  ""Salsa"",
  ""Techno""
]",2,iOS,Apple,Apple,"Iphone16,2",127,0,0,0,0,11,1
4287854,8cd3e74e-3021-49e8-b856-42719ebabdae,2025-11-21,7,Annual,Web,Stripe,,45-54,female,United States of America,"Canada, Great Britain & United States",North America,,"[
  ""Medium""
]",3,Intermediate,lose weight and tone,,"[
  ""Pop""
]",6,iOS,Apple,Apple,"Ipad8,12",7,1,1,0.9994,28.716666667,2,1
4287370,f4bfd04e-eca6-4e3d-9b7a-15c32504b25c,2025-11-20,7,Annual,App,Apple,,25-34,female,United Kingdom,"Canada, Great Britain & United States",Europe,,"[
  ""Medium""
]",3,Intermediate,lose weight and tone,,,2,iOS,Apple,Apple,"Iphone16,1",7,3,3,0.6381666667,25.788888889,3,1
4278039,671986ad-5bba-4074-a19e-0c41d0de0e97,2025-11-15,7,Annual,Web,Stripe,,35-44,female,Canada,"Canada, Great Britain & United States",North America,,"[
  ""Medium""
]",3,Intermediate,lose weight and tone,,"[
  ""Brazilian Rhythms"",
  ""Caribbean Rhythms"",
  ""Disco"",
  ""House"",
  ""Pop"",
  ""Salsa"",
  ""Techno""
]",3.14.0,Android,Google,Google,Pixel 8,7,2,1,0.2237,52.516666667,8,1
4281817,72c55224-b0a6-405e-97dd-0db1207a3f50,2025-11-10,0,Monthly,Web,App to Web,,65+,female,United States of America,"Canada, Great Britain & United States",North America,,"[
  ""Low""
]",3,Intermediate,reduce stress,,,2,iOS,Apple,Apple,"Iphone14,7",0,2,1,1,30.961111111,13,1
4280039,f58b43ab-19de-4626-a7e8-ed0a8951e318,2025-11-16,7,Annual,Web,App to Web,,35-44,female,United States of America,"Canada, Great Britain & United States",North America,,"[
  ""High"",
  ""Medium""
]",2,Beginner,lose weight and tone,,"[
  ""Afro Rhythms"",
  ""Brazilian Rhythms"",
  ""Caribbean Rhythms"",
  ""Cumbia"",
  ""Electronic"",
  ""Hip Hop"",
  ""House"",
  ""Pop"",
  ""Reggaeton"",
  ""Techno""
]",2,iOS,Apple,Apple,"Iphone17,2",7,3,2,0.9986,13.443333333,7,1
4136571,2ffbc038-9210-4cb9-9119-46252b8697d9,2025-11-16,0,Monthly,App,Apple,,55-64,,United Kingdom,"Canada, Great Britain & United States",Europe,,"[
  ""Medium""
]",3,Intermediate,Start my fitness journey,,"[
  ""Afro Rhythms"",
  ""Brazilian Rhythms"",
  ""Caribbean Rhythms"",
  ""Electronic"",
  ""Pop"",
  ""Reggaeton"",
  ""Techno""
]",2,iOS,Apple,Apple,"Iphone14,7",90,1,1,0.3399,32.116666667,7,1
4281880,86bf1ca7-f0d1-4a8d-b494-88214e5f5ddb,2025-11-17,7,Monthly,App,App to Web,,25-34,male,United States of America,"Canada, Great Britain & United States",North America,,"[
  ""High""
]",3,Intermediate,lose weight and tone,,,2,iOS,Apple,Apple,"Iphone16,2",7,1,1,0.9168,32.066666667,6,1
4276678,21432647-e494-4f1f-856d-d5e0f004581b,2025-11-14,7,Annual,Web,Stripe,,35-44,female,United States of America,"Canada, Great Britain & United States",North America,,"[
  ""Medium"",
  ""High""
]",3,Intermediate,lose weight and tone,,"[
  ""Afro Rhythms"",
  ""Bachata"",
  ""Brazilian Rhythms"",
  ""Caribbean Rhythms"",
  ""Cumbia"",
  ""Disco"",
  ""Electronic"",
  ""Hip Hop"",
  ""House"",
  ""Merengue"",
  ""Reggaeton"",
  ""Salsa"",
  ""World Rhythms""
]",,,,,,,14,5,0.76868,48.977192982,9,1
4273543,e38d6660-688a-4b8b-a2c4-0338ef42a60c,2025-11-12,7,Annual,Web,Stripe,,,,United States of America,"Canada, Great Britain & United States",North America,,"[
  ""Medium""
]",3,Advanced,,,,,Mac OS X,,,,,0,0,0,0,11,1
4299788,c9cadc90-614d-44e8-b134-26ba32567528,2025-11-20,0,Monthly,Web,Stripe,,35-44,female,United States of America,"Canada, Great Britain & United States",North America,,"[
  ""Low"",
  ""Medium""
]",3,Beginner,lose weight and tone,,"[
  ""Afro Rhythms"",
  ""Bachata"",
  ""Caribbean Rhythms"",
  ""Cumbia"",
  ""Hip Hop"",
  ""Reggaeton"",
  ""Salsa"",
  ""Techno""
]",6,iOS,Apple,Apple,"Iphone14,3",0,3,1,0.9889,36.395833333,3,1
4297379,aa2d13d2-b0de-44cf-91f5-b8c6482a2627,2025-11-19,0,Monthly,Web,Stripe,,45-54,female,Greece,Rest of the World,Europe,,"[
  ""Low""
]",3,Beginner,lose weight and tone,,"[
  ""Afro Rhythms"",
  ""Caribbean Rhythms"",
  ""Merengue"",
  ""Salsa""
]",3.14.0,Android,Xiaomi,Redmi,M2010j19sy,0,8,7,0.5130857143,21.33,4,1
4283274,2f7fc742-51b6-475f-9e16-568b00fce835,2025-11-11,0,Annual,Web,Stripe,Rejoin,35-44,female,Sweden,Rest of the World,Europe,,"[
  ""Low"",
  ""Medium""
]",,Beginner,lose weight and tone,,"[
  ""Afro Rhythms"",
  ""Brazilian Rhythms"",
  ""Caribbean Rhythms"",
  ""Chill Out"",
  ""Hip Hop"",
  ""Pop"",
  ""Reggaeton"",
  ""World Rhythms""
]",2,iOS,Apple,Apple,"Iphone13,2",,0,0,0,0,12,1
3458425,74366191-859d-4b45-9525-0f7656d15dc8,2025-11-10,0,Annual,Web,Stripe,,,,Armenia,Rest of the World,ME-A,,"[
  ""Medium"",
  ""High""
]",3,Intermediate,lose weight and tone,,"[
  ""Afrobeats"",
  ""Alternative"",
  ""Bachata"",
  ""Belly Dance"",
  ""Bollywood"",
  ""Broadway"",
  ""Disco"",
  ""Funk"",
  ""Hip Hop"",
  ""Merengue"",
  ""Other"",
  ""Pop"",
  ""R&B"",
  ""Reggaeton"",
  ""Rock"",
  ""Salsa""
]",3.14.0,Android,Google,Google,Pixel 8 Pro,342,5,5,0.97606,34.026666667,13,1
4291858,4c275895-e832-45c1-80de-c5c7ac9d3702,2025-11-16,0,Monthly,App,Apple,,45-54,female,United States of America,"Canada, Great Britain & United States",North America,,"[
  ""Medium""
]",5,Intermediate,lose weight and tone,,"[
  ""Afro Rhythms"",
  ""Bachata"",
  ""Brazilian Rhythms"",
  ""Caribbean Rhythms"",
  ""Chill Out"",
  ""Cumbia"",
  ""Disco"",
  ""Electronic"",
  ""Hip Hop"",
  ""House"",
  ""Merengue"",
  ""Pop"",
  ""Reggaeton"",
  ""Salsa"",
  ""Techno"",
  ""World Rhythms""
]",2,iOS,Apple,Apple,"Iphone16,2",0,0,0,0,0,7,1
4286869,84d7839d-d53d-4fff-a4fb-b0aa3fb0b0d6,2025-11-14,0,Monthly,App,Apple,,25-34,female,Romania,Rest of the World,Europe,,"[
  ""Medium""
]",4,Intermediate,lose weight and tone,,,2,iOS,Apple,Apple,"Iphone17,3",1,10,2,0.9976,14.076388889,9,1
4301587,184e1aa2-09c2-4242-9278-381a7d60ae29,2025-11-21,0,Monthly,Web,App to Web,,45-54,female,United States of America,"Canada, Great Britain & United States",North America,,"[
  ""Low""
]",4,Beginner,Start my fitness journey,,"[
  ""Hip Hop""
]",6,iOS,Apple,Apple,"Iphone17,2",0,3,1,0.9988,13.916666667,2,1
4272339,b6d38fed-5519-425e-9c33-168f6f5b0e52,2025-11-11,7,Annual,Web,Stripe,Strand,55-64,female,United States of America,"Canada, Great Britain & United States",North America,,"[
  ""Medium""
]",,Beginner,lose weight and tone,,"[
  ""Disco"",
  ""Hip Hop"",
  ""Pop""
]",3.14.0,Android,Samsung,Samsung,Sm-S938u,7,10,8,0.624925,21.532407407,12,1
4287397,6ba75a91-10a3-4339-a11d-c4c7b9ee6a68,2025-11-20,7,Annual,Web,Stripe,,45-54,female,United States of America,"Canada, Great Britain & United States",North America,,"[
  ""Medium""
]",3,Intermediate,Have some fun,,"[
  ""Afro Rhythms"",
  ""Brazilian Rhythms"",
  ""Caribbean Rhythms"",
  ""Cumbia"",
  ""Disco"",
  ""Hip Hop"",
  ""Merengue"",
  ""Reggaeton"",
  ""Salsa"",
  ""World Rhythms""
]",3.13.1,Android,Google,Google,Pixel 9,7,0,0,0,0,3,1
4276492,5cae84f9-19ba-4d9f-8dde-0bc41d73201e,2025-11-14,7,Annual,App,Apple,,25-34,female,Portugal,Rest of the World,Europe,,"[
  ""Medium"",
  ""High""
]",2,Beginner,reduce stress,,"[
  ""Afro Rhythms"",
  ""Bachata"",
  ""Brazilian Rhythms"",
  ""Caribbean Rhythms"",
  ""Cumbia"",
  ""Hip Hop"",
  ""House"",
  ""Merengue"",
  ""Pop"",
  ""Reggaeton"",
  ""Salsa"",
  ""World Rhythms""
]",2,iOS,Apple,Apple,"Iphone14,5",7,4,3,0.6666666667,18.8,9,1
4290135,bff456c3-ec68-4faa-b8d2-bca031e99c25,2025-11-22,7,Annual,Web,App to Web,,35-44,female,United States of America,"Canada, Great Britain & United States",North America,,"[
  ""Medium""
]",6,Intermediate,lose weight and tone,,"[
  ""Afro Rhythms"",
  ""Bachata"",
  ""Brazilian Rhythms"",
  ""Caribbean Rhythms"",
  ""Chill Out"",
  ""Cumbia"",
  ""Electronic"",
  ""Hip Hop"",
  ""Merengue"",
  ""Pop"",
  ""Reggaeton"",
  ""Salsa"",
  ""World Rhythms""
]",6,iOS,Apple,Apple,"Iphone14,7",7,1,0,0,13.916666667,1,1
4297719,272c9c29-98ee-4240-a71f-539780819abd,2025-11-19,0,Monthly,Web,Stripe,,65+,female,United States of America,"Canada, Great Britain & United States",North America,,"[
  ""Low""
]",6,Beginner,lose weight and tone,,"[
  ""Afro Rhythms"",
  ""Brazilian Rhythms"",
  ""Caribbean Rhythms"",
  ""Salsa""
]",,iOS,,,,,0,0,0,0,4,1
4280854,f4f65971-0898-4403-a926-36777807e60f,2025-11-17,7,Annual,App,Google,,45-54,female,Germany,Rest of the World,Europe,,"[
  ""Medium""
]",,Beginner,,,"[
  ""Afro Rhythms"",
  ""Bachata"",
  ""Brazilian Rhythms"",
  ""Caribbean Rhythms"",
  ""Hip Hop"",
  ""Merengue"",
  ""Salsa""
]",3.13.1,Android,Samsung,Samsung,Sm-A546b,7,0,0,0,0,6,1
4291664,db622702-d7fa-4906-adea-0d77a1712735,2025-11-16,0,Monthly,Web,Stripe,,25-34,female,Germany,Rest of the World,Europe,,"[
  ""Medium""
]",2,Beginner,Have some fun,,"[
  ""Afro Rhythms"",
  ""Bachata"",
  ""Brazilian Rhythms"",
  ""Caribbean Rhythms"",
  ""Chill Out"",
  ""Cumbia"",
  ""Disco"",
  ""Electronic"",
  ""Hip Hop"",
  ""House"",
  ""Merengue"",
  ""Pop"",
  ""Reggaeton"",
  ""Salsa"",
  ""Techno"",
  ""World Rhythms""
]",3.14.0,Android,Samsung,Samsung,Sm-X610,0,17,9,0.3333333333,18.952564103,7,1
4290784,243e741f-87fe-40f2-832f-9cfb17383881,2025-11-22,7,Annual,Web,Stripe,,35-44,female,United States of America,"Canada, Great Britain & United States",North America,,"[
  ""Medium""
]",4,Beginner,lose weight and tone,,"[
  ""Afro Rhythms"",
  ""Bachata"",
  ""Brazilian Rhythms"",
  ""Caribbean Rhythms"",
  ""Hip Hop"",
  ""Merengue"",
  ""Pop"",
  ""Reggaeton"",
  ""Salsa""
]",,iOS,,,,,0,0,0,0,1,1
36365,3c07e156-2975-403d-ba06-4844b56704bb,2025-11-18,7,Annual,Web,Stripe,,55-64,female,United States of America,"Canada, Great Britain & United States",North America,In Person Classes,"[
  ""Medium""
]",3,Beginner,Start my fitness journey,"[
  ""Following instructors"",
  ""Finding local classes I love"",
  ""Joining a supportive community"",
  ""Taking classes at home"",
  ""Tracking activity streaks"",
  ""Receiving class reminders"",
  ""Learning dances""
]","[
  ""Bachata"",
  ""Belly Dance"",
  ""Bollywood"",
  ""Broadway"",
  ""Country"",
  ""Cumbia"",
  ""Disco"",
  ""Hip Hop"",
  ""Merengue"",
  ""Pop"",
  ""Reggae"",
  ""Reggaeton"",
  ""Rock"",
  ""Salsa""
]",3.14.0,Android,Google,Google,Pixel 7 Pro,672,0,0,0,0,5,1
4287315,1a6d2823-17e6-4cff-8942-62be90570487,2025-11-20,7,Annual,Web,App to Web,,,,United States of America,"Canada, Great Britain & United States",North America,,,,,,,,2,iOS,Apple,Apple,"Iphone13,3",7,1,0,0,47.983333333,3,1
4284645,d5338a64-8328-49a8-951d-b9db5269d75e,2025-11-19,7,Annual,Web,App to Web,,55-64,female,United States of America,"Canada, Great Britain & United States",North America,,"[
  ""Low"",
  ""Medium"",
  ""High""
]",3,Beginner,Start my fitness journey,,"[
  ""Caribbean Rhythms"",
  ""Chill Out"",
  ""House"",
  ""Pop""
]",2,iOS,Apple,Apple,"Iphone17,2",7,0,0,0,0,4,1
4288671,eea88bc0-e03c-49e9-9665-61617405be0f,2025-11-21,7,Annual,App,Google,,25-34,female,United States of America,"Canada, Great Britain & United States",North America,,"[
  ""Medium""
]",,Intermediate,lose weight and tone,,,3.14.0,Android,Samsung,Samsung,Sm-S931u,7,0,0,0,0,2,1
4274648,4e4ab841-6789-4190-a319-1279ac1f2363,2025-11-14,7,Monthly,App,Apple,,25-34,female,United Kingdom,"Canada, Great Britain & United States",Europe,,"[
  ""Medium""
]",3,Advanced,lose weight and tone,,"[
  ""Brazilian Rhythms"",
  ""Caribbean Rhythms"",
  ""Hip Hop"",
  ""Reggaeton"",
  ""Salsa"",
  ""World Rhythms""
]",6,iOS,Apple,Apple,"Iphone13,4",8,4,4,0.999575,28.820833333,9,1
4279499,37b9c0cb-f06b-474d-b920-8ffcde283338,2025-11-16,7,Annual,Web,Stripe,,25-34,female,United States of America,"Canada, Great Britain & United States",North America,,"[
  ""Low"",
  ""Medium"",
  ""High""
]",3,Beginner,lose weight and tone,,"[
  ""Hip Hop"",
  ""Pop""
]",3.13.1,Android,Samsung,Samsung,Sm-S906u,7,0,1,0.5832,13.916666667,7,1
4216841,b01a5630-8716-4649-b7f1-f328d76a3695,2025-11-09,7,Annual,App,Google,,25-34,,United States of America,"Canada, Great Britain & United States",North America,,"[
  ""Low"",
  ""Medium""
]",2,Beginner,lose weight and tone,,,3.14.0,Android,Samsung,Samsung,Sm-S911u,38,1,1,1,17.483333333,14,1
3429964,51aab294-38cb-4916-b746-49bc9af65fba,2025-11-13,7,Monthly,App,Apple,,,,Germany,Rest of the World,Europe,,"[
  ""Low""
]",2,Beginner,lose weight and tone,,"[
  ""Belly Dance"",
  ""Bollywood"",
  ""Disco"",
  ""Pop"",
  ""Rock"",
  ""Salsa""
]",2.5.0,Android,Samsung,Samsung,Sm-S918b,356,3,2,0.99865,26.05,10,1
4286231,68237119-4575-4d92-8b5a-d70335288059,2025-11-12,0,Monthly,Web,Stripe,,25-34,female,United States of America,"Canada, Great Britain & United States",North America,,"[
  ""Low"",
  ""Medium""
]",3,Beginner,lose weight and tone,,"[
  ""Afro Rhythms"",
  ""Disco"",
  ""Hip Hop"",
  ""Pop"",
  ""Techno""
]",3.13.1,Android,Oneplus,Oneplus,Cph2723,0,1,0,0,13.916666667,11,1
4272107,a9f94da2-6e8c-483d-bfa6-4537de7123dd,2025-11-11,7,Annual,Web,App to Web,,25-34,female,United States of America,"Canada, Great Britain & United States",North America,,"[
  ""Medium""
]",3,Advanced,lose weight and tone,,"[
  ""Pop""
]",2,iOS,Apple,Apple,"Iphone16,2",7,1,1,0.9965,19,12,1
4281521,25a178cc-0383-492e-b785-81efd75afd56,2025-11-17,7,Monthly,Web,Stripe,Strand,,,United States of America,"Canada, Great Britain & United States",North America,,,,,,,,,Mac OS X,,,,,0,0,0,0,6,1
4272458,d07eed85-2443-48e7-b35a-79ab8fc413d8,2025-11-11,7,Annual,Web,App to Web,,45-54,female,United States of America,"Canada, Great Britain & United States",North America,,"[
  ""Medium"",
  ""Low"",
  ""High""
]",3,Intermediate,lose weight and tone,,"[
  ""Chill Out"",
  ""Hip Hop"",
  ""House"",
  ""Pop""
]",2,iOS,Apple,Apple,"Iphone17,2",7,0,0,0,0,12,1
4069928,1ef3a1d2-3836-4a42-b0d0-5bf08ed36354,2025-11-12,0,Monthly,Web,Stripe,,25-34,female,United States of America,"Canada, Great Britain & United States",North America,,"[
  ""High""
]",3,Intermediate,lose weight and tone,,"[
  ""Chill Out"",
  ""Disco"",
  ""Electronic"",
  ""Hip Hop"",
  ""House"",
  ""Pop"",
  ""Salsa"",
  ""Techno""
]",2,iOS,Apple,Apple,"Iphone15,2",0,2,2,0.9996,19.775,11,1
3878386,913dacf1-c714-4193-8254-02d92f34f293,2025-11-17,0,Annual,Web,App to Web,,,,United States of America,"Canada, Great Britain & United States",North America,,"[
  ""Low""
]",5,Beginner,lose weight and tone,,"[
  ""Alternative"",
  ""Country"",
  ""Hip Hop"",
  ""Pop"",
  ""R&B"",
  ""Rock""
]",2,iOS,Apple,Apple,"Iphone13,2",210,0,0,0,0,6,1
4284685,d25bf685-8068-4ac7-a498-a454616c1fd2,2025-11-19,7,Annual,Web,Stripe,,,female,United Kingdom,"Canada, Great Britain & United States",Europe,,,3,,lose weight and tone,,,5,iOS,Apple,Apple,"Iphone18,2",,0,0,0,0,4,1
4286402,cddf8a5d-f9b2-40e1-bda9-76c676d7ecf8,2025-11-13,0,Monthly,Web,Stripe,,25-34,female,United States of America,"Canada, Great Britain & United States",North America,,"[
  ""Low""
]",3,Beginner,lose weight and tone,,"[
  ""Caribbean Rhythms"",
  ""Electronic"",
  ""Hip Hop"",
  ""Pop"",
  ""Reggaeton""
]",2,iOS,Apple,Apple,"Iphone15,4",0,0,0,0,0,10,1
4285282,284bb370-5327-4481-a51b-3546d7e0f8db,2025-11-19,7,Annual,Web,Stripe,,45-54,female,United States of America,"Canada, Great Britain & United States",North America,,"[
  ""Medium""
]",3,Beginner,lose weight and tone,,"[
  ""Afro Rhythms"",
  ""Bachata"",
  ""Brazilian Rhythms"",
  ""Caribbean Rhythms"",
  ""Cumbia"",
  ""Hip Hop"",
  ""Merengue"",
  ""Pop"",
  ""Reggaeton"",
  ""Salsa"",
  ""World Rhythms""
]",2,iOS,Apple,Apple,"Iphone15,2",7,1,0,0,13.916666667,4,1
4281441,d8df2b97-e01e-43fc-979b-a57167a99953,2025-11-10,0,Monthly,App,Apple,,25-34,female,Ukraine,Rest of the World,Europe,,"[
  ""Medium"",
  ""Low""
]",5,Beginner,reduce stress,,"[
  ""Afro Rhythms"",
  ""Bachata"",
  ""Brazilian Rhythms"",
  ""Caribbean Rhythms"",
  ""Electronic"",
  ""Hip Hop"",
  ""House"",
  ""Pop"",
  ""Reggaeton"",
  ""Salsa"",
  ""Techno"",
  ""World Rhythms""
]",2,iOS,Apple,Apple,"Iphone17,1",0,11,9,0.6293666667,29.080833333,13,1
4242090,696b1962-8717-4ca7-94f6-52185fb5f897,2025-11-16,7,Annual,Web,Stripe,,35-44,female,United States of America,"Canada, Great Britain & United States",North America,,"[
  ""Medium""
]",4,Intermediate,,,"[
  ""Afro Rhythms"",
  ""Bachata"",
  ""Brazilian Rhythms"",
  ""Caribbean Rhythms"",
  ""Cumbia"",
  ""Disco"",
  ""Electronic"",
  ""Hip Hop"",
  ""House"",
  ""Merengue"",
  ""Pop"",
  ""Reggaeton"",
  ""Salsa"",
  ""Techno""
]",5,iOS,Apple,Apple,"Iphone16,2",31,0,0,0,0,7,1
4274323,8cbbe5d8-542b-45db-bfee-3affe51f87ee,2025-11-14,0,Annual,Web,App to Web,,25-34,female,United States of America,"Canada, Great Britain & United States",North America,,"[
  ""Medium""
]",3,Beginner,Have some fun,,"[
  ""Afro Rhythms"",
  ""Bachata"",
  ""Brazilian Rhythms"",
  ""Caribbean Rhythms"",
  ""Cumbia"",
  ""Disco"",
  ""Merengue"",
  ""Pop"",
  ""Reggaeton"",
  ""Salsa"",
  ""World Rhythms""
]",2,iOS,Apple,Apple,"Iphone16,1",9,6,4,0.5157,25.721666667,9,1
4273130,2ac65b64-ac4b-47c8-b2d9-c768e30158c6,2025-11-12,7,Annual,Web,Stripe,,35-44,female,United States of America,"Canada, Great Britain & United States",North America,,"[
  ""Medium""
]",2,Intermediate,lose weight and tone,,"[
  ""Brazilian Rhythms"",
  ""Caribbean Rhythms"",
  ""Disco"",
  ""Electronic"",
  ""House"",
  ""Pop"",
  ""Reggaeton"",
  ""Salsa"",
  ""Techno"",
  ""World Rhythms""
]",,Android,,,,,0,0,0,0,11,1
4287796,7ff1b2f6-5ce6-475f-9a0f-66fc1b39e394,2025-11-13,0,Monthly,Web,App to Web,,25-34,female,United States of America,"Canada, Great Britain & United States",North America,,"[
  ""Low"",
  ""Medium""
]",3,Intermediate,lose weight and tone,,"[
  ""Chill Out"",
  ""Hip Hop"",
  ""House"",
  ""Pop""
]",2,iOS,Apple,Apple,"Iphone14,7",0,4,3,0.5053333333,14.55952381,10,1
4255623,fe4138fd-05d4-4cdf-bef5-a860a4ca0b28,2025-11-17,7,Annual,Web,App to Web,,35-44,female,United States of America,"Canada, Great Britain & United States",North America,,"[
  ""Medium""
]",4,Intermediate,lose weight and tone,,"[
  ""Afro Rhythms"",
  ""Bachata"",
  ""Brazilian Rhythms"",
  ""Cumbia"",
  ""Hip Hop"",
  ""Merengue"",
  ""Pop"",
  ""Reggaeton"",
  ""Salsa""
]",2,iOS,Apple,Apple,"Iphone18,2",7,0,0,0,0,6,1
4266690,d57bdf04-a20e-46f4-9b95-1ea409d83397,2025-11-08,7,Annual,Web,Stripe,,45-54,female,United Kingdom,"Canada, Great Britain & United States",Europe,,"[
  ""Medium""
]",3,Intermediate,lose weight and tone,,"[
  ""Brazilian Rhythms"",
  ""Disco"",
  ""Merengue"",
  ""Pop"",
  ""Salsa""
]",3.13.1,Android,Google,Google,Pixel 9 Pro,7,0,0,0,0,15,1
4296029,a5e16e05-daaa-4acf-9a9b-2b8a6591bd8c,2025-11-20,0,Monthly,Web,Stripe,,35-44,female,United States of America,"Canada, Great Britain & United States",North America,,"[
  ""Medium""
]",4,Intermediate,lose weight and tone,,"[
  ""Bachata"",
  ""Cumbia"",
  ""Merengue"",
  ""Reggaeton"",
  ""Salsa""
]",6,iOS,Apple,Apple,"Iphone15,2",0,5,4,0.99735,30,3,1
4269291,51521f96-fbac-44ea-8cc0-b9911f9896c8,2025-11-10,7,Annual,Web,Stripe,,45-54,female,United States of America,"Canada, Great Britain & United States",North America,,"[
  ""Low""
]",3,Intermediate,lose weight and tone,,"[
  ""Afro Rhythms"",
  ""Bachata"",
  ""Caribbean Rhythms"",
  ""Cumbia"",
  ""Merengue"",
  ""Pop"",
  ""Salsa""
]",,iOS,,,,,0,0,0,0,13,1
4296766,46725cae-0c92-4e9a-8c87-6725b8b9c571,2025-11-19,0,Monthly,Web,Stripe,,35-44,female,New Zealand,Rest of the World,APAC (excl. India),,"[
  ""Low"",
  ""Medium""
]",2,Beginner,Start my fitness journey,,"[
  ""Chill Out"",
  ""Disco"",
  ""Hip Hop"",
  ""House"",
  ""Pop"",
  ""Salsa""
]",3.14.0,Android,Samsung,Samsung,Sm-G780f,0,4,3,0.712,26.533333333,4,1
4280879,4a5a2cee-18cc-4469-82bf-07cc94e98202,2025-11-17,7,Annual,Web,App to Web,,35-44,female,United States of America,"Canada, Great Britain & United States",North America,,"[
  ""High"",
  ""Medium""
]",3,Advanced,lose weight and tone,,"[
  ""Afro Rhythms"",
  ""Brazilian Rhythms"",
  ""Caribbean Rhythms"",
  ""Cumbia"",
  ""Hip Hop"",
  ""Pop"",
  ""Salsa""
]",2,iOS,Apple,Apple,"Iphone17,1",7,0,0,0,0,6,1
4282957,6be58c0c-8520-4eac-a69a-2e803a90b2a1,2025-11-18,7,Annual,Web,Stripe,,25-34,female,United Kingdom,"Canada, Great Britain & United States",Europe,,"[
  ""Medium""
]",2,Beginner,Start my fitness journey,,"[
  ""Afro Rhythms"",
  ""Brazilian Rhythms"",
  ""Caribbean Rhythms"",
  ""Cumbia"",
  ""World Rhythms""
]",3.14.0,Android,Samsung,Samsung,Sm-S918b,7,6,6,0.6666666667,21.119444444,5,1
2455811,db0c1b43-e67b-43f6-bcde-915514f3ec49,2025-11-19,7,Monthly,App,Apple,,,,United States of America,"Canada, Great Britain & United States",North America,,"[
  ""Medium"",
  ""High""
]",3,Intermediate,lose weight and tone,,"[
  ""Bachata"",
  ""Hip Hop"",
  ""Merengue"",
  ""Pop"",
  ""Reggaeton""
]",5,iOS,Apple,Apple,"Ipad16,6",527,3,2,0.7122,26.596666667,4,1
4287911,3c877f88-c122-4d1d-8404-80d511a51629,2025-11-20,7,Annual,App,Google,,45-54,female,United States of America,"Canada, Great Britain & United States",North America,,"[
  ""Medium""
]",5,Beginner,lose weight and tone,,"[
  ""Chill Out"",
  ""Reggaeton"",
  ""Salsa""
]",3.13.1,Android,Samsung,Samsung,Sm-S918u,7,0,0,0,0,3,1
4285722,86ffc4b8-998a-438b-b2b0-31cd7a3be9d4,2025-11-19,7,Annual,Web,Stripe,,25-34,female,United States of America,"Canada, Great Britain & United States",North America,,"[
  ""High"",
  ""Low"",
  ""Medium""
]",3,Intermediate,lose weight and tone,,"[
  ""Bachata"",
  ""Cumbia"",
  ""Disco"",
  ""House"",
  ""Merengue"",
  ""Pop"",
  ""Reggaeton"",
  ""Techno""
]",3.13.1,Android,Samsung,Samsung,Sm-S938u,7,0,0,0,0,4,1
4287866,e78bb075-8208-442c-841a-0da59e8016e8,2025-11-20,7,Annual,Web,Stripe,,45-54,female,United States of America,"Canada, Great Britain & United States",North America,,"[
  ""Medium"",
  ""High""
]",4,Intermediate,lose weight and tone,,"[
  ""Brazilian Rhythms"",
  ""Caribbean Rhythms"",
  ""Cumbia"",
  ""Hip Hop"",
  ""Merengue"",
  ""Salsa""
]",2,iOS,Apple,Apple,"Iphone16,2",7,0,0,0,0,3,1
4277516,c1b9cb1c-a848-48e9-b15b-5593670e60ce,2025-11-14,7,Annual,Web,Stripe,,55-64,female,United States of America,"Canada, Great Britain & United States",North America,,"[
  ""Low""
]",2,Beginner,Start my fitness journey,,"[
  ""Afro Rhythms"",
  ""Brazilian Rhythms"",
  ""Caribbean Rhythms"",
  ""Disco"",
  ""Hip Hop"",
  ""House"",
  ""Pop""
]",,Android,,,,,0,0,0,0,9,1
4289503,152f70ed-08c5-4134-b3a1-400bea4635e7,2025-11-22,7,Annual,Web,Stripe,,25-34,female,United States of America,"Canada, Great Britain & United States",North America,,,3,,,,,3.13.1,Android,Samsung,Samsung,Sm-A166u,7,0,0,0,0,1,1
3937610,9e2b136d-bf66-4c03-b1b1-9e715f2e88c8,2025-11-20,7,Annual,Web,Stripe,,55-64,female,United States of America,"Canada, Great Britain & United States",North America,,"[
  ""Medium""
]",3,Intermediate,lose weight and tone,,"[
  ""Afro Rhythms"",
  ""Cumbia"",
  ""Disco"",
  ""Merengue"",
  ""Salsa""
]",3.14.0,Android,Samsung,Samsung,Sm-S911u,7,0,0,0,0,3,1
4288943,16c1181c-f80c-4875-bf7c-8e58a533dbd3,2025-11-21,7,Annual,Web,Stripe,,,,United States of America,"Canada, Great Britain & United States",North America,,,,,,,,3.13.1,Android,Google,Google,Pixel 10 Pro,7,0,0,0,0,2,1
3698330,7beb7813-b512-409a-9163-d4a8785f4a49,2025-11-22,7,Annual,Web,App to Web,,55-64,female,United States of America,"Canada, Great Britain & United States",North America,,"[
  ""Medium""
]",2,Beginner,Have some fun,,"[
  ""Afro Rhythms"",
  ""Bachata"",
  ""Brazilian Rhythms"",
  ""Caribbean Rhythms"",
  ""Cumbia"",
  ""Disco"",
  ""Electronic"",
  ""Hip Hop"",
  ""House"",
  ""Merengue"",
  ""Pop"",
  ""Reggaeton"",
  ""Salsa"",
  ""Techno"",
  ""World Rhythms""
]",2,iOS,Apple,Apple,"Iphone14,5",7,0,0,0,0,1,1
4267593,cc982b26-bfe2-411d-8e68-c6543d6f139e,2025-11-09,7,Annual,Web,Stripe,,45-54,female,United Kingdom,"Canada, Great Britain & United States",Europe,,"[
  ""Medium""
]",3,Intermediate,lose weight and tone,,"[
  ""Afro Rhythms"",
  ""Bachata"",
  ""Brazilian Rhythms"",
  ""Caribbean Rhythms"",
  ""Chill Out"",
  ""Cumbia"",
  ""Disco"",
  ""Electronic"",
  ""Hip Hop"",
  ""House"",
  ""Merengue"",
  ""Pop"",
  ""Reggaeton"",
  ""Salsa"",
  ""Techno"",
  ""World Rhythms""
]",2,iOS,Apple,Apple,"Iphone15,4",7,0,0,0,0,14,1
4236950,3a7c6796-84f7-4b9f-8c18-1e3bd9903a66,2025-11-13,7,Monthly,App,App to Web,,55-64,female,United States of America,"Canada, Great Britain & United States",North America,,,3,Intermediate,lose weight and tone,,,2,iOS,Apple,Apple,"Ipad13,19",31,1,0,0,32.416666667,10,1
3366087,16cb07e2-fcf6-400f-9842-0fa69af8dee8,2025-11-13,7,Annual,App,Apple,,,,United States of America,"Canada, Great Britain & United States",North America,,"[
  ""Medium""
]",4,Beginner,lose weight and tone,,"[
  ""Belly Dance"",
  ""Disco"",
  ""Funk"",
  ""Hip Hop"",
  ""Merengue"",
  ""Pop"",
  ""Salsa""
]",2,iOS,Apple,Apple,"Iphone14,3",385,1,1,1,28.083333333,10,1
4281834,5cdadd30-ae84-4782-a03e-72acbb9910fd,2025-11-10,0,Monthly,Web,App to Web,,45-54,female,United States of America,"Canada, Great Britain & United States",North America,,"[
  ""Medium""
]",4,Beginner,lose weight and tone,,"[
  ""House""
]",2,iOS,Apple,Apple,"Iphone13,2",0,4,3,0.6901333333,27.721428571,13,1
4283520,17b2e81b-1355-4d52-8bab-e5808919161e,2025-11-18,7,Annual,Web,Stripe,,35-44,female,Germany,Rest of the World,Europe,,"[
  ""High""
]",5,Advanced,lose weight and tone,,"[
  ""Bachata"",
  ""Brazilian Rhythms"",
  ""Cumbia"",
  ""Merengue"",
  ""Pop"",
  ""Reggaeton"",
  ""Salsa"",
  ""World Rhythms""
]",3.14.0,Android,Xiaomi,Poco,2412dpc0ag,7,0,0,0,0,5,1
4268797,49dbe9a4-dfb9-402a-b987-c569b838e442,2025-11-09,7,Annual,Web,Stripe,,35-44,female,United States of America,"Canada, Great Britain & United States",North America,,"[
  ""Medium""
]",3,Intermediate,lose weight and tone,,"[
  ""Bachata"",
  ""Cumbia"",
  ""Hip Hop"",
  ""Merengue"",
  ""Pop"",
  ""Reggaeton"",
  ""Salsa""
]",6,iOS,Apple,Apple,"Iphone14,3",7,7,7,0.7679285714,26.604761905,14,1
3355328,47a5abb4-bc2e-464a-af79-e3acdf3cf721,2025-11-11,0,Monthly,App,App to Web,,,,United States of America,"Canada, Great Britain & United States",North America,,"[
  ""High""
]",3,Advanced,lose weight and tone,,"[
  ""Afro Rhythms"",
  ""Bachata"",
  ""Belly Dance"",
  ""Brazilian Rhythms"",
  ""Caribbean Rhythms"",
  ""Cumbia"",
  ""Disco"",
  ""Hip Hop"",
  ""House"",
  ""Merengue"",
  ""Pop"",
  ""R&B"",
  ""Reggaeton"",
  ""Salsa""
]",2,iOS,Apple,Apple,"Iphone17,2",,1,0,0,32.366666667,12,1
4289951,8321b593-f3a2-4e88-8df7-f161f538e34e,2025-11-15,0,Monthly,Web,App to Web,,35-44,female,United States of America,"Canada, Great Britain & United States",North America,,"[
  ""High""
]",7,Advanced,Start my fitness journey,,"[
  ""Bachata"",
  ""Cumbia"",
  ""Hip Hop"",
  ""Merengue"",
  ""Pop"",
  ""Reggaeton"",
  ""Salsa""
]",2,iOS,Apple,Apple,"Iphone14,7",0,14,8,0.8256375,28.53030303,8,1
4277807,112b121f-4399-4f83-bcac-fa4492799bea,2025-11-08,0,Monthly,App,Apple,,45-54,female,Germany,Rest of the World,Europe,,"[
  ""High""
]",3,Beginner,lose weight and tone,,"[
  ""Disco"",
  ""House"",
  ""Pop"",
  ""World Rhythms""
]",2,iOS,Apple,Apple,"Iphone14,8",0,5,4,0.99955,21.161111111,15,1
4285713,66b1025a-2f7a-4082-a5a4-9c25dd27fd5a,2025-11-12,0,Monthly,Web,Stripe,,35-44,female,Bosnia and Herzegovina,Rest of the World,Europe,,"[
  ""Medium""
]",4,Intermediate,lose weight and tone,,"[
  ""Bachata"",
  ""Brazilian Rhythms"",
  ""Disco"",
  ""Electronic"",
  ""House"",
  ""Merengue"",
  ""Pop"",
  ""Reggaeton"",
  ""Salsa"",
  ""World Rhythms""
]",3.13.1,Android,Xiaomi,Poco,M2102j20sg,0,1,1,0.9904,13.916666667,11,1
4283640,285f072d-1f8e-4cce-a257-e266f59ccaf3,2025-11-11,0,Monthly,App,Google,,35-44,female,United States of America,"Canada, Great Britain & United States",North America,,"[
  ""High""
]",,Beginner,lose weight and tone,,"[
  ""Afro Rhythms"",
  ""Bachata"",
  ""Brazilian Rhythms"",
  ""Cumbia"",
  ""Disco"",
  ""Electronic"",
  ""Hip Hop"",
  ""Pop"",
  ""Salsa"",
  ""Techno""
]",3.13.1,Android,Samsung,Samsung,Sm-S921u,0,12,9,0.6523444444,23.554761905,12,1
4279543,05f9c8d8-3d33-451c-93bf-9f2397e8e13a,2025-11-16,7,Annual,Web,Stripe,,25-34,female,France,Rest of the World,Europe,,"[
  ""Medium""
]",3,Intermediate,lose weight and tone,,"[
  ""Brazilian Rhythms"",
  ""Electronic"",
  ""Hip Hop"",
  ""Reggaeton"",
  ""Techno""
]",2,iOS,Apple,Apple,"Iphone14,5",7,0,0,0,0,7,1
4282493,5e846a25-8ec3-4302-8cff-f3a58a80325a,2025-11-10,0,Monthly,App,App to Web,,45-54,female,United States of America,"Canada, Great Britain & United States",North America,,"[
  ""High""
]",4,Beginner,lose weight and tone,,,2,iOS,Apple,Apple,"Iphone16,2",0,1,1,0.9988,13.916666667,13,1
4297174,d0731728-c396-4a97-88ed-7a6c7c224f88,2025-11-19,0,Monthly,App,Apple,,35-44,female,United States of America,"Canada, Great Britain & United States",North America,,"[
  ""Medium""
]",2,Beginner,lose weight and tone,,"[
  ""Disco"",
  ""Hip Hop"",
  ""Pop""
]",2,iOS,Apple,Apple,"Iphone15,2",0,0,0,0,0,4,1
4284899,005d811c-b06c-41c1-bbb6-ddc074ec4ce6,2025-11-12,0,Monthly,App,Apple,,45-54,female,United States of America,"Canada, Great Britain & United States",North America,,"[
  ""Medium""
]",3,Intermediate,lose weight and tone,,"[
  ""Hip Hop"",
  ""Salsa""
]",2,iOS,Apple,Apple,"Iphone14,5",0,1,0,0,31.433333333,11,1
2429928,37be2600-b492-428e-9f47-76f87e7ebe71,2025-11-17,7,Annual,App,Apple,,45-54,female,United States of America,"Canada, Great Britain & United States",North America,,"[
  ""Low""
]",4,Intermediate,lose weight and tone,,"[
  ""Bachata"",
  ""Caribbean Rhythms"",
  ""Hip Hop"",
  ""House"",
  ""Merengue"",
  ""Reggaeton""
]",6,iOS,Apple,Apple,"Iphone14,7",7,2,1,0.7873,29.244444444,6,1
4268183,fef76428-227b-47a6-83f8-7fe17e5bb419,2025-11-09,7,Annual,Web,Stripe,Strand,55-64,female,United States of America,"Canada, Great Britain & United States",North America,,"[
  ""Medium""
]",3,Beginner,Have some fun,,"[
  ""Chill Out"",
  ""Disco"",
  ""Pop""
]",2,iOS,Apple,Apple,"Iphone17,3",7,0,0,0,0,14,1
3297688,c6d63ce8-9625-4c36-88b8-c219ae2e67bc,2025-11-08,7,Annual,Web,App to Web,,,,United States of America,"Canada, Great Britain & United States",North America,,"[
  ""Medium""
]",2,Intermediate,lose weight and tone,,"[
  ""Country"",
  ""Funk"",
  ""Hip Hop"",
  ""Pop"",
  ""R&B"",
  ""Salsa""
]",2,iOS,Apple,Apple,"Iphone15,4",412,0,0,0,0,15,1
2080872,c0d6f465-178b-4e8d-966e-ab31c8108af4,2025-11-11,0,Monthly,Web,Stripe,,,,Brazil,Rest of the World,LATAM,,"[
  ""Medium""
]",,Intermediate,lose weight and tone,,"[
  ""Afro Rhythms"",
  ""Brazilian Rhythms"",
  ""Caribbean Rhythms"",
  ""Cumbia"",
  ""Disco"",
  ""Hip Hop"",
  ""Merengue"",
  ""Pop"",
  ""Reggaeton"",
  ""Salsa"",
  ""World Rhythms""
]",3.13.1,Android,Samsung,Samsung,Sm-A546e,205,0,0,0,0,12,1
4270991,30f38d9d-4024-45bc-b570-157c310b61f4,2025-11-11,7,Annual,Web,Stripe,,55-64,female,United States of America,"Canada, Great Britain & United States",North America,,"[
  ""Medium""
]",4,Intermediate,lose weight and tone,,"[
  ""Caribbean Rhythms"",
  ""Disco"",
  ""Electronic"",
  ""Hip Hop"",
  ""House"",
  ""Pop"",
  ""Techno""
]",,iOS,,,,,0,0,0,0,12,1
2390529,8dfe2364-70f9-4ecd-a23c-0a000f8667eb,2025-11-09,7,Annual,Web,Stripe,,35-44,female,United States of America,"Canada, Great Britain & United States",North America,,"[
  ""High""
]",,Intermediate,reduce stress,,"[
  ""Afro Rhythms"",
  ""Bachata"",
  ""Brazilian Rhythms"",
  ""Caribbean Rhythms"",
  ""Cumbia"",
  ""Hip Hop"",
  ""Merengue"",
  ""Reggaeton"",
  ""Salsa"",
  ""World Rhythms""
]",2,iOS,Apple,Apple,"Iphone15,2",7,9,7,0.9784571429,2.516666667,14,1
4271308,b11eb339-cedb-4667-8fa7-f7094bf722d3,2025-11-20,7,Annual,App,Apple,,25-34,female,United Kingdom,"Canada, Great Britain & United States",Europe,,"[
  ""High""
]",4,Intermediate,lose weight and tone,,"[
  ""Afro Rhythms"",
  ""Brazilian Rhythms"",
  ""Cumbia"",
  ""Disco"",
  ""Electronic"",
  ""Hip Hop"",
  ""Reggaeton""
]",2,iOS,Apple,Apple,"Iphone15,4",16,0,0,0,0,3,1
4286880,7db041e5-c6d1-489c-9092-20a78f71c03d,2025-11-13,0,Annual,App,Apple,,45-54,female,Mexico,Rest of the World,LATAM,,"[
  ""Low""
]",7,Beginner,lose weight and tone,,"[
  ""Afro Rhythms"",
  ""Bachata"",
  ""Brazilian Rhythms"",
  ""Caribbean Rhythms"",
  ""Chill Out"",
  ""Cumbia"",
  ""Disco"",
  ""Electronic"",
  ""Hip Hop"",
  ""House"",
  ""Merengue"",
  ""Pop"",
  ""Reggaeton"",
  ""Salsa"",
  ""Techno"",
  ""World Rhythms""
]",6,iOS,Apple,Apple,"Iphone14,7",0,14,8,0.7494125,17.795454545,10,1
4268444,79e8ccd5-6d0b-495b-b63e-792f465208fb,2025-11-09,7,Annual,Web,Stripe,,,,United States of America,"Canada, Great Britain & United States",North America,,,3,,,,"[
  ""Hip Hop"",
  ""Pop""
]",2,iOS,Apple,Apple,"Iphone14,5",7,0,0,0,0,14,1
4264400,c77b77b7-6888-4b32-8b03-d850b4e6e06d,2025-11-19,0,Annual,Web,Stripe,,25-34,female,United Kingdom,"Canada, Great Britain & United States",Europe,,"[
  ""Low"",
  ""Medium"",
  ""High""
]",5,Intermediate,lose weight and tone,,"[
  ""Afro Rhythms"",
  ""Brazilian Rhythms"",
  ""Caribbean Rhythms"",
  ""Disco"",
  ""Hip Hop"",
  ""Pop"",
  ""Reggaeton"",
  ""Salsa""
]",3.14.0,Android,Samsung,Samsung,Sm-F956b,20,3,3,0.9539,30.677777778,4,1
4300201,b4e246f2-0991-4a0a-904c-c52c4d3170bd,2025-11-20,0,Monthly,App,Apple,,25-34,female,United States of America,"Canada, Great Britain & United States",North America,,"[
  ""Medium""
]",3,Beginner,lose weight and tone,,"[
  ""Hip Hop"",
  ""House"",
  ""Pop""
]",6,iOS,Apple,Apple,"Iphone13,3",0,1,0,0,13.916666667,3,1
4287204,7aaf8a61-70dc-40ea-bd22-ed31185ed127,2025-11-13,0,Monthly,App,Apple,,45-54,female,United Kingdom,"Canada, Great Britain & United States",Europe,,"[
  ""Medium""
]",3,Intermediate,lose weight and tone,,"[
  ""Afro Rhythms"",
  ""Bachata"",
  ""Brazilian Rhythms"",
  ""Caribbean Rhythms"",
  ""Chill Out"",
  ""Cumbia"",
  ""Disco"",
  ""Electronic"",
  ""Hip Hop"",
  ""House"",
  ""Merengue"",
  ""Pop"",
  ""Reggaeton"",
  ""Salsa"",
  ""Techno"",
  ""World Rhythms""
]",2,iOS,Apple,Apple,"Iphone12,1",0,0,0,0,0,10,1
4290607,26618375-2611-4850-ac4c-1a1f74f61da5,2025-11-22,7,Annual,Web,Stripe,,35-44,female,United States of America,"Canada, Great Britain & United States",North America,,"[
  ""High""
]",4,Advanced,lose weight and tone,,"[
  ""Brazilian Rhythms"",
  ""Caribbean Rhythms"",
  ""Chill Out"",
  ""Cumbia"",
  ""Disco"",
  ""Hip Hop"",
  ""House"",
  ""Pop"",
  ""Salsa"",
  ""Techno"",
  ""World Rhythms""
]",3.13.1,Android,Samsung,Samsung,Sm-S931u,7,0,0,0,0,1,1
4165174,b87d4eb8-5486-404f-8656-f405ec7b7e99,2025-11-22,7,Annual,Web,Stripe,,25-34,female,United States of America,"Canada, Great Britain & United States",North America,,"[
  ""Medium""
]",3,Intermediate,lose weight and tone,,"[
  ""Afro Rhythms"",
  ""Bachata"",
  ""Brazilian Rhythms"",
  ""Caribbean Rhythms"",
  ""Chill Out"",
  ""Cumbia"",
  ""Disco"",
  ""Electronic"",
  ""Hip Hop"",
  ""House"",
  ""Merengue"",
  ""Pop"",
  ""Reggaeton"",
  ""Salsa"",
  ""Techno"",
  ""World Rhythms""
]",2,iOS,Apple,Apple,"Iphone17,1",7,0,0,0,0,1,1
4302870,230bca5c-cc5d-41e6-9375-17c73832756b,2025-11-22,0,Monthly,Web,Stripe,,45-54,female,United States of America,"Canada, Great Britain & United States",North America,,"[
  ""Low"",
  ""Medium""
]",3,Intermediate,lose weight and tone,,"[
  ""Chill Out"",
  ""Cumbia"",
  ""Disco"",
  ""Merengue"",
  ""Pop"",
  ""Salsa""
]",,iOS,,,,,0,0,0,0,1,1
4103381,ea8b3105-142d-4484-9382-9ea043be6c0e,2025-11-21,7,Annual,Web,App to Web,,55-64,female,United States of America,"Canada, Great Britain & United States",North America,,"[
  ""Medium""
]",3,Beginner,lose weight and tone,,"[
  ""Pop""
]",2,iOS,Apple,Apple,"Iphone12,1",7,2,1,1,30.938888889,2,1
4291478,e09a9094-c7bf-4b20-b82d-54ca0e5c5d28,2025-11-23,7,Annual,Web,Stripe,,35-44,female,United States of America,"Canada, Great Britain & United States",North America,,"[
  ""Medium""
]",3,Intermediate,lose weight and tone,,"[
  ""Brazilian Rhythms"",
  ""Chill Out"",
  ""Hip Hop"",
  ""House"",
  ""Merengue"",
  ""Pop"",
  ""Salsa""
]",2,iOS,Apple,Apple,"Iphone14,7",7,0,0,0,0,0,1
4291084,fc6d4f60-c3c9-4501-b3fa-1b7f7d036ec9,2025-11-23,7,Annual,App,Google,,35-44,female,United States of America,"Canada, Great Britain & United States",North America,,"[
  ""High""
]",5,,lose weight and tone,,,3.13.1,Android,Oneplus,Oneplus,Cph2583,24,0,0,0,0,0,1
4250662,8fa3dcc2-e8e3-451e-84fe-d2339220984e,2025-11-23,7,Annual,Web,App to Web,,55-64,female,United States of America,"Canada, Great Britain & United States",North America,,"[
  ""Low"",
  ""Medium""
]",3,Beginner,Start my fitness journey,,"[
  ""Afro Rhythms"",
  ""Caribbean Rhythms"",
  ""Chill Out"",
  ""Hip Hop"",
  ""House"",
  ""Reggaeton""
]",2,iOS,Apple,Apple,"Iphone17,2",,0,0,0,0,0,1
4291313,235e8422-af2f-4ba9-900c-6bfc8730941f,2025-11-23,7,Annual,Web,Stripe,,35-44,female,United States of America,"Canada, Great Britain & United States",North America,,"[
  ""Low"",
  ""Medium""
]",2,Beginner,lose weight and tone,,"[
  ""Hip Hop"",
  ""House"",
  ""Pop"",
  ""Techno""
]",3.13.1,Android,Samsung,Samsung,Sm-S911u,7,0,0,0,0,0,1
4303409,3d700329-365d-4442-8731-2aca3e2788e8,2025-11-23,0,Monthly,App,Apple,,45-54,female,Canada,"Canada, Great Britain & United States",North America,,"[
  ""Medium""
]",2,Beginner,reduce stress,,"[
  ""Afro Rhythms"",
  ""Brazilian Rhythms"",
  ""Caribbean Rhythms"",
  ""Disco"",
  ""Hip Hop"",
  ""House"",
  ""Merengue"",
  ""Pop"",
  ""Reggaeton"",
  ""World Rhythms""
]",6,iOS,Apple,Apple,"Iphone14,2",0,0,0,0,0,0,1
4183413,e0dd18a7-1584-48a6-b8f9-086cd32079b8,2025-11-23,7,Annual,Web,Stripe,,65+,female,United States of America,"Canada, Great Britain & United States",North America,,"[
  ""Medium""
]",5,Intermediate,lose weight and tone,,"[
  ""Brazilian Rhythms"",
  ""Caribbean Rhythms"",
  ""Cumbia"",
  ""Disco"",
  ""Hip Hop"",
  ""Merengue"",
  ""Pop"",
  ""Reggaeton"",
  ""Salsa""
]",2,iOS,Apple,Apple,"Iphone14,5",7,0,0,0,0,0,1
4291107,8b08212f-adbd-49ab-b079-9a5433645491,2025-11-23,7,Annual,Web,App to Web,,45-54,female,United States of America,"Canada, Great Britain & United States",North America,,"[
  ""Medium""
]",3,Beginner,Start my fitness journey,,"[
  ""Caribbean Rhythms"",
  ""Chill Out"",
  ""Disco"",
  ""Electronic"",
  ""House"",
  ""Pop"",
  ""Salsa"",
  ""Techno"",
  ""World Rhythms""
]",2,iOS,Apple,Apple,"Iphone17,2",7,0,0,0,0,0,1
1147965,d09c06d2-d5d5-4ee7-94c4-e8fcf7464772,2025-11-22,7,Annual,Web,App to Web,,35-44,female,United States of America,"Canada, Great Britain & United States",North America,,"[
  ""Medium""
]",3,Advanced,Have some fun,,"[
  ""Afro Rhythms"",
  ""Bachata"",
  ""Brazilian Rhythms"",
  ""Caribbean Rhythms"",
  ""Chill Out"",
  ""Cumbia"",
  ""Disco"",
  ""Electronic"",
  ""Hip Hop"",
  ""House"",
  ""Merengue"",
  ""Pop"",
  ""Reggaeton"",
  ""Salsa"",
  ""Techno"",
  ""World Rhythms""
]",6,iOS,Apple,Apple,"Iphone17,5",28,0,0,0,0,1,1
4301029,48a41626-8554-4c3f-9d9c-732a1dd436f9,2025-11-21,0,Monthly,Web,Stripe,,55-64,female,United States of America,"Canada, Great Britain & United States",North America,,"[
  ""Medium""
]",3,Intermediate,lose weight and tone,,"[
  ""Disco"",
  ""Electronic"",
  ""House"",
  ""Pop"",
  ""Salsa"",
  ""World Rhythms""
]",3.14.0,Android,Samsung,Samsung,Sm-S926u,0,3,2,0.41315,28.983333333,2,1
4303306,32c700b3-471f-400d-8b95-60dcd3ca7aea,2025-11-23,0,Monthly,Web,Stripe,,,,United States of America,"Canada, Great Britain & United States",North America,,"[
  ""Low""
]",3,Beginner,lose weight and tone,,[],6,iOS,Apple,Apple,"Iphone15,2",0,0,0,0,0,0,1
4289889,f99bbc9a-4108-4aa9-8144-d8688fd8c3b7,2025-11-22,7,Annual,Web,Stripe,,25-34,female,United States of America,"Canada, Great Britain & United States",North America,,"[
  ""Medium"",
  ""High""
]",4,Intermediate,lose weight and tone,,"[
  ""Afro Rhythms"",
  ""Brazilian Rhythms"",
  ""Caribbean Rhythms"",
  ""Cumbia"",
  ""Disco"",
  ""House"",
  ""Merengue"",
  ""Reggaeton"",
  ""Salsa""
]",2,iOS,Apple,Apple,"Iphone12,1",7,0,0,0,0,1,1
4291753,cbc17941-4847-4573-bc99-2d21b379232a,2025-11-23,7,Annual,App,Apple,,35-44,female,Greece,Rest of the World,Europe,,"[
  ""Medium""
]",4,Intermediate,lose weight and tone,,"[
  ""Bachata"",
  ""Brazilian Rhythms"",
  ""Disco"",
  ""Merengue"",
  ""Pop"",
  ""Salsa""
]",2,iOS,Apple,Apple,"Iphone13,4",7,0,0,0,0,0,1
4291442,618c7d2a-535b-44eb-b939-8d18f8f3785b,2025-11-23,7,Annual,App,Apple,,55-64,female,Switzerland,Rest of the World,Europe,,"[
  ""Medium"",
  ""Low""
]",2,Intermediate,lose weight and tone,,"[
  ""Bachata"",
  ""Brazilian Rhythms"",
  ""Caribbean Rhythms"",
  ""Chill Out"",
  ""Disco"",
  ""Merengue"",
  ""Pop"",
  ""Reggaeton"",
  ""Salsa""
]",6,iOS,Apple,Apple,"Iphone16,2",7,0,0,0,0,0,1
4292506,6387f8c8-b76f-4cee-8de8-4050c8b0e431,2025-11-23,7,Annual,App,Apple,,45-54,female,Canada,"Canada, Great Britain & United States",North America,,"[
  ""Medium""
]",3,Intermediate,reduce stress,,"[
  ""Bachata"",
  ""Cumbia"",
  ""Merengue"",
  ""Pop"",
  ""Reggaeton"",
  ""Salsa"",
  ""Techno""
]",2,iOS,Apple,Apple,"Iphone17,3",7,0,0,0,0,0,1
4303428,e85cef72-85ff-452c-a482-327d15532ce9,2025-11-23,0,Monthly,App,Google,,18-24,female,Germany,Rest of the World,Europe,,"[
  ""Low"",
  ""Medium""
]",2,Intermediate,lose weight and tone,,"[
  ""Bachata"",
  ""Cumbia"",
  ""Merengue"",
  ""Salsa""
]",3.14.0,Android,Samsung,Samsung,Sm-A566b,0,1,1,0.4778,13.916666667,0,1
2350510,fe2e3519-596a-438b-bfeb-c9a97421e6f2,2025-11-22,7,Monthly,App,Apple,,,,Canada,"Canada, Great Britain & United States",North America,Virtual Classes,"[
  ""Low"",
  ""Medium"",
  ""High""
]",6,Intermediate,,"[
  ""Earning Badges"",
  ""Taking classes at home"",
  ""Tracking heart rate & calories with my watch"",
  ""Tracking activity streaks"",
  ""New Music"",
  ""Learning dances""
]","[
  ""Bachata"",
  ""Belly Dance"",
  ""Bollywood"",
  ""Cumbia"",
  ""Disco"",
  ""Funk"",
  ""Hip Hop"",
  ""House"",
  ""Merengue"",
  ""R&B"",
  ""Reggae"",
  ""Reggaeton"",
  ""Salsa"",
  ""Soca""
]",6,iOS,Apple,Apple,"Ipad6,12",726,1,1,1,20.55,1,1
4291874,e14eee72-d5dd-494d-a6c2-69e98cec839a,2025-11-23,7,Annual,Web,Stripe,,,,United States of America,"Canada, Great Britain & United States",North America,,"[
  ""Medium"",
  ""Low""
]",3,Beginner,,,,6,iOS,Apple,Apple,"Iphone18,2",7,0,0,0,0,0,1
4291033,cdb49161-83de-4d71-b4df-7b2e32580500,2025-11-23,7,Annual,Web,App to Web,,25-34,female,United States of America,"Canada, Great Britain & United States",North America,,"[
  ""Medium"",
  ""High""
]",3,Intermediate,lose weight and tone,,"[
  ""Brazilian Rhythms"",
  ""Caribbean Rhythms"",
  ""Cumbia"",
  ""Disco"",
  ""Hip Hop"",
  ""Merengue"",
  ""Pop"",
  ""Salsa""
]",2,iOS,Apple,Apple,"Iphone16,2",8,0,0,0,0,0,1
4225137,69aaa220-d153-4d02-a3d8-8efebd8aae89,2025-11-13,7,Annual,Web,Stripe,,35-44,female,United States of America,"Canada, Great Britain & United States",North America,,"[
  ""Medium""
]",3,Beginner,lose weight and tone,,"[
  ""Bachata"",
  ""Cumbia"",
  ""Hip Hop"",
  ""Pop"",
  ""Reggaeton"",
  ""Salsa""
]",3.13.0,Android,Samsung,Samsung,Sm-S908u,16,0,0,0,0,10,1
3997713,e9d3eb87-ed19-45da-a751-adc41ad8cad7,2025-11-09,0,Monthly,Web,Stripe,,45-54,female,United States of America,"Canada, Great Britain & United States",North America,,"[
  ""Medium""
]",3,Intermediate,lose weight and tone,,"[
  ""Cumbia"",
  ""Hip Hop"",
  ""K-Pop"",
  ""Merengue"",
  ""Pop"",
  ""Reggae"",
  ""Reggaeton"",
  ""Salsa""
]",2,iOS,Apple,Apple,"Iphone14,7",153,3,2,0.08695,20.893333333,14,1
4279474,49a13cc1-0e49-4f65-ae9c-75874529ab1e,2025-11-16,7,Annual,App,Google,,35-44,female,Belgium,Rest of the World,Europe,,"[
  ""Medium""
]",3,Intermediate,lose weight and tone,,"[
  ""Afro Rhythms"",
  ""Bachata"",
  ""Brazilian Rhythms"",
  ""Caribbean Rhythms"",
  ""Chill Out"",
  ""Cumbia"",
  ""Disco"",
  ""Hip Hop"",
  ""Merengue"",
  ""Pop"",
  ""Reggaeton"",
  ""Salsa"",
  ""World Rhythms""
]",3.13.1,Android,Samsung,Samsung,Sm-A715f,7,2,2,0.92175,24.766666667,7,1
4283970,ec07f2b0-3966-443a-9fed-9a625edb2a68,2025-11-11,0,Monthly,App,Apple,,25-34,female,Poland,Rest of the World,Europe,,"[
  ""Medium""
]",3,Intermediate,lose weight and tone,,"[
  ""Bachata"",
  ""Brazilian Rhythms"",
  ""Cumbia"",
  ""Salsa""
]",2,iOS,Apple,Apple,"Iphone14,5",0,5,3,0.09903333333,39.066666667,12,1
4283627,8a736dbc-e8fd-444a-99a9-3ab6c8914b2b,2025-11-12,0,Monthly,App,App to Web,,25-34,female,United States of America,"Canada, Great Britain & United States",North America,,"[
  ""Medium"",
  ""High""
]",2,Intermediate,Have some fun,,"[
  ""Bachata"",
  ""Cumbia"",
  ""Disco"",
  ""Electronic"",
  ""Hip Hop"",
  ""Merengue"",
  ""Reggaeton"",
  ""Salsa""
]",2,iOS,Apple,Apple,"Iphone16,2",1,4,1,0.986,49.966666667,11,1
4278184,990ae568-f991-4125-a5f8-4917e8dc3738,2025-11-08,0,Monthly,Web,Stripe,,45-54,female,United States of America,"Canada, Great Britain & United States",North America,,"[
  ""Medium""
]",2,Intermediate,lose weight and tone,,"[
  ""Afro Rhythms"",
  ""Bachata"",
  ""Caribbean Rhythms"",
  ""Cumbia"",
  ""Hip Hop"",
  ""House"",
  ""Merengue"",
  ""Reggaeton"",
  ""Salsa"",
  ""World Rhythms""
]",3.13.1,Android,Samsung,Samsung,Sm-S911u,0,1,1,0.9988,13.916666667,15,1
3363078,b2bf2273-12b6-4771-8733-483e0869f1f7,2025-11-17,0,Monthly,Web,Stripe,,45-54,female,United States of America,"Canada, Great Britain & United States",North America,,"[
  ""Low"",
  ""Medium""
]",3,Beginner,lose weight and tone,,"[
  ""Bachata"",
  ""Belly Dance"",
  ""Bollywood"",
  ""Hip Hop"",
  ""House"",
  ""Merengue"",
  ""Pop"",
  ""Reggae"",
  ""Reggaeton"",
  ""Soca""
]",3.14.0,Android,Samsung,Samsung,Sm-G998u1,0,0,0,0,0,6,1
4287193,a3d5494f-0aa0-4593-a3d6-065341b20173,2025-11-13,0,Monthly,Web,Stripe,,35-44,female,United States of America,"Canada, Great Britain & United States",North America,,"[
  ""Medium""
]",3,Intermediate,lose weight and tone,,"[
  ""Caribbean Rhythms"",
  ""Cumbia"",
  ""Hip Hop"",
  ""Merengue"",
  ""Pop"",
  ""Reggaeton"",
  ""Salsa""
]",2,iOS,Apple,Apple,"Iphone17,1",0,0,0,0,0,10,1
4154499,42f93d2c-d287-4643-944d-8be018a69920,2025-11-12,7,Annual,Web,Stripe,,25-34,female,United States of America,"Canada, Great Britain & United States",North America,,"[
  ""Medium""
]",4,Intermediate,lose weight and tone,,"[
  ""Afro Rhythms"",
  ""Caribbean Rhythms"",
  ""Hip Hop"",
  ""Merengue"",
  ""Pop"",
  ""Reggaeton"",
  ""World Rhythms""
]",2,iOS,Apple,Apple,"Iphone16,1",7,0,0,0,0,11,1
4295945,ace953f6-61d7-4739-9819-2eb852c367c4,2025-11-18,0,Monthly,App,Apple,,35-44,female,United States of America,"Canada, Great Britain & United States",North America,,"[
  ""High""
]",5,Advanced,lose weight and tone,,"[
  ""Bachata"",
  ""Caribbean Rhythms"",
  ""Hip Hop"",
  ""Merengue"",
  ""Reggaeton"",
  ""Salsa""
]",2,iOS,Apple,Apple,"Iphone18,2",0,4,3,1,23.033333333,5,1
3087668,7542e381-8e73-45e6-a302-21d40a1e2156,2025-11-08,0,Monthly,Web,App to Web,,35-44,female,United States of America,"Canada, Great Britain & United States",North America,,"[
  ""Medium""
]",5,Beginner,lose weight and tone,,"[
  ""Afrobeats"",
  ""Alternative"",
  ""Bachata"",
  ""Belly Dance"",
  ""Bollywood"",
  ""Cumbia"",
  ""Disco"",
  ""Hip Hop"",
  ""House"",
  ""Merengue"",
  ""Pop"",
  ""R&B"",
  ""Reggae"",
  ""Reggaeton"",
  ""Salsa"",
  ""Soca""
]",2,iOS,Apple,Apple,"Iphone17,5",509,14,5,0.82066,35.859649123,15,1
4258336,dd37fd6a-1e9e-41f1-8a94-dcc53bcb9e24,2025-11-10,7,Annual,Web,Stripe,Rejoin,25-34,male,United States of America,"Canada, Great Britain & United States",North America,,"[
  ""Medium""
]",3,Intermediate,lose weight and tone,,"[
  ""Chill Out"",
  ""Hip Hop"",
  ""Pop"",
  ""Salsa""
]",2,iOS,Apple,Apple,"Iphone16,2",14,2,0,0,15.866666667,13,1
4274982,7d29b79b-11ff-4077-98b4-10652280ec08,2025-11-13,7,Annual,App,Apple,,,,Taiwan (Province of China),Rest of the World,APAC (excl. India),,,,,,,,6,iOS,Apple,Apple,"Iphone16,1",7,12,7,0.9958142857,33.237719298,10,1
4275132,7d4ac5b3-6a74-40a5-a03c-2dbcf8bfd4c6,2025-11-14,7,Monthly,Web,Stripe,Strand,55-64,female,United States of America,"Canada, Great Britain & United States",North America,,"[
  ""Low"",
  ""Medium""
]",3,Beginner,lose weight and tone,,"[
  ""Disco"",
  ""Hip Hop"",
  ""House"",
  ""Pop""
]",2,iOS,Apple,Apple,"Iphone15,3",7,2,0,0,30.666666667,9,1
2578272,7db3394a-4de0-49fe-8e1a-acfc30774e46,2025-11-18,7,Annual,App,Google,,25-34,male,United States of America,"Canada, Great Britain & United States",North America,,"[
  ""High""
]",4,Advanced,lose weight and tone,,"[
  ""Afro Rhythms"",
  ""Brazilian Rhythms"",
  ""Caribbean Rhythms"",
  ""Cumbia"",
  ""Hip Hop"",
  ""Merengue"",
  ""Reggaeton"",
  ""Salsa"",
  ""World Rhythms""
]",3.13.1,Android,Samsung,Samsung,Sm-S928u,29,0,0,0,0,5,1
4287549,36ac5983-3409-48c5-8935-06cb01d0b218,2025-11-20,7,Annual,App,Apple,,35-44,female,United Kingdom,"Canada, Great Britain & United States",Europe,,"[
  ""Medium""
]",4,Intermediate,lose weight and tone,,"[
  ""Pop"",
  ""Reggaeton""
]",6,iOS,Apple,Apple,"Iphone12,1",7,2,2,0.28495,41.325,3,1
4290759,dcac4b16-5817-47be-972c-62c1cf42fc31,2025-11-22,7,Annual,Web,Stripe,,45-54,female,United States of America,"Canada, Great Britain & United States",North America,,"[
  ""Medium""
]",3,Beginner,lose weight and tone,,"[
  ""Chill Out"",
  ""Disco"",
  ""Pop""
]",,iOS,,,,,0,0,0,0,1,1
4298325,98df5b33-9ce8-42b7-9435-f052a97b7196,2025-11-22,0,Monthly,Web,App to Web,,25-34,female,United States of America,"Canada, Great Britain & United States",North America,,"[
  ""High"",
  ""Medium""
]",3,Intermediate,lose weight and tone,,"[
  ""Afro Rhythms"",
  ""Bachata"",
  ""Cumbia"",
  ""Merengue"",
  ""Reggaeton"",
  ""Salsa"",
  ""World Rhythms""
]",2,iOS,Apple,Apple,"Iphone14,3",3,2,1,0,13.333333333,1,1
4278416,5b4058bd-d260-4c3b-9a11-02cd9bc22b83,2025-11-08,0,Monthly,Web,Stripe,,45-54,male,United States of America,"Canada, Great Britain & United States",North America,,"[
  ""Medium""
]",3,Beginner,lose weight and tone,,"[
  ""Brazilian Rhythms"",
  ""Cumbia"",
  ""Hip Hop"",
  ""Pop""
]",2,iOS,Apple,Apple,"Iphone15,2",0,3,2,1,24.836666667,15,1
4283699,2a1d2542-26df-49b3-9e4c-40ddf65a4c35,2025-11-11,0,Monthly,Web,Stripe,,65+,female,United States of America,"Canada, Great Britain & United States",North America,,"[
  ""Medium""
]",2,Intermediate,lose weight and tone,,"[
  ""Brazilian Rhythms"",
  ""Caribbean Rhythms"",
  ""Pop"",
  ""Salsa""
]",2,iOS,Apple,Apple,"Iphone15,2",0,0,0,0,0,12,1
4161311,589e078f-3e4f-4f57-95e2-62bb9198402b,2025-11-12,0,Monthly,Web,App to Web,,35-44,female,United States of America,"Canada, Great Britain & United States",North America,,"[
  ""Medium""
]",3,Beginner,reduce stress,,"[
  ""Disco"",
  ""Hip Hop"",
  ""Pop"",
  ""Salsa""
]",2,iOS,Apple,Apple,"Iphone15,3",0,0,0,0,0,11,1
4288009,d6570e89-0cc3-4bc9-8f34-fc215d9072cf,2025-11-13,0,Monthly,App,Google,,25-34,female,Brazil,Rest of the World,LATAM,,"[
  ""Medium""
]",4,Intermediate,lose weight and tone,,"[
  ""Electronic"",
  ""Hip Hop"",
  ""Merengue"",
  ""Reggaeton"",
  ""Salsa""
]",3.14.0,Android,Motorola,Motorola,Moto G54 5g,0,2,0,0,22.675,10,1
4240830,ff46053d-7225-486a-a380-26e748ec54fd,2025-11-09,0,Annual,Web,App to Web,,25-34,female,United States of America,"Canada, Great Britain & United States",North America,,"[
  ""Medium"",
  ""Low""
]",3,Intermediate,Start my fitness journey,,"[
  ""Caribbean Rhythms"",
  ""Hip Hop"",
  ""Merengue"",
  ""Reggaeton""
]",2,iOS,Apple,Apple,"Iphone17,1",25,5,3,1,29.252083333,14,1
4282176,46cd1cf5-bba7-4888-8264-d981f7ed4309,2025-11-19,0,Annual,Web,App to Web,,45-54,female,United States of America,"Canada, Great Britain & United States",North America,,"[
  ""Medium""
]",3,Advanced,lose weight and tone,,,2,iOS,Apple,Apple,"Iphone15,4",0,0,0,0,0,4,1
4268639,1b73cb1f-c4f2-4dd6-9a7d-4e0b20f80836,2025-11-12,7,Annual,Web,App to Web,,45-54,female,United States of America,"Canada, Great Britain & United States",North America,,"[
  ""Medium""
]",4,Intermediate,lose weight and tone,,"[
  ""Disco"",
  ""Hip Hop"",
  ""Pop"",
  ""Salsa""
]",2,iOS,Apple,Apple,"Iphone15,4",7,0,0,0,0,11,1
4272686,55808a0a-7467-4abb-817f-16a185bc809d,2025-11-11,7,Annual,App,Apple,,35-44,female,Czechia,Rest of the World,Europe,,"[
  ""Medium""
]",2,Advanced,reduce stress,,"[
  ""Afro Rhythms"",
  ""Brazilian Rhythms"",
  ""Caribbean Rhythms"",
  ""Electronic"",
  ""Hip Hop"",
  ""House"",
  ""Pop"",
  ""Reggaeton"",
  ""Salsa"",
  ""Techno"",
  ""World Rhythms""
]",6,iOS,Apple,Apple,"Iphone17,1",7,5,1,0.0918,47.361111111,12,1
295487,70077b7a-40b9-4e33-97c3-6d69e65e868d,2025-11-08,0,Monthly,Web,App to Web,,,,United States of America,"Canada, Great Britain & United States",North America,,,,,,,,2,iOS,Apple,Apple,"Iphone17,2",16,2,1,0,6.011111111,15,1
4292207,827ba152-d611-4bbd-a0af-a31fbbbe3ace,2025-11-20,0,Monthly,App,Apple,,35-44,female,United States of America,"Canada, Great Britain & United States",North America,,"[
  ""Medium""
]",3,Intermediate,,,"[
  ""Bachata"",
  ""Cumbia"",
  ""Disco"",
  ""Hip Hop"",
  ""Pop"",
  ""Salsa""
]",6,iOS,Apple,Apple,"Iphone18,2",4,3,2,0.56045,23.433333333,3,1
4256517,1bf9c9ef-af72-488d-8c97-304a606de979,2025-11-10,7,Annual,Web,App to Web,,35-44,female,United States of America,"Canada, Great Britain & United States",North America,,"[
  ""Medium""
]",3,Beginner,Start my fitness journey,,"[
  ""Afro Rhythms"",
  ""Bachata"",
  ""Brazilian Rhythms"",
  ""Cumbia"",
  ""Disco"",
  ""Hip Hop"",
  ""Merengue"",
  ""Pop"",
  ""Salsa""
]",2,iOS,Apple,Apple,"Iphone17,3",7,0,0,0,0,13,1
4256068,d39476af-47f0-49fc-987e-eb6af5922098,2025-11-09,7,Annual,Web,App to Web,,25-34,female,United States of America,"Canada, Great Britain & United States",North America,,"[
  ""Medium""
]",4,Intermediate,lose weight and tone,,"[
  ""Disco"",
  ""Electronic"",
  ""Hip Hop"",
  ""House"",
  ""Pop"",
  ""Salsa"",
  ""World Rhythms""
]",2,iOS,Apple,Apple,"Iphone16,2",15,0,0,0,0,14,1
3972600,4ff3a03c-a1d4-42a2-bd0b-d399ae8bc73c,2025-11-09,0,Annual,Web,App to Web,,,,United States of America,"Canada, Great Britain & United States",North America,,"[
  ""Medium""
]",2,Intermediate,Start my fitness journey,,"[
  ""Belly Dance"",
  ""Brazilian Rhythms"",
  ""Broadway"",
  ""Country"",
  ""Hip Hop"",
  ""K-Pop"",
  ""Pop"",
  ""R&B"",
  ""Reggae"",
  ""Rock"",
  ""Salsa""
]",2,iOS,Apple,Apple,"Iphone17,2",164,2,0,0,31.433333333,14,1
4283893,7ca00729-353a-4214-9e6e-2898fffb6941,2025-11-11,0,Monthly,Web,Stripe,,45-54,female,United States of America,"Canada, Great Britain & United States",North America,,"[
  ""Medium""
]",3,Intermediate,lose weight and tone,,"[
  ""Caribbean Rhythms"",
  ""Hip Hop"",
  ""Salsa""
]",3.14.0,Android,Samsung,Samsung,Sm-S546vl,0,4,3,0.7154,18.511904762,12,1
2490760,c1cff3ee-b780-486c-b654-c5c9309eb82b,2025-11-12,0,Monthly,App,Apple,,35-44,female,United States of America,"Canada, Great Britain & United States",North America,,"[
  ""Medium""
]",3,Intermediate,lose weight and tone,,"[
  ""Bachata"",
  ""Cumbia"",
  ""Reggaeton"",
  ""Salsa""
]",2,iOS,Apple,Apple,"Iphone15,2",0,22,14,0.3235142857,26.073214286,11,1
4268397,34426213-d9f6-4fa2-819a-b589bf595a78,2025-11-19,7,Annual,App,Google,,25-34,female,United Kingdom,"Canada, Great Britain & United States",Europe,,"[
  ""Medium""
]",4,Beginner,lose weight and tone,,"[
  ""Disco"",
  ""House"",
  ""Pop"",
  ""World Rhythms""
]",3.13.1,Android,Samsung,Samsung,Sm-G990b2,17,0,0,0,0,4,1
3937236,2515c19d-45a6-49cb-97cb-7104ddcda3df,2025-11-13,7,Annual,Web,App to Web,,25-34,other,United States of America,"Canada, Great Britain & United States",North America,,"[
  ""Medium""
]",10,Intermediate,lose weight and tone,,"[
  ""Afro Rhythms"",
  ""Bachata"",
  ""Brazilian Rhythms"",
  ""Caribbean Rhythms"",
  ""Cumbia"",
  ""Disco"",
  ""Hip Hop"",
  ""House"",
  ""Merengue"",
  ""Reggaeton"",
  ""Salsa"",
  ""World Rhythms""
]",6,iOS,Apple,Apple,"Iphone14,7",178,10,9,0.9974444444,24.896491228,10,1
4290959,9c4982eb-8ee1-4f79-9df0-e840e8fb61ce,2025-11-15,0,Monthly,Web,Stripe,,25-34,female,United States of America,"Canada, Great Britain & United States",North America,,"[
  ""Low"",
  ""Medium""
]",3,Intermediate,lose weight and tone,,"[
  ""Chill Out"",
  ""Disco"",
  ""Electronic"",
  ""Hip Hop"",
  ""House"",
  ""Pop""
]",2,iOS,Apple,Apple,"Iphone14,5",0,0,0,0,0,8,1
4294087,f23c3fa9-429a-4472-a7b2-71b7355e8968,2025-11-17,0,Monthly,Web,App to Web,,,,United States of America,"Canada, Great Britain & United States",North America,,,,,,,,2,iOS,Apple,Apple,"Iphone18,1",0,2,0,0,40.2,6,1
3545047,8398970f-b43b-49ce-96a8-b85e4f3005a0,2025-11-18,0,Monthly,Web,Stripe,,45-54,female,United States of America,"Canada, Great Britain & United States",North America,,"[
  ""Medium""
]",5,Intermediate,,,"[
  ""Country"",
  ""Hip Hop"",
  ""Pop"",
  ""Rock""
]",2,iOS,Apple,Apple,"Iphone13,2",0,5,0,0,37.826666667,5,1
4272979,3ad793b5-bb23-45e8-ab7a-570b839c3c14,2025-11-21,7,Annual,App,Google,,,,Germany,Rest of the World,Europe,,"[
  ""Medium""
]",2,Intermediate,,,"[
  ""Afro Rhythms"",
  ""Bachata"",
  ""Brazilian Rhythms"",
  ""Caribbean Rhythms"",
  ""Cumbia"",
  ""Merengue"",
  ""Reggaeton"",
  ""Salsa"",
  ""World Rhythms""
]",3.14.0,Android,Google,Google,Pixel 4,16,0,0,0,0,2,1
4268962,fa189ea4-2059-4114-9843-4a7d8a1784da,2025-11-09,7,Annual,App,Google,,35-44,female,Germany,Rest of the World,Europe,,"[
  ""Low""
]",2,Beginner,lose weight and tone,,"[
  ""Brazilian Rhythms"",
  ""Caribbean Rhythms"",
  ""Hip Hop"",
  ""Reggaeton"",
  ""Techno""
]",3.13.1,Android,Samsung,Samsung,Sm-S938b,7,0,0,0,0,14,1
4296595,3384a440-e9dd-4693-8ea6-c78ea56a0ab5,2025-11-19,0,Annual,Web,App to Web,,,,United States of America,"Canada, Great Britain & United States",North America,,,3,,,,,2,iOS,Apple,Apple,"Iphone16,2",1,0,0,0,0,4,1
3329225,2f31cb6f-b14e-4529-8756-7934a6bb08db,2025-11-18,0,Monthly,App,App to Web,,,,United States of America,"Canada, Great Britain & United States",North America,,"[
  ""Medium"",
  ""High""
]",3,Intermediate,lose weight and tone,,"[
  ""Afrobeats"",
  ""Alternative"",
  ""Bachata"",
  ""Belly Dance"",
  ""Bhangra"",
  ""Blues"",
  ""Bollywood"",
  ""Broadway"",
  ""Country"",
  ""Cumbia"",
  ""Disco"",
  ""Funk"",
  ""Hip Hop"",
  ""House"",
  ""K-Pop"",
  ""Merengue"",
  ""Other"",
  ""Pop"",
  ""R&B"",
  ""Reggae"",
  ""Reggaeton"",
  ""Rock"",
  ""Salsa"",
  ""Soca""
]",2,iOS,Apple,Apple,"Iphone17,1",406,0,0,0,0,5,1
1354898,52230b1a-a460-4a01-b0c9-20d50d9a3de4,2025-11-18,7,Annual,Web,Stripe,,35-44,female,United Kingdom,"Canada, Great Britain & United States",Europe,,"[
  ""High""
]",2,Advanced,lose weight and tone,,"[
  ""Bachata"",
  ""Brazilian Rhythms"",
  ""Caribbean Rhythms"",
  ""Disco"",
  ""Merengue"",
  ""Salsa""
]",2,iOS,Apple,Apple,"Iphone17,3",7,10,4,0.80685,21.492857143,5,1
4302513,6918c384-3cb3-41c3-bb00-0f55ef36a32e,2025-11-22,0,Monthly,Web,Stripe,,25-34,female,United States of America,"Canada, Great Britain & United States",North America,,"[
  ""Medium""
]",3,Intermediate,lose weight and tone,,"[
  ""Chill Out"",
  ""Hip Hop"",
  ""Pop"",
  ""Salsa""
]",6,iOS,Apple,Apple,"Iphone12,5",0,3,2,0.99915,20.763333333,1,1
4298989,eceeabaf-7dde-46b4-b42d-49eb830ec520,2025-11-20,0,Monthly,Web,Stripe,,25-34,female,United States of America,"Canada, Great Britain & United States",North America,,"[
  ""Medium""
]",3,Beginner,lose weight and tone,,"[
  ""Disco"",
  ""Hip Hop"",
  ""Pop""
]",6,iOS,Apple,Apple,"Iphone14,7",0,3,2,0.2938,50.596666667,3,1
4288306,907c46c3-96bd-4ae5-8661-0d48818fb342,2025-11-21,7,Annual,Web,Stripe,,35-44,female,United States of America,"Canada, Great Britain & United States",North America,,"[
  ""Medium""
]",2,Intermediate,lose weight and tone,,"[
  ""Afro Rhythms"",
  ""Bachata"",
  ""Caribbean Rhythms"",
  ""Cumbia"",
  ""Hip Hop"",
  ""Merengue"",
  ""Pop"",
  ""Reggaeton"",
  ""Salsa""
]",3.13.1,Android,Samsung,Samsung,Sm-S931u,7,0,0,0,0,2,1
4292282,c2b8b37e-13c4-42b5-94b1-e67ffd28747d,2025-11-20,0,Monthly,Web,Stripe,,55-64,female,United States of America,"Canada, Great Britain & United States",North America,,"[
  ""Low""
]",4,Beginner,lose weight and tone,,"[
  ""Caribbean Rhythms"",
  ""Disco"",
  ""Merengue"",
  ""Pop"",
  ""Salsa""
]",3.14.0,Android,Samsung,Samsung,Sm-S928u,4,3,2,0.9994,21.966666667,3,1
4251751,27912ff8-81ca-4e8a-8552-32686a1e6ddf,2025-11-22,7,Annual,App,Google,,35-44,female,United States of America,"Canada, Great Britain & United States",North America,,"[
  ""Low""
]",2,Beginner,lose weight and tone,,"[
  ""Pop"",
  ""Salsa""
]",3.14.0,Android,Google,Google,Pixel 6 Pro,31,2,2,0.99075,22.425,1,1
1924318,112347dc-be5b-43c2-a50b-ae44b6af0715,2025-11-08,0,Monthly,App,Apple,,35-44,female,United States of America,"Canada, Great Britain & United States",North America,,"[
  ""Medium"",
  ""High""
]",5,Intermediate,lose weight and tone,,"[
  ""Afro Rhythms"",
  ""Bachata"",
  ""Brazilian Rhythms"",
  ""Caribbean Rhythms"",
  ""Chill Out"",
  ""Cumbia"",
  ""Disco"",
  ""Electronic"",
  ""Hip Hop"",
  ""House"",
  ""Merengue"",
  ""Pop"",
  ""Reggaeton"",
  ""Salsa"",
  ""Techno"",
  ""World Rhythms""
]",2,iOS,Apple,Apple,"Iphone14,3",0,19,3,0.3653,36.949166667,15,1
4268952,1e40190c-618b-46f4-95c0-d924a798e7f5,2025-11-09,7,Annual,Web,App to Web,,25-34,female,United States of America,"Canada, Great Britain & United States",North America,,"[
  ""Medium""
]",3,Beginner,lose weight and tone,,"[
  ""Hip Hop"",
  ""Pop"",
  ""Techno""
]",2,iOS,Apple,Apple,"Iphone12,1",7,0,0,0,0,14,1
4290043,569e749a-1a0e-487e-a60e-782550990503,2025-11-15,0,Monthly,Web,Stripe,,25-34,female,United States of America,"Canada, Great Britain & United States",North America,,"[
  ""Medium""
]",3,Intermediate,lose weight and tone,,"[
  ""Bachata"",
  ""Caribbean Rhythms"",
  ""Cumbia"",
  ""Disco"",
  ""Electronic"",
  ""Hip Hop"",
  ""House"",
  ""Pop"",
  ""Reggaeton"",
  ""Techno""
]",3.13.1,Android,Samsung,Samsung,Sm-S901u1,-1,5,5,0.99814,30.61,8,1
4142227,e2908986-65f5-40c2-9e2a-7b8cb3ee75f8,2025-11-10,7,Annual,App,Apple,,25-34,,Bahrain,Rest of the World,ME-A,,"[
  ""Medium"",
  ""High""
]",3,Advanced,,,,6,iOS,Apple,Apple,"Iphone15,3",81,11,5,0.79806,39.745833333,13,1
3740973,09e301a1-8041-4022-87dd-08f00459de9b,2025-11-09,0,Annual,Web,Stripe,,55-64,female,Switzerland,Rest of the World,Europe,,"[
  ""High""
]",5,Advanced,lose weight and tone,,"[
  ""Cumbia"",
  ""Disco"",
  ""Pop"",
  ""Reggaeton"",
  ""Salsa""
]",2,iOS,Apple,Apple,"Iphone11,8",-2,0,0,0,0,14,1
4276171,73bb437d-219e-4abf-b78a-54cd08d849ea,2025-11-14,7,Annual,Web,Stripe,,,,United States of America,"Canada, Great Britain & United States",North America,,,,,,,,,iOS,,,,,0,0,0,0,9,1
4266578,6ab47ee9-39be-422b-a478-bacc117ba3f9,2025-11-18,0,Annual,App,Google,,25-34,female,India,Rest of the World,India,,"[
  ""Medium""
]",7,Intermediate,,,"[
  ""Chill Out"",
  ""Disco"",
  ""Hip Hop""
]",3.14.0,Android,Oneplus,Oneplus,Cph2613,17,6,4,0.4662,36.431666667,5,1
4282130,79b1b61d-e61c-419a-b7a4-5612c2848142,2025-11-17,7,Annual,App,Apple,,,,Canada,"Canada, Great Britain & United States",North America,,"[
  ""Medium"",
  ""High""
]",3,Intermediate,,,"[
  ""Bachata"",
  ""Cumbia"",
  ""Merengue"",
  ""Pop"",
  ""Reggaeton"",
  ""Salsa""
]",2,iOS,Apple,Apple,"Iphone14,2",7,0,0,0,0,6,1
4295772,897452c3-fe9d-45f4-8fac-6175ec0a2576,2025-11-18,0,Monthly,Web,Stripe,,35-44,female,Italy,Rest of the World,Europe,,"[
  ""Medium""
]",4,Intermediate,lose weight and tone,,"[
  ""Afro Rhythms"",
  ""Bachata"",
  ""Caribbean Rhythms"",
  ""Cumbia"",
  ""Hip Hop"",
  ""Merengue"",
  ""Pop"",
  ""Reggaeton"",
  ""Salsa""
]",3.13.1,Android,Honor,Honor,Rmo-Nx1,0,2,1,0.9976,26.838888889,5,1
4282638,19e274f6-d135-4996-bde9-3999843a15dc,2025-11-10,0,Monthly,Web,Stripe,,25-34,female,Australia,Rest of the World,APAC (excl. India),,"[
  ""Medium""
]",3,Beginner,lose weight and tone,,"[
  ""Hip Hop"",
  ""Salsa"",
  ""World Rhythms""
]",2,iOS,Apple,Apple,"Iphone14,5",0,0,0,0,0,13,1
4276538,3be91e68-1f52-4593-b05a-5fedc234f8b6,2025-11-14,7,Annual,Web,Stripe,,35-44,female,United States of America,"Canada, Great Britain & United States",North America,,"[
  ""Medium"",
  ""High""
]",3,Advanced,lose weight and tone,,"[
  ""Afro Rhythms"",
  ""Bachata"",
  ""Brazilian Rhythms"",
  ""Caribbean Rhythms"",
  ""Chill Out"",
  ""Cumbia"",
  ""Hip Hop"",
  ""Merengue"",
  ""Pop"",
  ""Reggaeton"",
  ""Salsa"",
  ""World Rhythms""
]",2,iOS,Apple,Apple,"Iphone17,3",7,4,3,0.9995,31.819047619,9,1
4241370,6d2a7540-b3b6-4530-8bf4-4bb72c23454f,2025-11-21,7,Annual,Web,Stripe,,35-44,female,United States of America,"Canada, Great Britain & United States",North America,,"[
  ""Low"",
  ""Medium""
]",5,Intermediate,lose weight and tone,,"[
  ""Caribbean Rhythms"",
  ""Reggaeton"",
  ""Salsa""
]",3,iOS,Apple,Apple,"Iphone16,2",30,0,0,0,0,2,1
4289199,aa220832-db1c-4700-ab0f-6fd7eddd1da4,2025-11-14,0,Monthly,Web,Stripe,,55-64,female,United States of America,"Canada, Great Britain & United States",North America,,"[
  ""Low""
]",4,Beginner,lose weight and tone,,"[
  ""Disco"",
  ""Hip Hop"",
  ""House"",
  ""Pop"",
  ""Techno""
]",2,iOS,Apple,Apple,"Iphone17,2",0,1,0,0,13.916666667,9,1
2615264,3c60fbea-58ab-4c1c-974b-9f8cab8fb247,2025-11-12,0,Monthly,App,Apple,,45-54,female,United States of America,"Canada, Great Britain & United States",North America,,"[
  ""Low""
]",5,Intermediate,lose weight and tone,,"[
  ""Afro Rhythms"",
  ""Brazilian Rhythms"",
  ""Disco"",
  ""Hip Hop"",
  ""House"",
  ""Merengue"",
  ""Salsa""
]",2,iOS,Apple,Apple,"Iphone15,3",0,0,0,0,0,11,1
3066136,d54a180f-5ebc-4ca5-a49d-4d8850ae60e2,2025-11-11,7,Annual,Web,Stripe,,35-44,female,United Kingdom,"Canada, Great Britain & United States",Europe,,"[
  ""Medium"",
  ""Low""
]",1,Beginner,lose weight and tone,,"[
  ""Afrobeats"",
  ""Belly Dance"",
  ""Bhangra"",
  ""Bollywood"",
  ""Broadway"",
  ""Country"",
  ""Disco"",
  ""Funk"",
  ""Hip Hop"",
  ""House"",
  ""Merengue"",
  ""Pop"",
  ""R&B"",
  ""Reggae"",
  ""Reggaeton"",
  ""Rock"",
  ""Salsa""
]",2,iOS,Apple,Apple,"Iphone15,4",521,0,0,0,0,12,1
4276828,5dbd7518-e6b9-4a9a-9701-d84139986c63,2025-11-14,7,Annual,Web,Stripe,,45-54,female,United States of America,"Canada, Great Britain & United States",North America,,"[
  ""Medium""
]",3,Intermediate,lose weight and tone,,"[
  ""Brazilian Rhythms"",
  ""Chill Out"",
  ""Hip Hop"",
  ""House"",
  ""Pop"",
  ""Reggaeton"",
  ""Salsa"",
  ""Techno""
]",2,iOS,Apple,Apple,"Iphone13,1",7,0,0,0,0,9,1
298490,08efc3f5-18c5-453b-a7bb-d05e88a2291b,2025-11-13,7,Annual,Web,App to Web,,45-54,female,United States of America,"Canada, Great Britain & United States",North America,,"[
  ""Medium"",
  ""Low""
]",4,Beginner,,,"[
  ""Afro Rhythms"",
  ""Bachata"",
  ""Brazilian Rhythms"",
  ""Caribbean Rhythms"",
  ""Chill Out"",
  ""Cumbia"",
  ""Disco"",
  ""Electronic"",
  ""Hip Hop"",
  ""House"",
  ""Merengue"",
  ""Pop"",
  ""Reggaeton"",
  ""Salsa"",
  ""Techno"",
  ""World Rhythms""
]",6,iOS,Apple,Apple,"Ipad11,6",70,7,7,0.7115,22.792857143,10,1
4286052,fbb71710-93da-418e-8a97-27783873332d,2025-11-19,7,Annual,Web,Stripe,,25-34,female,United States of America,"Canada, Great Britain & United States",North America,,"[
  ""Medium""
]",3,Intermediate,lose weight and tone,,"[
  ""Afro Rhythms"",
  ""Bachata"",
  ""Brazilian Rhythms"",
  ""Caribbean Rhythms"",
  ""Cumbia"",
  ""Disco"",
  ""Hip Hop"",
  ""Merengue"",
  ""Reggaeton"",
  ""Salsa"",
  ""World Rhythms""
]",2,iOS,Apple,Apple,"Iphone14,7",7,0,0,0,0,4,1
4301739,3e64cb12-8c1e-4cec-a0aa-cb5e8f6cfd7b,2025-11-22,0,Monthly,Web,Stripe,,35-44,female,United States of America,"Canada, Great Britain & United States",North America,,"[
  ""Medium""
]",3,Advanced,lose weight and tone,,"[
  ""Brazilian Rhythms"",
  ""Caribbean Rhythms"",
  ""Cumbia"",
  ""Merengue"",
  ""Reggaeton"",
  ""Salsa""
]",,Android,,,,,0,0,0,0,1,1
4259672,564ab1c0-8ef6-4fdc-81a4-4427502f327a,2025-11-16,0,Monthly,Web,Stripe,,45-54,female,Sweden,Rest of the World,Europe,,"[
  ""Low"",
  ""Medium""
]",5,Intermediate,lose weight and tone,,"[
  ""Afro Rhythms"",
  ""Bachata"",
  ""Brazilian Rhythms"",
  ""Caribbean Rhythms"",
  ""Cumbia"",
  ""Merengue"",
  ""Reggaeton"",
  ""Salsa"",
  ""World Rhythms""
]",3.13.1,Android,Samsung,Samsung,Sm-A125f,20,5,2,1,20.519047619,7,1
4292550,2e001de6-14e3-4f6a-9608-0c1acc72e4a2,2025-11-16,0,Monthly,Web,Stripe,,35-44,female,United States of America,"Canada, Great Britain & United States",North America,,"[
  ""Medium""
]",3,Beginner,lose weight and tone,,"[
  ""Bachata""
]",3.13.1,Android,Samsung,Samsung,Sm-G981u,0,0,0,0,0,7,1
4262149,341f2895-d651-4c37-9227-bc67232c08ab,2025-11-08,7,Annual,App,Google,,25-34,female,United Kingdom,"Canada, Great Britain & United States",Europe,,"[
  ""Medium""
]",4,Beginner,lose weight and tone,,"[
  ""Caribbean Rhythms"",
  ""Disco"",
  ""Hip Hop"",
  ""House"",
  ""Pop"",
  ""Reggaeton"",
  ""Techno""
]",3.13.0,Android,Samsung,Samsung,Sm-A165f,10,0,0,0,0,4,1
4278814,448c3b7f-55db-4b5d-a160-db60a8a2f61a,2025-11-20,7,Annual,Web,Stripe,,35-44,female,United States of America,"Canada, Great Britain & United States",North America,,"[
  ""High""
]",2,Beginner,lose weight and tone,,"[
  ""Afro Rhythms"",
  ""Bachata"",
  ""Brazilian Rhythms"",
  ""Cumbia"",
  ""Electronic"",
  ""Pop"",
  ""Techno"",
  ""World Rhythms""
]",3.13.1,Android,Samsung,Samsung,Sm-S928u,10,0,0,0,0,3,1
4266100,ffa3c240-fb52-44a3-bfd6-41ebaf4faa81,2025-11-08,7,Annual,App,Google,,45-54,female,Germany,Rest of the World,Europe,,"[
  ""Medium""
]",,Beginner,lose weight and tone,,"[
  ""Afro Rhythms"",
  ""Bachata"",
  ""Brazilian Rhythms"",
  ""Caribbean Rhythms"",
  ""Disco"",
  ""Merengue"",
  ""Pop"",
  ""Salsa""
]",3.13.1,Android,Shift,Shift,Shiftphone 8,7,0,0,0,0,15,1
3712471,f0b2ecae-bea9-495f-9e90-b8b897ddb8f3,2025-11-09,7,Annual,App,Google,,35-44,female,Netherlands,Rest of the World,Europe,,"[
  ""Low"",
  ""Medium"",
  ""High""
]",5,Beginner,lose weight and tone,,,3.14.0,Android,Samsung,Samsung,Sm-A525f,,0,0,0,0,14,1
2858274,1672b7d7-31f2-4bec-b243-eb60a86497e7,2025-11-13,14,Monthly,App,Apple,,,,United States of America,"Canada, Great Britain & United States",North America,Virtual Classes,"[
  ""High"",
  ""Medium""
]",,Advanced,,"[
  ""Taking classes at home"",
  ""Tracking heart rate & calories with my watch""
]","[
  ""Afrobeats"",
  ""Bachata"",
  ""Cumbia"",
  ""Hip Hop"",
  ""House"",
  ""Merengue"",
  ""Other"",
  ""Pop"",
  ""R&B"",
  ""Reggaeton""
]",6,iOS,Apple,Apple,"Iphone14,7",642,3,2,1,24.346666667,10,1
3375805,a25d3e56-5e76-49be-ac82-4b8f56bee6a1,2025-11-09,0,Monthly,Web,App to Web,,45-54,female,United States of America,"Canada, Great Britain & United States",North America,,"[
  ""High""
]",3,Intermediate,lose weight and tone,,"[
  ""Afrobeats"",
  ""Disco"",
  ""Funk"",
  ""Hip Hop"",
  ""House"",
  ""Merengue"",
  ""Pop"",
  ""R&B"",
  ""Reggae"",
  ""Reggaeton"",
  ""Salsa"",
  ""Soca""
]",2,iOS,Apple,Apple,"Iphone17,3",377,8,8,0.48245,17.754166667,14,1
2794754,ce63f51f-a5f2-4ed2-8f08-5becb3427dab,2025-11-11,14,Monthly,App,Apple,,,,United States of America,"Canada, Great Britain & United States",North America,Virtual Classes,"[
  ""Low""
]",3,Beginner,,"[
  ""Following instructors"",
  ""Earning Badges"",
  ""Taking classes at home"",
  ""Tracking heart rate & calories with my watch"",
  ""Tracking activity streaks"",
  ""Receiving class reminders"",
  ""Learning dances""
]","[
  ""Bachata"",
  ""Belly Dance"",
  ""Disco"",
  ""Merengue"",
  ""Pop""
]",6,iOS,Apple,Apple,"Iphone17,2",672,9,3,0.994,37.505555556,12,1
4270843,e0f203a6-6017-4e5e-b42e-bf4d6023e0d0,2025-11-10,7,Annual,Web,App to Web,,,,United States of America,"Canada, Great Britain & United States",North America,,,,,,,,2,iOS,Apple,Apple,"Iphone14,2",7,0,0,0,0,13,1
4284467,f1318d4c-a584-4af1-8a5f-5b9214b429ec,2025-11-11,0,Monthly,Web,App to Web,,25-34,female,United States of America,"Canada, Great Britain & United States",North America,,"[
  ""High""
]",3,Intermediate,lose weight and tone,,"[
  ""Cumbia"",
  ""Disco"",
  ""Electronic"",
  ""Hip Hop"",
  ""Pop"",
  ""Salsa"",
  ""Techno""
]",2,iOS,Apple,Apple,"Iphone15,3",0,2,1,0.9992,18.338888889,12,1
4268526,3df07c27-5139-407f-b29e-5ce10eaa5fc5,2025-11-09,7,Annual,Web,App to Web,,45-54,female,United States of America,"Canada, Great Britain & United States",North America,,"[
  ""Medium""
]",3,Beginner,lose weight and tone,,"[
  ""Afro Rhythms"",
  ""Brazilian Rhythms"",
  ""Caribbean Rhythms"",
  ""Cumbia"",
  ""Disco"",
  ""Hip Hop"",
  ""House"",
  ""Merengue"",
  ""Pop"",
  ""Reggaeton"",
  ""Salsa"",
  ""Techno"",
  ""World Rhythms""
]",2,iOS,Apple,Apple,"Iphone17,2",7,0,0,0,0,14,1
3904600,1d6b9462-fc06-48ee-9375-58b29135e675,2025-11-11,7,Annual,Web,Stripe,,,,United States of America,"Canada, Great Britain & United States",North America,,"[
  ""Medium""
]",2,Intermediate,lose weight and tone,,,2,iOS,Apple,Apple,"Ipad7,11",194,6,4,0.97915,34.751666667,12,1
4269270,42c61c49-7b74-4745-bb04-09ac01fc2cde,2025-11-19,7,Annual,App,Google,,45-54,female,Italy,Rest of the World,Europe,,"[
  ""Low"",
  ""Medium"",
  ""High""
]",5,Beginner,lose weight and tone,,"[
  ""Afro Rhythms"",
  ""Bachata"",
  ""Brazilian Rhythms"",
  ""Caribbean Rhythms"",
  ""Chill Out"",
  ""Cumbia"",
  ""Disco"",
  ""Hip Hop"",
  ""Merengue"",
  ""Pop"",
  ""Reggaeton"",
  ""Salsa"",
  ""World Rhythms""
]",3.13.1,Android,Xiaomi,Redmi,23124ra7eo,16,0,0,0,0,4,1
4183632,7988f3c0-a15f-4a89-9e8a-3312f2b4b44f,2025-11-09,7,Annual,Web,Stripe,,55-64,female,United States of America,"Canada, Great Britain & United States",North America,,"[
  ""Medium""
]",3,Intermediate,lose weight and tone,,"[
  ""Hip Hop"",
  ""Pop"",
  ""Reggaeton""
]",2,iOS,Apple,Apple,"Iphone15,5",7,2,1,0.9994,30.488888889,14,1
3312791,83ce62dc-b41c-46d7-81f7-57b49d02caea,2025-11-19,7,Monthly,App,Apple,,,,Norway,Rest of the World,Europe,,"[
  ""Low"",
  ""Medium"",
  ""High""
]",3,Beginner,lose weight and tone,,"[
  ""Afrobeats"",
  ""Cumbia"",
  ""Funk"",
  ""Hip Hop"",
  ""Merengue"",
  ""R&B"",
  ""Reggae"",
  ""Reggaeton"",
  ""Salsa""
]",2,iOS,Apple,Apple,"Iphone17,2",413,3,2,0.9994,28.446666667,4,1
4279316,ab0c39e4-f47d-4b07-935a-2a95cd548dea,2025-11-16,7,Annual,App,Apple,,25-34,female,United Kingdom,"Canada, Great Britain & United States",Europe,,"[
  ""Medium""
]",3,Intermediate,lose weight and tone,,"[
  ""Bachata"",
  ""Brazilian Rhythms"",
  ""Caribbean Rhythms"",
  ""Cumbia"",
  ""Disco"",
  ""Hip Hop"",
  ""House"",
  ""Merengue"",
  ""Pop"",
  ""Reggaeton"",
  ""Salsa"",
  ""World Rhythms""
]",2,iOS,Apple,Apple,"Iphone18,3",7,3,3,0.7562666667,22.1,7,1
4296072,f1d435cf-d5ab-4247-8fff-cc3a5fa7b424,2025-11-18,0,Monthly,App,Apple,,45-54,female,United Kingdom,"Canada, Great Britain & United States",Europe,,"[
  ""High""
]",3,Intermediate,,,,6,iOS,Apple,Apple,"Iphone17,1",0,7,2,0.53335,38.405555556,5,1
4280726,29327a25-2d52-4cfc-b5d3-176f51ca7cd5,2025-11-16,7,Annual,App,Apple,,45-54,female,Taiwan (Province of China),Rest of the World,APAC (excl. India),,"[
  ""Medium""
]",7,Beginner,lose weight and tone,,"[
  ""Chill Out"",
  ""Cumbia"",
  ""Disco"",
  ""Hip Hop"",
  ""Pop"",
  ""Salsa"",
  ""Techno""
]",2,iOS,Apple,Apple,"Iphone18,2",7,3,1,1,47.983333333,7,1
4291052,9f54ff94-a8fa-4161-a4f8-ab5a3efdedcb,2025-11-16,0,Monthly,Web,Stripe,,25-34,female,United States of America,"Canada, Great Britain & United States",North America,,"[
  ""Low"",
  ""Medium""
]",3,Beginner,lose weight and tone,,"[
  ""Hip Hop"",
  ""Pop""
]",2,iOS,Apple,Apple,"Iphone14,8",0,2,2,0.49975,16.566666667,7,1
2521343,fec827bd-67e7-4dcb-bf5c-2448428cf452,2025-11-20,0,Annual,Web,Stripe,Rejoin,55-64,female,United States of America,"Canada, Great Britain & United States",North America,,"[
  ""Medium""
]",3,Advanced,lose weight and tone,,"[
  ""Brazilian Rhythms"",
  ""Caribbean Rhythms"",
  ""Cumbia"",
  ""World Rhythms""
]",6,iOS,Apple,Apple,"Iphone17,2",10,3,1,1,32.708333333,3,1
4276044,d0228a21-e69d-4402-9196-82ee8ba65e3f,2025-11-13,7,Monthly,Web,Stripe,,35-44,female,United States of America,"Canada, Great Britain & United States",North America,,"[
  ""Low"",
  ""Medium""
]",5,Beginner,lose weight and tone,,"[
  ""Chill Out"",
  ""Disco"",
  ""Hip Hop"",
  ""Pop""
]",2,iOS,Apple,Apple,"Iphone18,1",7,8,2,1,32.286666667,10,1
2050345,58ae2e56-e123-4f10-81ae-225ea48bf72a,2025-11-09,0,Monthly,Web,Stripe,,35-44,female,United States of America,"Canada, Great Britain & United States",North America,,"[
  ""Low""
]",5,Beginner,lose weight and tone,,"[
  ""Afro Rhythms"",
  ""Bachata"",
  ""Brazilian Rhythms"",
  ""Caribbean Rhythms"",
  ""Cumbia"",
  ""Hip Hop"",
  ""Merengue"",
  ""Reggaeton"",
  ""Salsa""
]",2,iOS,Apple,Apple,"Iphone17,1",57,2,0,0,47.45,14,1
4279606,8b7bc5fa-cbff-40c5-a429-3f32b26bcb71,2025-11-16,7,Annual,App,Apple,,55-64,female,Germany,Rest of the World,Europe,,"[
  ""Low"",
  ""Medium""
]",2,Beginner,lose weight and tone,,"[
  ""Bachata"",
  ""Brazilian Rhythms"",
  ""Caribbean Rhythms"",
  ""Disco"",
  ""Pop"",
  ""Salsa""
]",2,iOS,Apple,Apple,"Iphone12,8",7,4,3,1,31.833333333,7,1
3419350,e801ca12-49bf-4d6f-96e5-a777e537a79f,2025-11-16,0,Monthly,Web,App to Web,,,,United States of America,"Canada, Great Britain & United States",North America,,,,,lose weight and tone,,,2,iOS,Apple,Apple,"Iphone17,4",364,5,3,0.2831333333,30,7,1
3084791,e95c1925-c1d4-4104-ac68-a0aee4f90cec,2025-11-19,7,Monthly,App,Apple,,,,United States of America,"Canada, Great Britain & United States",North America,,"[
  ""High""
]",3,Advanced,lose weight and tone,,"[
  ""Afrobeats"",
  ""Alternative"",
  ""Bachata"",
  ""Belly Dance"",
  ""Bhangra"",
  ""Bollywood"",
  ""Broadway"",
  ""Cumbia"",
  ""Disco"",
  ""Hip Hop"",
  ""House"",
  ""K-Pop"",
  ""Merengue"",
  ""Pop"",
  ""Reggaeton"",
  ""Rock"",
  ""Salsa"",
  ""Soca""
]",2,iOS,Apple,Apple,"Iphone15,2",522,1,0,0,22.95,4,1
4290905,c802a183-2e19-4e6f-9f3b-6d95a7eaf53a,2025-11-22,7,Annual,Web,Stripe,,45-54,female,United States of America,"Canada, Great Britain & United States",North America,,"[
  ""Medium""
]",5,Intermediate,Have some fun,,"[
  ""Brazilian Rhythms"",
  ""Caribbean Rhythms"",
  ""Chill Out"",
  ""Merengue"",
  ""Pop"",
  ""Salsa""
]",2,iOS,Apple,Apple,"Iphone14,8",7,0,0,0,0,1,1
4280394,20bd6ef5-5575-495a-b5db-ffd7079e4b68,2025-11-09,0,Monthly,Web,Stripe,,35-44,female,United States of America,"Canada, Great Britain & United States",North America,,"[
  ""Medium"",
  ""High""
]",6,Intermediate,lose weight and tone,,"[
  ""Afro Rhythms"",
  ""Bachata"",
  ""Brazilian Rhythms"",
  ""Caribbean Rhythms"",
  ""Chill Out"",
  ""Cumbia"",
  ""Disco"",
  ""Electronic"",
  ""Hip Hop"",
  ""House"",
  ""Merengue"",
  ""Pop"",
  ""Reggaeton"",
  ""Salsa"",
  ""Techno"",
  ""World Rhythms""
]",2,iOS,Apple,Apple,"Ipad13,4",0,56,5,0.27868,34.848022599,14,1
4282620,f6fc451b-f5d2-40da-a47a-7e176bc70266,2025-11-10,0,Monthly,Web,App to Web,,25-34,female,United States of America,"Canada, Great Britain & United States",North America,,"[
  ""Medium""
]",7,Intermediate,lose weight and tone,,"[
  ""Afro Rhythms"",
  ""Bachata"",
  ""Brazilian Rhythms"",
  ""Caribbean Rhythms"",
  ""Chill Out"",
  ""Cumbia"",
  ""Disco"",
  ""Electronic"",
  ""Hip Hop"",
  ""House"",
  ""Merengue"",
  ""Pop"",
  ""Reggaeton"",
  ""Salsa"",
  ""Techno"",
  ""World Rhythms""
]",6,iOS,Apple,Apple,"Iphone14,3",0,1,1,0.2659,13.916666667,13,1
4268472,3c885b66-538c-4b29-80e4-6dc41067e563,2025-11-09,7,Annual,Web,Stripe,,35-44,female,United States of America,"Canada, Great Britain & United States",North America,,"[
  ""High""
]",3,Beginner,lose weight and tone,,"[
  ""Afro Rhythms"",
  ""Bachata"",
  ""Brazilian Rhythms"",
  ""Caribbean Rhythms"",
  ""Chill Out"",
  ""Cumbia"",
  ""Disco"",
  ""Electronic"",
  ""Hip Hop"",
  ""House"",
  ""Merengue"",
  ""Pop"",
  ""Reggaeton"",
  ""Salsa"",
  ""Techno"",
  ""World Rhythms""
]",2,iOS,Apple,Apple,"Iphone14,8",7,0,0,0,0,14,1
4286985,b427b9cb-8b86-4431-bfd6-b070275b041f,2025-11-13,0,Monthly,App,Google,,25-34,female,United States of America,"Canada, Great Britain & United States",North America,,"[
  ""Medium""
]",,Beginner,Start my fitness journey,,"[
  ""Afro Rhythms"",
  ""Bachata"",
  ""Brazilian Rhythms"",
  ""Caribbean Rhythms"",
  ""Chill Out"",
  ""Cumbia"",
  ""Disco"",
  ""Electronic"",
  ""Hip Hop"",
  ""House"",
  ""Merengue"",
  ""Pop"",
  ""Reggaeton"",
  ""Salsa"",
  ""Techno"",
  ""World Rhythms""
]",3.13.1,Android,Google,Google,Pixel 9 Pro Xl,0,2,0,0,23.016666667,10,1
4279346,1b8d4cfe-edb0-42d1-a226-3077f49c52e9,2025-11-16,7,Annual,App,Apple,,45-54,female,Japan,Rest of the World,APAC (excl. India),,"[
  ""Medium""
]",3,Intermediate,lose weight and tone,,"[
  ""Brazilian Rhythms"",
  ""Chill Out"",
  ""Hip Hop"",
  ""Merengue"",
  ""Salsa"",
  ""World Rhythms""
]",2,iOS,Apple,Apple,"Iphone17,3",7,7,5,0.47418,15.555555556,7,1
4282286,c4376367-e17f-466d-a3f8-70b1895eba41,2025-11-10,0,Monthly,App,Google,,35-44,female,United Kingdom,"Canada, Great Britain & United States",Europe,,"[
  ""Low"",
  ""Medium"",
  ""High""
]",4,Beginner,lose weight and tone,,"[
  ""Afro Rhythms"",
  ""Bachata"",
  ""Brazilian Rhythms"",
  ""Caribbean Rhythms"",
  ""Chill Out"",
  ""Cumbia"",
  ""Disco"",
  ""Electronic"",
  ""Hip Hop"",
  ""House"",
  ""Merengue"",
  ""Pop"",
  ""Reggaeton"",
  ""Salsa"",
  ""Techno"",
  ""World Rhythms""
]",3.13.1,Android,Google,Google,Pixel 7 Pro,0,0,0,0,0,13,1
4276871,0265211f-c8dd-4de6-b2d0-a1bc79d92f26,2025-11-14,7,Annual,App,Apple,,25-34,female,Canada,"Canada, Great Britain & United States",North America,,"[
  ""Medium""
]",7,Beginner,lose weight and tone,,"[
  ""Hip Hop"",
  ""Pop""
]",2,iOS,Apple,Apple,"Iphone16,1",7,0,0,0,0,9,1
4280546,7e45c8d4-1c92-41cc-85a0-e5bd78c41c20,2025-11-10,0,Monthly,Web,App to Web,,35-44,female,United States of America,"Canada, Great Britain & United States",North America,,"[
  ""Medium"",
  ""High""
]",3,Advanced,lose weight and tone,,"[
  ""Afro Rhythms"",
  ""Bachata"",
  ""Brazilian Rhythms"",
  ""Caribbean Rhythms"",
  ""Cumbia"",
  ""Hip Hop"",
  ""Merengue"",
  ""Reggaeton"",
  ""Salsa"",
  ""World Rhythms""
]",2,iOS,Apple,Apple,"Iphone15,2",1,21,8,0.99975,42.697126437,13,1
4246375,002fff7c-c77d-4fb7-9dd5-c9ef29984778,2025-11-18,7,Annual,Web,Stripe,,35-44,female,United States of America,"Canada, Great Britain & United States",North America,,"[
  ""Medium""
]",3,Intermediate,lose weight and tone,,"[
  ""Bachata"",
  ""Caribbean Rhythms"",
  ""Cumbia"",
  ""Merengue"",
  ""Reggaeton"",
  ""Salsa""
]",2,iOS,Apple,Apple,"Iphone14,5",7,0,0,0,0,5,1
4282422,bc736bea-2f4f-4de9-989e-772236964dd5,2025-11-10,0,Monthly,App,Google,,35-44,female,United States of America,"Canada, Great Britain & United States",North America,,"[
  ""Low"",
  ""Medium""
]",4,Intermediate,lose weight and tone,,"[
  ""Afro Rhythms"",
  ""Caribbean Rhythms"",
  ""Chill Out"",
  ""Hip Hop"",
  ""House"",
  ""Reggaeton""
]",3.14.0,Android,Motorola,Motorola,Motorola One 5g Ace,0,4,4,0.993775,19.666666667,13,1
4301190,0205e1b5-bc8a-4b83-ab5c-e27ce79ebddc,2025-11-21,0,Monthly,Web,Stripe,,35-44,female,United States of America,"Canada, Great Britain & United States",North America,,"[
  ""Low"",
  ""Medium""
]",4,Beginner,lose weight and tone,,"[
  ""Afro Rhythms"",
  ""Brazilian Rhythms"",
  ""Caribbean Rhythms"",
  ""Chill Out"",
  ""Cumbia"",
  ""Disco"",
  ""Hip Hop"",
  ""House"",
  ""Merengue"",
  ""Pop"",
  ""Reggaeton"",
  ""Techno"",
  ""World Rhythms""
]",6,iOS,Apple,Apple,"Iphone17,1",0,1,0,0,13.916666667,2,1
4274447,7d0d4d88-87c1-47ae-b010-db78e91858de,2025-11-12,7,Annual,App,Google,,,,United States of America,"Canada, Great Britain & United States",North America,,"[
  ""Low""
]",,Intermediate,Have some fun,,"[
  ""Afro Rhythms"",
  ""Brazilian Rhythms"",
  ""Caribbean Rhythms"",
  ""Cumbia"",
  ""Hip Hop"",
  ""Merengue"",
  ""Pop"",
  ""Reggaeton"",
  ""Salsa"",
  ""World Rhythms""
]",3.14.0,Android,Samsung,Samsung,Sm-S938u,7,2,2,0.2839,39.508333333,11,1
4290968,6a32cf07-8c95-4779-bed1-1b52d4a725c3,2025-11-15,0,Monthly,Web,Stripe,,25-34,female,United States of America,"Canada, Great Britain & United States",North America,,"[
  ""Medium""
]",3,Intermediate,lose weight and tone,,"[
  ""Electronic"",
  ""Hip Hop"",
  ""Pop"",
  ""Reggaeton"",
  ""Techno""
]",3.13.1,Android,Samsung,Samsung,Sm-S938u,0,1,1,0.4316,49.85,8,1
4280751,50d8a9bc-44be-4220-ab14-8f2e127e5922,2025-11-09,0,Monthly,Web,App to Web,,,,United States of America,"Canada, Great Britain & United States",North America,,,,,,,,2,iOS,Apple,Apple,"Iphone15,3",0,0,0,0,0,14,1
4294123,bfbd0b8d-7822-4ca7-ac04-e7a0b84fab76,2025-11-20,0,Monthly,App,Google,,25-34,female,Bulgaria,Rest of the World,Europe,,"[
  ""High""
]",5,Beginner,lose weight and tone,,"[
  ""Bachata"",
  ""Brazilian Rhythms"",
  ""Disco"",
  ""Pop""
]",3.14.0,Android,Samsung,Samsung,Sm-A346b,3,1,1,0.999,32.416666667,3,1
4286909,9ccbeda4-d029-4119-9588-12d9a645ff71,2025-11-20,7,Annual,Web,Stripe,,35-44,female,United States of America,"Canada, Great Britain & United States",North America,,"[
  ""Medium""
]",4,Intermediate,lose weight and tone,,"[
  ""Brazilian Rhythms"",
  ""Hip Hop"",
  ""Pop"",
  ""Reggaeton"",
  ""Salsa"",
  ""World Rhythms""
]",2,iOS,Apple,Apple,"Iphone16,2",7,0,0,0,0,3,1
4287207,d99c3734-0125-42cc-8e94-403193fe808e,2025-11-20,7,Annual,Web,Stripe,,45-54,female,Switzerland,Rest of the World,Europe,,"[
  ""High""
]",3,Intermediate,lose weight and tone,,"[
  ""Bachata"",
  ""Brazilian Rhythms"",
  ""Caribbean Rhythms"",
  ""Cumbia"",
  ""Disco"",
  ""Merengue"",
  ""Pop"",
  ""Reggaeton"",
  ""Salsa"",
  ""World Rhythms""
]",6,iOS,Apple,Apple,"Iphone13,2",7,1,1,0.8731,13.916666667,3,1
4288215,288f237e-aa45-4451-a532-8c92d699e31f,2025-11-21,7,Annual,App,Apple,,35-44,female,United Kingdom,"Canada, Great Britain & United States",Europe,,"[
  ""Low""
]",4,Beginner,lose weight and tone,,"[
  ""Afro Rhythms"",
  ""Brazilian Rhythms"",
  ""Caribbean Rhythms"",
  ""Chill Out"",
  ""Disco"",
  ""Electronic"",
  ""Hip Hop"",
  ""House"",
  ""Pop"",
  ""Salsa""
]",6,iOS,Apple,Apple,"Iphone16,1",7,1,1,0.8656,31.25,2,1
3526455,61611ae2-0e42-4796-9c7a-bd1e937ab514,2025-11-22,0,Monthly,Web,App to Web,,35-44,female,United States of America,"Canada, Great Britain & United States",North America,,"[
  ""Medium""
]",4,Beginner,Start my fitness journey,,"[
  ""Caribbean Rhythms"",
  ""Electronic"",
  ""Pop"",
  ""Techno""
]",6,iOS,Apple,Apple,"Iphone17,1",327,0,0,0,0,1,1
4302750,f204407a-5b7d-4d1a-a753-057b326c1934,2025-11-22,0,Monthly,Web,Stripe,,,,United States of America,"Canada, Great Britain & United States",North America,,,,,,,,,iOS,,,,,0,0,0,0,1,1
2578945,ebdaba0e-4da3-4e63-af97-fd520a5e8153,2025-11-12,0,Monthly,Web,Stripe,,65+,female,United States of America,"Canada, Great Britain & United States",North America,,"[
  ""Low""
]",,Beginner,Start my fitness journey,,"[
  ""Afro Rhythms"",
  ""Cumbia"",
  ""Merengue"",
  ""Pop"",
  ""Reggaeton"",
  ""Salsa""
]",,Mac OS X,,,,,3,3,0.6872333333,26.25,11,1
4279278,93a1ec2b-42e4-4c72-9168-8210eb9f814e,2025-11-09,0,Monthly,Web,Stripe,,35-44,female,United Kingdom,"Canada, Great Britain & United States",Europe,,"[
  ""Low"",
  ""Medium""
]",3,Beginner,lose weight and tone,,"[
  ""Bachata"",
  ""Caribbean Rhythms"",
  ""Disco"",
  ""Hip Hop"",
  ""House"",
  ""Pop"",
  ""Reggaeton"",
  ""Salsa"",
  ""Techno""
]",3.14.0,Android,Samsung,Samsung,Sm-S721b,0,1,1,0.5319,34.466666667,14,1
4280038,51e0f6da-0e73-47f4-84bd-5c7cdf80a3fc,2025-11-09,0,Monthly,Web,Stripe,,25-34,female,United States of America,"Canada, Great Britain & United States",North America,,"[
  ""Medium""
]",2,Intermediate,lose weight and tone,,"[
  ""Afro Rhythms"",
  ""Caribbean Rhythms"",
  ""Cumbia"",
  ""Hip Hop"",
  ""Pop"",
  ""Reggaeton""
]",2,iOS,Apple,Apple,"Iphone18,3",0,7,4,0.387275,26.698484848,14,1
4282541,07f64d0c-73d8-4657-832f-231042ce69b0,2025-11-10,0,Monthly,Web,Stripe,,35-44,female,United States of America,"Canada, Great Britain & United States",North America,,"[
  ""Medium""
]",3,Beginner,lose weight and tone,,"[
  ""Afro Rhythms"",
  ""Electronic"",
  ""Pop"",
  ""Techno"",
  ""World Rhythms""
]",2,iOS,Apple,Apple,"Ipad13,17",0,1,1,0.976,13.916666667,13,1
4285772,1e3d7cb6-36c4-48e4-b169-2a66ca6da955,2025-11-12,0,Monthly,App,Apple,,35-44,female,Canada,"Canada, Great Britain & United States",North America,,"[
  ""Medium""
]",3,Intermediate,,,,2,iOS,Apple,Apple,"Iphone14,5",0,1,0,0,47.983333333,11,1
3650843,cfe29d08-a573-47b4-9b67-ca7eb59ed9e5,2025-11-08,0,Monthly,App,Apple,,,,Turkey,Rest of the World,Europe,,"[
  ""Medium""
]",3,Intermediate,,,,2,iOS,Apple,Apple,"Iphone12,1",288,1,1,1,31.433333333,15,1
4296511,4b746f37-09f2-415b-a51c-1cd4d76b3fde,2025-11-18,0,Monthly,App,Apple,,25-34,female,Honduras,Rest of the World,LATAM,,"[
  ""Medium""
]",5,Advanced,lose weight and tone,,"[
  ""Cumbia"",
  ""Merengue"",
  ""Reggaeton"",
  ""Salsa""
]",2,iOS,Apple,Apple,"Iphone17,2",0,26,0,0,39.31025641,5,1
4301617,55e17817-f8aa-4d6f-a24d-99a86bc9c8ea,2025-11-21,0,Monthly,Web,App to Web,,35-44,female,United States of America,"Canada, Great Britain & United States",North America,,"[
  ""Medium""
]",3,Intermediate,lose weight and tone,,"[
  ""Caribbean Rhythms"",
  ""Cumbia"",
  ""Hip Hop"",
  ""Merengue"",
  ""Pop"",
  ""Salsa""
]",6,iOS,Apple,Apple,"Iphone17,5",0,0,0,0,0,2,1
4294808,ce5a5390-f1e8-4a22-a0a5-2012db5ea13e,2025-11-17,0,Monthly,Web,App to Web,,25-34,female,United States of America,"Canada, Great Britain & United States",North America,,"[
  ""Medium""
]",7,Beginner,lose weight and tone,,"[
  ""Bachata"",
  ""Cumbia"",
  ""Merengue"",
  ""Salsa""
]",2,iOS,Apple,Apple,"Iphone17,2",0,2,1,0.3413,19.755555556,6,1
3472799,83581a6b-c8df-4e01-8799-c58c907a16ab,2025-11-17,7,Annual,Web,App to Web,,55-64,female,United States of America,"Canada, Great Britain & United States",North America,,"[
  ""Medium""
]",3,Intermediate,lose weight and tone,,"[
  ""Alternative"",
  ""Bollywood"",
  ""Broadway"",
  ""Hip Hop"",
  ""Pop"",
  ""Rock""
]",6,iOS,Apple,Apple,"Iphone15,2",344,3,3,0.7996666667,36.683333333,6,1
4279321,c1f30701-e096-4397-933f-49833e812bab,2025-11-16,7,Annual,App,Apple,,35-44,male,United Kingdom,"Canada, Great Britain & United States",Europe,,"[
  ""Medium""
]",2,Beginner,Have some fun,,"[
  ""Chill Out"",
  ""Disco"",
  ""Electronic"",
  ""Hip Hop"",
  ""Pop"",
  ""Salsa"",
  ""World Rhythms""
]",2,iOS,Apple,Apple,"Iphone17,3",7,7,3,0.05136666667,19.676666667,7,1
4278327,a816abc3-bbd6-4107-a3f3-1a452610ad6b,2025-11-08,0,Monthly,Web,Stripe,,55-64,female,United States of America,"Canada, Great Britain & United States",North America,,"[
  ""Medium""
]",3,Intermediate,lose weight and tone,,"[
  ""Brazilian Rhythms"",
  ""Disco"",
  ""Hip Hop"",
  ""House"",
  ""Pop"",
  ""Salsa""
]",2,iOS,Apple,Apple,"Iphone14,2",0,0,0,0,0,15,1
2536953,44a4887e-b3b6-406b-bbef-d0fddd2da4c6,2025-11-08,7,Monthly,Web,Stripe,,35-44,female,Greece,Rest of the World,Europe,,"[
  ""Medium""
]",2,Intermediate,lose weight and tone,,"[
  ""Disco"",
  ""House"",
  ""Pop""
]",3.14.0,Android,Samsung,Samsung,Sm-A137f,7,0,0,0,0,15,1
4286038,7b6dcff1-6b3a-434a-9576-bbb16603d0b1,2025-11-12,0,Monthly,Web,App to Web,,45-54,female,United States of America,"Canada, Great Britain & United States",North America,,"[
  ""Medium""
]",5,Intermediate,lose weight and tone,,"[
  ""Afro Rhythms"",
  ""Bachata"",
  ""Brazilian Rhythms"",
  ""Caribbean Rhythms"",
  ""Cumbia"",
  ""Disco"",
  ""Hip Hop"",
  ""House"",
  ""Merengue"",
  ""Pop"",
  ""Reggaeton"",
  ""Salsa"",
  ""World Rhythms""
]",2,iOS,Apple,Apple,"Iphone13,2",0,2,1,0.9988,19.622222222,11,1
4285023,0d719a86-0783-468e-9b39-c757e93d1783,2025-11-12,0,Monthly,Web,Stripe,,35-44,female,Croatia,Rest of the World,Europe,,"[
  ""Medium""
]",4,Intermediate,lose weight and tone,,"[
  ""Disco""
]",3.13.1,Android,Xiaomi,Redmi,23073rpbfg,0,1,1,0.1022,30.016666667,11,1
4294051,aaa554d9-b8b5-441a-9a09-8162f819fd9e,2025-11-17,0,Monthly,App,App to Web,,45-54,female,United States of America,"Canada, Great Britain & United States",North America,,"[
  ""Low""
]",3,Beginner,lose weight and tone,,"[
  ""Afro Rhythms"",
  ""Caribbean Rhythms"",
  ""Disco"",
  ""Electronic"",
  ""Hip Hop"",
  ""House"",
  ""Salsa"",
  ""Techno""
]",2,iOS,Apple,Apple,"Iphone15,3",0,3,0,0,13.916666667,6,1
4288476,b8338205-5fd4-4af6-abc6-d87d59b6f4db,2025-11-14,0,Monthly,Web,App to Web,,55-64,female,United States of America,"Canada, Great Britain & United States",North America,,"[
  ""Medium""
]",3,Intermediate,lose weight and tone,,"[
  ""Afro Rhythms"",
  ""Brazilian Rhythms"",
  ""Disco"",
  ""Reggaeton"",
  ""World Rhythms""
]",2,iOS,Apple,Apple,"Ipad13,16",0,2,2,0.9934,13.916666667,9,1
4287698,d185a03e-4c7e-4e40-b0e7-65be8796faf2,2025-11-13,0,Monthly,Web,App to Web,,,,United States of America,"Canada, Great Britain & United States",North America,,,,,,,,6,iOS,Apple,Apple,"Iphone14,3",0,1,0,0,47.983333333,10,1
4283029,89e802c4-0e41-4306-a6a2-97ef445b0c23,2025-11-18,7,Annual,App,Apple,,25-34,female,United Kingdom,"Canada, Great Britain & United States",Europe,,"[
  ""Medium""
]",3,Intermediate,lose weight and tone,,"[
  ""Afro Rhythms"",
  ""Caribbean Rhythms"",
  ""Hip Hop"",
  ""Merengue"",
  ""Pop"",
  ""Reggaeton"",
  ""World Rhythms""
]",2,iOS,Apple,Apple,"Ipad13,1",7,0,0,0,0,5,1
4268834,1c30a8dd-774a-48e3-8995-c728ff71e892,2025-11-15,7,Annual,Web,Stripe,,35-44,female,United States of America,"Canada, Great Britain & United States",North America,,"[
  ""Medium"",
  ""High""
]",3,Intermediate,lose weight and tone,,"[
  ""Afro Rhythms"",
  ""Bachata"",
  ""Brazilian Rhythms"",
  ""Caribbean Rhythms"",
  ""Chill Out"",
  ""Cumbia"",
  ""Hip Hop"",
  ""Merengue"",
  ""Pop"",
  ""Reggaeton"",
  ""Salsa"",
  ""World Rhythms""
]",2,iOS,Apple,Apple,"Iphone14,7",7,11,7,0.9283857143,29.790740741,8,1
3745288,730a6668-e301-45be-8b03-c34017ac5116,2025-11-16,0,Annual,Web,Stripe,,,,United Kingdom,"Canada, Great Britain & United States",Europe,,"[
  ""High"",
  ""Medium""
]",3,Advanced,lose weight and tone,,"[
  ""Funk"",
  ""Hip Hop"",
  ""Merengue"",
  ""R&B"",
  ""Reggae"",
  ""Reggaeton"",
  ""Salsa"",
  ""Soca""
]",3.13.1,Android,Samsung,Samsung,Sm-S721b,263,9,4,1,31.171794872,7,1
4283067,c4395c47-e6f7-4030-b20f-4ed595c663cb,2025-11-18,7,Annual,App,Apple,,55-64,female,United States of America,"Canada, Great Britain & United States",North America,,"[
  ""Medium""
]",3,Beginner,lose weight and tone,,,6,iOS,Apple,Apple,"Iphone14,6",7,5,4,0.898925,24.648148148,5,1
4291720,f4d46a41-d946-485b-8894-0a3dbc572a54,2025-11-20,0,Monthly,App,Apple,,25-34,female,Spain,Rest of the World,Europe,,,,,,,"[
  ""Bachata"",
  ""Cumbia"",
  ""Hip Hop"",
  ""Merengue"",
  ""Reggaeton"",
  ""Salsa""
]",6,iOS,Apple,Apple,"Iphone15,4",4,4,3,0.8831333333,27.083333333,3,1
4290263,1d76d036-a7ff-4db6-b82b-d4f02fca2af1,2025-11-16,0,Monthly,Web,Stripe,,55-64,female,United States of America,"Canada, Great Britain & United States",North America,,"[
  ""Medium""
]",2,Intermediate,Have some fun,,"[
  ""Bachata"",
  ""Disco"",
  ""Pop""
]",2,iOS,Apple,Apple,"Iphone16,1",-1,0,0,0,0,7,1
4296672,e3a6f12f-ac7b-402e-ad14-89bdb9c98cf8,2025-11-18,0,Monthly,Web,App to Web,,35-44,female,United States of America,"Canada, Great Britain & United States",North America,,"[
  ""Medium"",
  ""High""
]",5,Beginner,lose weight and tone,,"[
  ""Afro Rhythms"",
  ""Bachata"",
  ""Brazilian Rhythms"",
  ""Caribbean Rhythms"",
  ""Chill Out"",
  ""Cumbia"",
  ""Disco"",
  ""Electronic"",
  ""Hip Hop"",
  ""House"",
  ""Merengue"",
  ""Pop"",
  ""Reggaeton"",
  ""Salsa"",
  ""Techno"",
  ""World Rhythms""
]",6,iOS,Apple,Apple,"Iphone17,2",0,3,3,0.9976333333,24.988888889,5,1
4284952,cad7619a-e3ef-4472-ad46-97de13097dce,2025-11-19,7,Annual,Web,App to Web,,45-54,female,United States of America,"Canada, Great Britain & United States",North America,,"[
  ""Medium""
]",3,Intermediate,lose weight and tone,,"[
  ""Afro Rhythms"",
  ""Caribbean Rhythms"",
  ""Hip Hop"",
  ""Reggaeton""
]",6,iOS,Apple,Apple,"Iphone14,7",21,3,1,0.0487,50.645833333,4,1
4283335,a9ce1ede-9ee5-4e16-99de-3f1917469477,2025-11-18,7,Annual,Web,App to Web,,35-44,female,United States of America,"Canada, Great Britain & United States",North America,,"[
  ""High""
]",4,Intermediate,lose weight and tone,,,2,iOS,Apple,Apple,"Iphone17,1",7,0,0,0,0,5,1
4300311,d0eb0643-d89f-4fba-a145-f61cd7c10219,2025-11-21,0,Monthly,Web,Stripe,,25-34,female,United States of America,"Canada, Great Britain & United States",North America,,"[
  ""High""
]",3,Beginner,Have some fun,,"[
  ""Chill Out"",
  ""Disco"",
  ""Electronic"",
  ""Pop"",
  ""Techno""
]",,Mac OS X,,,,,3,2,0.2118,38.46,2,1
4282757,afe0abb1-327a-4e12-9883-00a2833a6461,2025-11-18,7,Annual,App,Apple,,45-54,female,United States of America,"Canada, Great Britain & United States",North America,,"[
  ""Medium""
]",5,,,,"[
  ""Afro Rhythms"",
  ""Bachata"",
  ""Brazilian Rhythms"",
  ""Caribbean Rhythms"",
  ""Cumbia"",
  ""Pop"",
  ""Reggaeton"",
  ""Salsa""
]",2,iOS,Apple,Apple,"Iphone16,1",7,0,0,0,0,5,1
4296432,9ebec187-acaf-46d1-84e9-e0676c26a116,2025-11-18,0,Monthly,Web,Stripe,,35-44,female,United States of America,"Canada, Great Britain & United States",North America,,"[
  ""High""
]",5,Advanced,lose weight and tone,,"[
  ""Chill Out"",
  ""Hip Hop"",
  ""Pop"",
  ""Reggaeton""
]",2,iOS,Apple,Apple,"Iphone16,2",5,0,0,0,0,5,1
4283553,8198611e-523f-4466-93a1-b1b1dd545f3d,2025-11-21,7,Annual,Web,Stripe,,,,United States of America,"Canada, Great Britain & United States",North America,,,3,,,,,3.13.1,Android,Samsung,Samsung,Sm-S911u,7,0,0,0,0,2,1
3292587,38a75d30-b722-4e5b-a4fd-14726397fa40,2025-11-21,7,Annual,Web,Stripe,,55-64,female,United States of America,"Canada, Great Britain & United States",North America,,"[
  ""Low"",
  ""Medium""
]",3,Beginner,lose weight and tone,,"[
  ""Afro Rhythms"",
  ""Bachata"",
  ""Caribbean Rhythms"",
  ""Cumbia"",
  ""Disco"",
  ""Hip Hop"",
  ""House"",
  ""Merengue"",
  ""Pop"",
  ""Reggaeton"",
  ""Salsa"",
  ""Techno""
]",2,iOS,Apple,Apple,"Iphone12,1",,0,0,0,0,2,1
4280684,13177852-bceb-4829-9758-b45ff7bc331a,2025-11-16,7,Annual,Web,Stripe,,55-64,female,United States of America,"Canada, Great Britain & United States",North America,,"[
  ""Medium""
]",3,Intermediate,lose weight and tone,,"[
  ""Afro Rhythms"",
  ""Caribbean Rhythms"",
  ""Disco"",
  ""Merengue"",
  ""Reggaeton"",
  ""Techno"",
  ""World Rhythms""
]",2,iOS,Apple,Apple,"Iphone14,7",7,0,0,0,0,7,1
4278096,c9088ea1-829b-45c3-b991-8f7755b0fe7a,2025-11-15,7,Annual,App,Apple,,35-44,female,Cyprus,Rest of the World,Europe,,"[
  ""Medium""
]",2,Intermediate,Start my fitness journey,,"[
  ""Afro Rhythms"",
  ""Bachata"",
  ""Hip Hop"",
  ""Merengue"",
  ""Pop"",
  ""Reggaeton"",
  ""Salsa""
]",2,iOS,Apple,Apple,"Iphone16,1",7,0,0,0,0,8,1
3880036,a588fec0-e5b9-45ea-a8bd-87aadbede0f5,2025-11-16,0,Monthly,Web,App to Web,,,,United States of America,"Canada, Great Britain & United States",North America,,"[
  ""Low"",
  ""Medium"",
  ""High""
]",7,Intermediate,Start my fitness journey,,"[
  ""Afrobeats"",
  ""Alternative"",
  ""Bachata"",
  ""Belly Dance"",
  ""Bhangra"",
  ""Blues"",
  ""Bollywood"",
  ""Broadway"",
  ""Country"",
  ""Cumbia"",
  ""Disco"",
  ""Funk"",
  ""Hip Hop"",
  ""House"",
  ""K-Pop"",
  ""Merengue"",
  ""Other"",
  ""Pop"",
  ""R&B"",
  ""Reggae"",
  ""Reggaeton"",
  ""Rock"",
  ""Salsa"",
  ""Soca""
]",2,iOS,Apple,Apple,"Iphone13,2",209,4,3,0.3464333333,30.652380952,7,1
4171662,ec7da13c-0b25-4278-a963-f76e2e2cd46e,2025-11-08,7,Annual,App,Apple,,45-54,female,United States of America,"Canada, Great Britain & United States",North America,,"[
  ""High""
]",3,Advanced,lose weight and tone,,"[
  ""Afro Rhythms"",
  ""Brazilian Rhythms"",
  ""Caribbean Rhythms"",
  ""Hip Hop"",
  ""House"",
  ""Reggaeton"",
  ""Salsa""
]",2,iOS,Apple,Apple,"Iphone17,5",7,1,0,0,50.933333333,15,1
4282956,24d7b4c0-5044-40bd-a192-4c2658dd8d97,2025-11-11,0,Monthly,Web,App to Web,,45-54,female,United States of America,"Canada, Great Britain & United States",North America,,"[
  ""Medium"",
  ""High""
]",3,Intermediate,lose weight and tone,,,2,iOS,Apple,Apple,"Iphone15,2",0,1,0,0,13.916666667,12,1
4280578,526fa68d-4e8c-4f52-9390-c34d17f0afd9,2025-11-09,0,Monthly,Web,Stripe,,25-34,female,United States of America,"Canada, Great Britain & United States",North America,,"[
  ""High""
]",3,Beginner,lose weight and tone,,"[
  ""Hip Hop"",
  ""Pop""
]",2,iOS,Apple,Apple,"Iphone14,3",0,1,1,0.9988,13.916666667,14,1
4283865,1b05f347-0ec9-4d31-832c-ff935aa9fc03,2025-11-11,0,Monthly,App,Apple,,35-44,female,Australia,Rest of the World,APAC (excl. India),,"[
  ""Medium""
]",2,Intermediate,reduce stress,,"[
  ""Caribbean Rhythms"",
  ""Disco"",
  ""Hip Hop"",
  ""House"",
  ""Pop"",
  ""Salsa""
]",2,iOS,Apple,Apple,"Iphone16,1",0,5,4,0.51505,23.948148148,12,1
4172749,0cbbaf95-0824-4d28-a705-aecd9244c4de,2025-11-19,7,Annual,Web,Stripe,,45-54,female,United States of America,"Canada, Great Britain & United States",North America,,"[
  ""Low""
]",3,Intermediate,lose weight and tone,,"[
  ""Cumbia"",
  ""Merengue"",
  ""Pop"",
  ""Salsa""
]",2,iOS,Apple,Apple,"Iphone15,4",7,0,0,0,0,4,1
4290514,84db985d-737f-43fd-811d-b537e51d53de,2025-11-15,0,Monthly,App,Apple,,25-34,female,United States of America,"Canada, Great Britain & United States",North America,,"[
  ""Medium""
]",5,Beginner,lose weight and tone,,"[
  ""Afro Rhythms"",
  ""Bachata"",
  ""Brazilian Rhythms"",
  ""Caribbean Rhythms"",
  ""Chill Out"",
  ""Cumbia"",
  ""Disco"",
  ""Electronic"",
  ""Hip Hop"",
  ""House"",
  ""Merengue"",
  ""Pop"",
  ""Reggaeton"",
  ""Salsa"",
  ""Techno"",
  ""World Rhythms""
]",6,iOS,Apple,Apple,"Iphone17,2",0,5,2,0.56955,26.516666667,8,1
4287902,f8e8b2d1-5a70-43c1-8247-e1fd33c9d598,2025-11-13,0,Monthly,Web,Stripe,,35-44,female,United States of America,"Canada, Great Britain & United States",North America,,"[
  ""Low"",
  ""Medium""
]",3,Intermediate,lose weight and tone,,"[
  ""Hip Hop"",
  ""Reggaeton""
]",2,iOS,Apple,Apple,"Iphone17,1",0,0,0,0,0,10,1
3373916,f727bd87-f2da-47e0-8aef-58f454082466,2025-11-08,0,Monthly,Web,App to Web,,,,United States of America,"Canada, Great Britain & United States",North America,,"[
  ""Medium""
]",4,Intermediate,,,"[
  ""Bachata"",
  ""Country"",
  ""Cumbia"",
  ""House"",
  ""Merengue"",
  ""Pop"",
  ""Salsa""
]",2,iOS,Apple,Apple,"Iphone17,1",377,2,0,0,22.675,15,1
4279036,89671d12-80e9-4ef1-85be-4a36c72270f0,2025-11-08,0,Monthly,App,Apple,,35-44,female,United States of America,"Canada, Great Britain & United States",North America,,"[
  ""Medium""
]",3,Beginner,lose weight and tone,,,6,iOS,Apple,Apple,"Iphone13,2",0,9,5,0.60372,27.48452381,15,1
4279838,a6f14edf-c046-405a-897d-a5e45aacaa01,2025-11-16,7,Annual,App,Apple,,35-44,female,Italy,Rest of the World,Europe,,"[
  ""Medium"",
  ""High""
]",2,Beginner,,,"[
  ""Afro Rhythms"",
  ""Bachata"",
  ""Brazilian Rhythms"",
  ""Caribbean Rhythms"",
  ""Cumbia"",
  ""Disco"",
  ""Hip Hop"",
  ""Merengue"",
  ""Pop"",
  ""Reggaeton"",
  ""Salsa"",
  ""World Rhythms""
]",6,iOS,Apple,Apple,"Iphone14,8",7,4,3,0.9990666667,16.235714286,7,1
4281997,f202160a-6006-4678-ad0f-436fcf8d7835,2025-11-17,7,Annual,Web,Stripe,,25-34,female,Norway,Rest of the World,Europe,,"[
  ""Medium""
]",3,Beginner,reduce stress,,"[
  ""Afro Rhythms"",
  ""Bachata"",
  ""Brazilian Rhythms"",
  ""Caribbean Rhythms"",
  ""Disco"",
  ""Hip Hop"",
  ""Merengue"",
  ""Pop"",
  ""Reggaeton"",
  ""Salsa""
]",2,iOS,Apple,Apple,"Iphone16,2",7,6,3,0.3333333333,17.62962963,6,1
4285725,4b91a833-4ea3-47aa-bc56-35c602c7ace8,2025-11-12,0,Monthly,Web,Stripe,,25-34,female,Bulgaria,Rest of the World,Europe,,"[
  ""Low"",
  ""Medium""
]",3,Beginner,lose weight and tone,,"[
  ""Afro Rhythms"",
  ""Bachata"",
  ""Brazilian Rhythms"",
  ""Caribbean Rhythms"",
  ""Chill Out"",
  ""Cumbia"",
  ""Disco"",
  ""Hip Hop"",
  ""Merengue"",
  ""Pop"",
  ""Reggaeton"",
  ""Salsa"",
  ""World Rhythms""
]",3.13.1,Android,Hmd Global,Nokia,Nokia G42 5g,0,25,14,0.5403857143,24.447435897,11,1
4294944,e0a30469-86ed-43c3-a881-35aa84ef4fd4,2025-11-18,0,Monthly,Web,App to Web,,35-44,female,United States of America,"Canada, Great Britain & United States",North America,,"[
  ""Medium""
]",3,Beginner,lose weight and tone,,"[
  ""Bachata"",
  ""Caribbean Rhythms"",
  ""Cumbia"",
  ""Disco"",
  ""Electronic"",
  ""Hip Hop"",
  ""House"",
  ""Merengue"",
  ""Reggaeton"",
  ""Salsa"",
  ""Techno""
]",2,iOS,Apple,Apple,"Iphone17,4",0,1,0,0,13.916666667,5,1
4288544,fd763d0e-efad-4485-bbee-3ede44f3dee7,2025-11-14,0,Monthly,Web,App to Web,,55-64,female,United States of America,"Canada, Great Britain & United States",North America,,"[
  ""High""
]",6,Advanced,lose weight and tone,,"[
  ""House"",
  ""Pop"",
  ""Salsa"",
  ""World Rhythms""
]",2,iOS,Apple,Apple,"Iphone17,2",0,0,0,0,0,9,1
4293995,40c966b7-6d66-4c2b-bd6e-5e060c8f1924,2025-11-17,0,Monthly,Web,App to Web,,45-54,female,United States of America,"Canada, Great Britain & United States",North America,,,3,,,,,2,iOS,Apple,Apple,"Iphone14,7",0,0,0,0,0,6,1
4272390,c562d004-6e85-413f-9f05-b6963f4dabb0,2025-11-12,7,Annual,Web,App to Web,,25-34,female,United States of America,"Canada, Great Britain & United States",North America,,"[
  ""Medium"",
  ""High"",
  ""Low""
]",3,Beginner,lose weight and tone,,"[
  ""Afro Rhythms"",
  ""Bachata"",
  ""Brazilian Rhythms"",
  ""Caribbean Rhythms"",
  ""Chill Out"",
  ""Cumbia"",
  ""Hip Hop"",
  ""Merengue"",
  ""Pop"",
  ""Reggaeton"",
  ""Salsa"",
  ""World Rhythms""
]",6,iOS,Apple,Apple,"Iphone14,7",8,8,4,0.516875,16.458333333,11,1
4295626,1c02478c-7e14-40db-b645-07a797bb24f3,2025-11-18,0,Monthly,Web,App to Web,,35-44,female,United States of America,"Canada, Great Britain & United States",North America,,"[
  ""Medium"",
  ""Low""
]",3,Beginner,lose weight and tone,,,2,iOS,Apple,Apple,"Iphone17,2",0,0,0,0,0,5,1
4297165,9b667a66-0b19-4df7-ab69-fa6552a7c8ff,2025-11-19,0,Monthly,Web,Stripe,,45-54,female,United States of America,"Canada, Great Britain & United States",North America,,"[
  ""Low"",
  ""Medium""
]",4,Beginner,Start my fitness journey,,"[
  ""Hip Hop"",
  ""Pop""
]",3.13.1,Android,Samsung,Samsung,Sm-S928u,0,1,1,0.4922,13.916666667,4,1
4281925,4684c98a-ae7a-40d9-ba26-39f368c5c2b0,2025-11-17,7,Annual,App,Apple,,55-64,female,United States of America,"Canada, Great Britain & United States",North America,,"[
  ""Medium""
]",3,Intermediate,lose weight and tone,,,2,iOS,Apple,Apple,"Iphone13,1",7,0,0,0,0,6,1
4280759,f6e8c97d-08f5-4840-89d3-0539103256af,2025-11-16,7,Annual,Web,App to Web,,35-44,female,United States of America,"Canada, Great Britain & United States",North America,,"[
  ""Low""
]",2,Beginner,Start my fitness journey,,"[
  ""Afro Rhythms"",
  ""Bachata"",
  ""Brazilian Rhythms"",
  ""Caribbean Rhythms"",
  ""Cumbia"",
  ""Disco"",
  ""Hip Hop"",
  ""House"",
  ""Merengue"",
  ""Pop"",
  ""Reggaeton"",
  ""Salsa"",
  ""Techno"",
  ""World Rhythms""
]",2,iOS,Apple,Apple,"Iphone14,7",7,0,0,0,0,7,1
4298631,5fafe832-f7ce-42ed-864d-0219a55b066e,2025-11-20,0,Monthly,App,Google,,45-54,female,United States of America,"Canada, Great Britain & United States",North America,,"[
  ""Medium""
]",,Beginner,Start my fitness journey,,"[
  ""Hip Hop"",
  ""Pop""
]",3.13.1,Android,Samsung,Samsung,Sm-S918u,0,0,0,0,0,3,1
4193346,69a428b4-7800-4b31-ac82-0a1f32a00119,2025-11-17,7,Annual,App,Apple,,45-54,female,United States of America,"Canada, Great Britain & United States",North America,,"[
  ""Medium""
]",4,Beginner,Start my fitness journey,,"[
  ""Bachata"",
  ""Cumbia"",
  ""Merengue"",
  ""Salsa""
]",2,iOS,Apple,Apple,"Iphone16,2",59,0,0,0,0,1,1
4248082,a4e666a1-3941-4cfc-9157-418800326c51,2025-11-21,0,Monthly,App,Apple,,,,United States of America,"Canada, Great Britain & United States",North America,,"[
  ""High""
]",5,,,,,2,iOS,Apple,Apple,"Ipad12,1",32,2,1,1,18.338888889,2,1
4302422,c12b9ebe-9a1d-4833-b3d1-e0ee529293a1,2025-11-22,0,Monthly,Web,Stripe,,,,United States of America,"Canada, Great Britain & United States",North America,,"[
  ""Low"",
  ""Medium""
]",4,Beginner,lose weight and tone,,"[
  ""Hip Hop"",
  ""Pop""
]",6,iOS,Apple,Apple,"Iphone18,3",0,0,0,0,0,1,1
4207971,e62cdeb5-2868-4b0a-a121-a7604073f91e,2025-11-08,7,Monthly,App,Apple,,35-44,female,United States of America,"Canada, Great Britain & United States",North America,,"[
  ""Medium"",
  ""Low""
]",3,Beginner,lose weight and tone,,"[
  ""Afro Rhythms"",
  ""Bachata"",
  ""Brazilian Rhythms"",
  ""Caribbean Rhythms"",
  ""Cumbia"",
  ""Merengue"",
  ""Pop"",
  ""Salsa""
]",2,iOS,Apple,Apple,"Iphone14,3",42,2,1,0.9942,31.433333333,15,1
4292699,7e0ef682-7fa4-4adc-a484-391ad7e5df92,2025-11-16,0,Monthly,Web,App to Web,,35-44,female,United States of America,"Canada, Great Britain & United States",North America,,"[
  ""High"",
  ""Medium""
]",4,Beginner,reduce stress,,,2,iOS,Apple,Apple,"Iphone17,1",0,7,6,0.9951666667,14.444871795,7,1
4273370,062d3bd5-2e49-4b9a-aa02-4d31f0e64a18,2025-11-12,7,Annual,Web,Stripe,Strand,45-54,female,United States of America,"Canada, Great Britain & United States",North America,,"[
  ""Medium""
]",2,Intermediate,Have some fun,,"[
  ""Afro Rhythms"",
  ""Caribbean Rhythms"",
  ""Hip Hop"",
  ""Pop"",
  ""Reggaeton"",
  ""Salsa""
]",2,iOS,Apple,Apple,"Iphone17,1",7,4,4,0.9939,23.904166667,11,1
4114044,e3b02f83-2dc1-4f0b-a749-9d4b55c956c8,2025-11-09,0,Monthly,App,Google,,,,Bosnia and Herzegovina,Rest of the World,Europe,,"[
  ""Medium"",
  ""High"",
  ""Low""
]",5,Intermediate,,,"[
  ""Chill Out"",
  ""Disco"",
  ""Electronic"",
  ""Hip Hop"",
  ""House"",
  ""Pop"",
  ""Salsa"",
  ""Techno"",
  ""World Rhythms""
]",3.13.1,Android,Xiaomi,Redmi,23117ra68g,96,2,0,0,49.966666667,14,1
4260246,40a6db2e-e98b-477b-acad-a22fa8ba4fca,2025-11-12,0,Annual,Web,App to Web,,35-44,female,United States of America,"Canada, Great Britain & United States",North America,,"[
  ""Low""
]",4,Beginner,Start my fitness journey,,"[
  ""Bachata"",
  ""Caribbean Rhythms"",
  ""Hip Hop"",
  ""House"",
  ""Pop"",
  ""Reggaeton"",
  ""Salsa""
]",2,iOS,Apple,Apple,"Iphone18,2",15,14,11,0.7345727273,24.468666667,11,1
4287283,58632a31-c1df-4cf3-aae0-999550b71dea,2025-11-13,0,Monthly,Web,Stripe,,45-54,female,United States of America,"Canada, Great Britain & United States",North America,,"[
  ""Medium""
]",3,Beginner,lose weight and tone,,"[
  ""Cumbia"",
  ""Disco"",
  ""Hip Hop"",
  ""Pop""
]",2,iOS,Apple,Apple,"Iphone18,2",0,0,0,0,0,10,1
4263356,90b0b9bc-9df6-4e04-942f-cf1399c2f925,2025-11-08,7,Annual,App,Google,,45-54,female,United Kingdom,"Canada, Great Britain & United States",Europe,,"[
  ""Medium""
]",2,Intermediate,reduce stress,,"[
  ""Afro Rhythms"",
  ""Bachata"",
  ""Brazilian Rhythms"",
  ""Caribbean Rhythms"",
  ""Cumbia"",
  ""Disco"",
  ""Hip Hop"",
  ""House"",
  ""Merengue"",
  ""Reggaeton"",
  ""Salsa"",
  ""World Rhythms""
]",3.13.1,Android,Samsung,Samsung,Sm-A356b,7,2,2,0.99975,34.283333333,15,1
4278936,5bde6eae-1950-4295-a8d7-7a9b189cc333,2025-11-16,7,Annual,Web,App to Web,,35-44,female,United States of America,"Canada, Great Britain & United States",North America,,"[
  ""Medium""
]",3,Beginner,lose weight and tone,,"[
  ""Cumbia"",
  ""Disco"",
  ""Pop"",
  ""Salsa""
]",2,iOS,Apple,Apple,"Iphone15,4",8,0,1,1,10.2,7,1
4300064,b39df405-7bc9-492c-921a-7572eb978307,2025-11-20,0,Monthly,Web,App to Web,,,,United States of America,"Canada, Great Britain & United States",North America,,,,,,,,6,iOS,Apple,Apple,"Iphone17,1",0,0,0,0,0,3,1
4150416,f4596092-5ab2-48f0-97ff-54e3390df15b,2025-11-17,0,Monthly,Web,Stripe,,35-44,female,United States of America,"Canada, Great Britain & United States",North America,,"[
  ""Medium""
]",3,Beginner,lose weight and tone,,"[
  ""Hip Hop""
]",3.14.0,Android,Samsung,Samsung,Sm-S911u,0,5,4,0.940225,27.946296296,6,1
4279839,8928f796-8e11-461b-b52a-8bb84f8a9e72,2025-11-16,1,Monthly,App,Apple,,45-54,female,United States of America,"Canada, Great Britain & United States",North America,,"[
  ""Medium""
]",3,Intermediate,,,,2,iOS,Apple,Apple,"Iphone15,4",8,1,0,0,30,7,1
4289797,a5a06924-39ae-4c06-bfc6-0c2532f053d8,2025-11-22,7,Annual,App,Apple,,25-34,female,United States of America,"Canada, Great Britain & United States",North America,,"[
  ""Medium""
]",5,Beginner,lose weight and tone,,"[
  ""Cumbia"",
  ""Electronic"",
  ""Hip Hop"",
  ""House"",
  ""Pop"",
  ""Reggaeton"",
  ""Salsa"",
  ""Techno"",
  ""World Rhythms""
]",2,iOS,Apple,Apple,"Iphone15,4",7,0,0,0,0,1,1
4270220,cf09b92d-190b-421d-8846-df028c33fbb1,2025-11-10,7,Annual,Web,App to Web,,25-34,female,United States of America,"Canada, Great Britain & United States",North America,,"[
  ""Medium"",
  ""High""
]",3,Advanced,lose weight and tone,,"[
  ""Afro Rhythms"",
  ""Brazilian Rhythms"",
  ""Caribbean Rhythms"",
  ""Hip Hop"",
  ""House"",
  ""Pop"",
  ""Reggaeton""
]",2,iOS,Apple,Apple,"Iphone17,1",7,0,0,0,0,1,1
2149271,3fa783a6-db35-4790-8266-592e18d41093,2025-11-23,0,Monthly,Web,Stripe,,55-64,female,Japan,Rest of the World,APAC (excl. India),,"[
  ""Medium""
]",3,Advanced,Start my fitness journey,,"[
  ""Afro Rhythms"",
  ""Bachata"",
  ""Caribbean Rhythms"",
  ""Cumbia"",
  ""Disco"",
  ""Hip Hop"",
  ""Merengue"",
  ""Pop"",
  ""Salsa""
]",1.9.40,Android,Sharp,Docomo,Sh-51c,,0,0,0,0,0,1
4290270,218fff58-3563-4522-b69d-e408a3279728,2025-11-23,7,Annual,Web,Stripe,,35-44,female,Germany,Rest of the World,Europe,,"[
  ""High""
]",3,Advanced,lose weight and tone,,"[
  ""Afro Rhythms"",
  ""Bachata"",
  ""Brazilian Rhythms"",
  ""Caribbean Rhythms"",
  ""Chill Out"",
  ""Cumbia"",
  ""Disco"",
  ""Electronic"",
  ""Hip Hop"",
  ""House"",
  ""Merengue"",
  ""Pop"",
  ""Reggaeton"",
  ""Salsa"",
  ""World Rhythms""
]",2,iOS,Apple,Apple,"Iphone16,1",7,0,0,0,0,0,1
4302030,783126af-9561-4257-b111-b0f2c627bc30,2025-11-22,0,Monthly,Web,Stripe,,,,United States of America,"Canada, Great Britain & United States",North America,,,3,,,,,6,iOS,Apple,Apple,"Iphone17,2",0,0,0,0,0,1,1
4291953,a586ef66-3880-46f9-9034-6386eba2c055,2025-11-23,7,Annual,App,Apple,,35-44,female,United States of America,"Canada, Great Britain & United States",North America,,"[
  ""High""
]",2,,Have some fun,,"[
  ""Afro Rhythms"",
  ""Bachata"",
  ""Brazilian Rhythms"",
  ""Cumbia"",
  ""Disco"",
  ""Hip Hop"",
  ""House"",
  ""Merengue"",
  ""Pop"",
  ""Salsa"",
  ""Techno""
]",2,iOS,Apple,Apple,"Ipad6,3",7,0,0,0,0,0,1
4301713,f2cac978-2936-4b80-8a48-9aac7e036ddd,2025-11-22,0,Monthly,Web,Stripe,,45-54,female,Sweden,Rest of the World,Europe,,"[
  ""Medium""
]",2,Intermediate,Start my fitness journey,,"[
  ""Afro Rhythms"",
  ""Bachata"",
  ""Brazilian Rhythms"",
  ""Cumbia"",
  ""House"",
  ""Merengue"",
  ""Reggaeton"",
  ""Salsa"",
  ""Techno""
]",3.14.0,Android,Samsung,Samsung,Sm-A715f,0,3,2,0.3324,19.676666667,1,1
4193603,98bda495-26af-417e-9c6d-98880b27e6f9,2025-11-23,7,Annual,App,Google,,35-44,female,Netherlands,Rest of the World,Europe,,"[
  ""Low""
]",1,Beginner,lose weight and tone,,"[
  ""Afro Rhythms"",
  ""Bachata"",
  ""Brazilian Rhythms"",
  ""Caribbean Rhythms"",
  ""Chill Out"",
  ""Cumbia"",
  ""Disco"",
  ""Electronic"",
  ""Hip Hop"",
  ""House"",
  ""Merengue"",
  ""Pop"",
  ""Reggaeton"",
  ""Salsa"",
  ""Techno"",
  ""World Rhythms""
]",3.14.0,Android,Samsung,Samsung,Sm-A556b,65,1,0,0,32.116666667,0,1
4290181,87595606-985d-432c-95b5-aba31c799ad0,2025-11-22,7,Annual,Web,App to Web,,35-44,female,United States of America,"Canada, Great Britain & United States",North America,,"[
  ""Medium""
]",3,Beginner,lose weight and tone,,"[
  ""Afro Rhythms"",
  ""Cumbia"",
  ""Disco"",
  ""Electronic"",
  ""Hip Hop"",
  ""House"",
  ""Pop"",
  ""World Rhythms""
]",6,iOS,Apple,Apple,"Iphone14,7",7,0,0,0,0,1,1
1373644,156505d5-5abd-47ec-8f79-47a221e18544,2025-11-23,7,Annual,Web,Stripe,,45-54,female,United States of America,"Canada, Great Britain & United States",North America,,"[
  ""Medium""
]",4,Advanced,lose weight and tone,,"[
  ""Afro Rhythms"",
  ""Bachata"",
  ""Brazilian Rhythms"",
  ""Chill Out"",
  ""Cumbia"",
  ""Disco"",
  ""Hip Hop"",
  ""House"",
  ""Merengue"",
  ""Pop"",
  ""Reggaeton"",
  ""Salsa"",
  ""World Rhythms""
]",,iOS,,,,,0,0,0,0,0,1
4291526,887fcb83-3f01-4ffd-99c0-a31f8d0a6739,2025-11-23,7,Annual,Web,Stripe,,25-34,female,Italy,Rest of the World,Europe,,"[
  ""High""
]",3,Intermediate,lose weight and tone,,"[
  ""Bachata"",
  ""Caribbean Rhythms"",
  ""Disco"",
  ""Hip Hop"",
  ""Pop"",
  ""Salsa"",
  ""Techno"",
  ""World Rhythms""
]",3.14.0,Android,Samsung,Samsung,Sm-A526b,7,0,0,0,0,0,1
4291835,d50c5fc0-bdd8-4e22-a691-1658e2a7af77,2025-11-23,7,Annual,Web,Stripe,,55-64,female,United Kingdom,"Canada, Great Britain & United States",Europe,,"[
  ""High""
]",3,Beginner,Have some fun,,"[
  ""Brazilian Rhythms"",
  ""Disco"",
  ""Pop"",
  ""World Rhythms""
]",6,iOS,Apple,Apple,"Iphone14,2",7,0,0,0,0,0,1
4303567,397a3712-e010-447f-99fe-5fface3565d7,2025-11-23,0,Monthly,Web,App to Web,,35-44,female,United States of America,"Canada, Great Britain & United States",North America,,"[
  ""High""
]",3,Advanced,lose weight and tone,,"[
  ""Afro Rhythms"",
  ""Brazilian Rhythms"",
  ""Caribbean Rhythms"",
  ""Chill Out"",
  ""Cumbia"",
  ""Disco"",
  ""House"",
  ""Merengue"",
  ""Pop"",
  ""Reggaeton"",
  ""Salsa"",
  ""World Rhythms""
]",6,iOS,Apple,Apple,"Iphone14,3",0,4,0,0,30,0,1
4302855,e7726bfd-a8fd-4db0-913b-f4a2f316124f,2025-11-22,0,Monthly,Web,App to Web,,55-64,female,United States of America,"Canada, Great Britain & United States",North America,,"[
  ""Medium""
]",5,Intermediate,lose weight and tone,,"[
  ""Afro Rhythms"",
  ""Hip Hop"",
  ""Reggaeton""
]",6,iOS,Apple,Apple,"Iphone15,3",0,0,0,0,0,1,1
4291558,32b01835-7c5c-4115-918a-befcc1879a07,2025-11-23,7,Annual,Web,Stripe,,35-44,female,Romania,Rest of the World,Europe,,"[
  ""Medium""
]",3,Beginner,reduce stress,,"[
  ""Afro Rhythms"",
  ""Bachata"",
  ""Brazilian Rhythms"",
  ""Caribbean Rhythms"",
  ""Disco"",
  ""Merengue"",
  ""Pop"",
  ""Reggaeton"",
  ""Salsa"",
  ""World Rhythms""
]",2,iOS,Apple,Apple,"Iphone16,1",7,0,0,0,0,0,1
4290396,36a141d2-0035-4b1d-92f5-3cffa717f6ea,2025-11-23,7,Annual,Web,App to Web,,65+,female,United States of America,"Canada, Great Britain & United States",North America,,"[
  ""Medium""
]",3,Intermediate,lose weight and tone,,"[
  ""Bachata"",
  ""Caribbean Rhythms"",
  ""Merengue"",
  ""Reggaeton""
]",2,iOS,Apple,Apple,"Iphone15,4",8,0,0,0,0,0,1
4300718,3908fac1-bb20-49aa-97cf-8b3fa5fee3af,2025-11-22,0,Annual,App,Google,,25-34,female,India,Rest of the World,India,,"[
  ""Medium""
]",,,Start my fitness journey,,"[
  ""Bachata"",
  ""Chill Out"",
  ""Hip Hop""
]",3.14.0,Android,Oneplus,Oneplus,Cph2717,1,2,0,0,13.916666667,1,1
4289860,85a052ab-6e82-405e-b405-39b9b1fe17bc,2025-11-22,7,Annual,Web,Stripe,,35-44,female,United States of America,"Canada, Great Britain & United States",North America,,"[
  ""Medium""
]",3,Advanced,Start my fitness journey,,"[
  ""Bachata"",
  ""Caribbean Rhythms"",
  ""Cumbia"",
  ""Hip Hop"",
  ""Pop"",
  ""Reggaeton"",
  ""Salsa""
]",,iOS,,,,,1,2,0.92305,30.805555556,1,1
3200090,0f48c024-15c3-4368-93d0-0bfcf73f6280,2025-11-19,7,Annual,Web,Stripe,,65+,male,Spain,Rest of the World,Europe,,"[
  ""Low"",
  ""Medium""
]",4,Beginner,lose weight and tone,,"[
  ""Bachata"",
  ""Cumbia"",
  ""Salsa""
]",3.14.0,Android,Samsung,Samsung,Sm-A546b,474,0,0,0,0,4,1
4215870,2368b07f-ced4-4ec9-b89c-5fa4f7a87870,2025-11-16,0,Annual,Web,Stripe,,35-44,female,United Kingdom,"Canada, Great Britain & United States",Europe,,"[
  ""High""
]",,Intermediate,lose weight and tone,,"[
  ""Bachata"",
  ""Brazilian Rhythms"",
  ""Caribbean Rhythms"",
  ""Cumbia"",
  ""Disco"",
  ""Hip Hop"",
  ""Merengue"",
  ""Reggaeton"",
  ""Salsa""
]",3.14.0,Android,Google,Google,Pixel 8,45,0,0,0,0,7,1
3315247,188e55dc-76eb-489d-985c-cf2eab04ab17,2025-11-19,0,Monthly,App,Apple,,,,United States of America,"Canada, Great Britain & United States",North America,,"[
  ""Medium"",
  ""High""
]",5,Intermediate,lose weight and tone,,"[
  ""Bachata"",
  ""Belly Dance"",
  ""Cumbia"",
  ""Hip Hop"",
  ""Merengue"",
  ""Pop"",
  ""Reggaeton"",
  ""Salsa""
]",2,iOS,Apple,Apple,"Iphone12,3",414,2,1,0.3928,46,4,1
4278265,eb633e78-a664-48b1-b92d-68e0b09f7ba4,2025-11-08,0,Monthly,Web,Stripe,,65+,female,United States of America,"Canada, Great Britain & United States",North America,,"[
  ""Low""
]",3,Beginner,reduce stress,,"[
  ""Caribbean Rhythms"",
  ""Disco"",
  ""Pop""
]",2,iOS,Apple,Apple,"Iphone14,5",0,1,0,0,13.916666667,15,1
4195793,b78e9703-a0ef-428c-a6b5-731bda11532a,2025-11-18,7,Annual,Web,Stripe,,35-44,female,United States of America,"Canada, Great Britain & United States",North America,,"[
  ""Medium""
]",3,Intermediate,lose weight and tone,,"[
  ""Chill Out"",
  ""Hip Hop"",
  ""Pop"",
  ""Salsa"",
  ""Techno""
]",2,iOS,Apple,Apple,"Iphone15,2",7,2,2,0.99975,30.525,5,1
4286197,4212307b-67e8-4e4f-a9c2-7bc49718a643,2025-11-19,7,Annual,Web,Stripe,,45-54,female,United States of America,"Canada, Great Britain & United States",North America,,"[
  ""Medium""
]",3,Intermediate,reduce stress,,"[
  ""Chill Out"",
  ""Disco"",
  ""Hip Hop"",
  ""Pop""
]",3.13.1,Android,Samsung,Samsung,Sm-A366e,7,0,0,0,0,4,1
4261065,449053b4-edb2-46f1-a572-5ef944013619,2025-11-16,7,Annual,App,Apple,,25-34,female,Germany,Rest of the World,Europe,,"[
  ""High""
]",,Advanced,lose weight and tone,,"[
  ""Afro Rhythms"",
  ""Bachata"",
  ""Brazilian Rhythms"",
  ""Caribbean Rhythms"",
  ""Chill Out"",
  ""Cumbia"",
  ""Disco"",
  ""Hip Hop"",
  ""Merengue"",
  ""Pop"",
  ""Reggaeton"",
  ""Salsa"",
  ""World Rhythms""
]",2,iOS,Apple,Apple,"Iphone14,5",17,3,2,0.99785,40.926666667,7,1
4279898,228826e5-edf2-4989-b6e8-cb1373d71ef9,2025-11-09,0,Monthly,App,App to Web,,45-54,female,United States of America,"Canada, Great Britain & United States",North America,,"[
  ""Low""
]",2,Beginner,Start my fitness journey,,,2,iOS,Apple,Apple,"Iphone17,1",0,0,0,0,0,14,1
4179258,c0619f36-7d3c-4054-b210-9a99693eeba8,2025-11-16,7,Annual,App,Google,,45-54,female,United States of America,"Canada, Great Britain & United States",North America,,"[
  ""Medium""
]",5,Beginner,lose weight and tone,,"[
  ""Caribbean Rhythms"",
  ""Disco"",
  ""Hip Hop"",
  ""House"",
  ""Merengue"",
  ""Pop"",
  ""Reggaeton"",
  ""Salsa"",
  ""Techno""
]",3.14.0,Android,Samsung,Samsung,Sm-S936u,66,0,0,0,0,7,1
4216193,b90fc1e3-2e66-43d3-95b4-2e6949440b1c,2025-11-10,0,Monthly,App,Google,,35-44,female,Albania,Rest of the World,Europe,,"[
  ""High""
]",5,Intermediate,lose weight and tone,,"[
  ""Afro Rhythms"",
  ""Bachata"",
  ""Brazilian Rhythms"",
  ""Caribbean Rhythms"",
  ""Chill Out"",
  ""Cumbia"",
  ""Electronic"",
  ""Hip Hop"",
  ""House"",
  ""Merengue"",
  ""Pop"",
  ""Reggaeton"",
  ""Salsa"",
  ""Techno"",
  ""World Rhythms""
]",3.14.0,Android,Samsung,Samsung,Sm-S938b,40,10,9,0.6443,26.178070175,13,1
4256427,1bb907d7-39b9-4069-8ef2-be6084389bf4,2025-11-16,0,Monthly,Web,Stripe,,55-64,female,United States of America,"Canada, Great Britain & United States",North America,,"[
  ""Low"",
  ""Medium"",
  ""High""
]",3,Intermediate,lose weight and tone,,"[
  ""Caribbean Rhythms"",
  ""Cumbia"",
  ""Disco"",
  ""House"",
  ""Merengue"",
  ""Salsa""
]",3.13.1,Android,Samsung,Samsung,Sm-S921u,0,1,1,0.9973,30.466666667,7,1
4275798,fd72fd80-3989-42f7-89ed-439449ba0dd4,2025-11-14,7,Annual,App,Google,,25-34,female,United States of America,"Canada, Great Britain & United States",North America,,,,,Have some fun,,,3.14.0,Android,Samsung,Samsung,Sm-S928u1,7,0,0,0,0,9,1
4285965,aeac416d-02b7-45e6-ac95-6e946d7bd6ca,2025-11-12,0,Monthly,App,Apple,,35-44,female,Canada,"Canada, Great Britain & United States",North America,,"[
  ""Medium""
]",3,Intermediate,lose weight and tone,,"[
  ""Bachata"",
  ""Caribbean Rhythms"",
  ""Cumbia"",
  ""Hip Hop"",
  ""Merengue"",
  ""Pop"",
  ""Reggaeton"",
  ""Salsa""
]",2,iOS,Apple,Apple,"Iphone14,2",0,8,0,0,27.975,11,1
4145290,cebd6295-f040-4c35-ba43-5576a12cbfd0,2025-11-08,0,Monthly,Web,Stripe,,55-64,female,United States of America,"Canada, Great Britain & United States",North America,,"[
  ""Low""
]",3,Beginner,lose weight and tone,,"[
  ""Cumbia"",
  ""Merengue"",
  ""Pop"",
  ""Salsa""
]",2,iOS,Apple,Apple,"Iphone14,8",0,1,1,0.1379,47.983333333,15,1
4202060,40c46644-87ee-49a7-9af1-ba07978e284e,2025-11-16,7,Annual,App,Google,,35-44,female,United States of America,"Canada, Great Britain & United States",North America,,"[
  ""Low""
]",3,Beginner,reduce stress,,"[
  ""Hip Hop"",
  ""House"",
  ""Merengue"",
  ""Pop"",
  ""Salsa"",
  ""World Rhythms""
]",3.13.1,Android,Google,Google,Pixel 9 Pro,7,0,0,0,0,7,1
4283189,4d32c5df-ddf2-471f-9b50-4cd9f6c0e697,2025-11-18,7,Annual,Web,Stripe,,25-34,female,United States of America,"Canada, Great Britain & United States",North America,,"[
  ""High""
]",3,Advanced,Have some fun,,"[
  ""Disco"",
  ""Hip Hop"",
  ""House"",
  ""Merengue"",
  ""Pop"",
  ""Salsa"",
  ""World Rhythms""
]",2,iOS,Apple,Apple,"Iphone16,1",7,0,0,0,0,5,1
4280041,792c3e66-643e-43c8-ac0d-9e8f42690e4d,2025-11-16,7,Annual,Web,Stripe,Xtend,,,Canada,"Canada, Great Britain & United States",North America,,,,,,,,,iOS,,,,,0,0,0,0,7,1
3967826,d0040a3f-c8d2-4241-bbe7-8916e8b2cb2e,2025-11-13,0,Annual,Web,Stripe,,,,United States of America,"Canada, Great Britain & United States",North America,,"[
  ""Medium""
]",,Beginner,reduce stress,,"[
  ""Alternative"",
  ""Country"",
  ""Hip Hop"",
  ""Pop"",
  ""R&B"",
  ""Reggae"",
  ""Rock""
]",3.14.0,Android,Samsung,Samsung,Sm-S921u,170,6,4,0.49665,30.33,10,1
4285175,cea53c01-e952-49d1-81b0-932b8cfb6dac,2025-11-19,7,Annual,Web,Stripe,,25-34,female,Germany,Rest of the World,Europe,,"[
  ""High""
]",3,Intermediate,lose weight and tone,,"[
  ""Brazilian Rhythms"",
  ""Caribbean Rhythms"",
  ""Merengue"",
  ""Pop"",
  ""Reggaeton"",
  ""Salsa"",
  ""Techno""
]",6,iOS,Apple,Apple,"Iphone12,1",7,0,0,0,0,4,1
4286741,023cbd66-a6f9-4261-94ae-7a1141d60eed,2025-11-20,7,Annual,Web,Stripe,,35-44,female,United States of America,"Canada, Great Britain & United States",North America,,"[
  ""Medium""
]",2,Beginner,reduce stress,,"[
  ""Afro Rhythms"",
  ""Bachata"",
  ""Brazilian Rhythms"",
  ""Caribbean Rhythms"",
  ""Chill Out"",
  ""Disco"",
  ""Hip Hop"",
  ""House"",
  ""Merengue"",
  ""Pop"",
  ""Salsa"",
  ""World Rhythms""
]",3.13.1,Android,Samsung,Samsung,Sm-S921u1,7,2,2,0.49975,15.958333333,3,1
4192237,7d0251ac-35c2-4df3-8952-baa140a0ee48,2025-11-19,7,Annual,Web,Stripe,,35-44,female,United States of America,"Canada, Great Britain & United States",North America,,"[
  ""Medium""
]",4,Beginner,lose weight and tone,,"[
  ""Afro Rhythms"",
  ""Bachata"",
  ""Brazilian Rhythms"",
  ""Caribbean Rhythms"",
  ""Chill Out"",
  ""Cumbia"",
  ""Disco"",
  ""Electronic"",
  ""Hip Hop"",
  ""House"",
  ""Merengue"",
  ""Pop"",
  ""Reggaeton"",
  ""Salsa"",
  ""Techno"",
  ""World Rhythms""
]",2,iOS,Apple,Apple,"Iphone17,2",7,0,0,0,0,4,1
4302186,e22b5549-81c5-459a-a1c7-0a79de297fd7,2025-11-22,0,Monthly,App,Google,,35-44,female,United States of America,"Canada, Great Britain & United States",North America,,"[
  ""Medium""
]",,Beginner,lose weight and tone,,,3.14.0,Android,Google,Google,Pixel 10,0,0,0,0,0,1,1
4288698,d3c5ddba-222d-4839-b753-0fb08fe387bd,2025-11-21,7,Annual,Web,App to Web,,35-44,female,United States of America,"Canada, Great Britain & United States",North America,,"[
  ""Medium""
]",4,Beginner,lose weight and tone,,"[
  ""Afro Rhythms"",
  ""Bachata"",
  ""Brazilian Rhythms"",
  ""Caribbean Rhythms"",
  ""Cumbia"",
  ""Hip Hop"",
  ""Merengue"",
  ""Pop"",
  ""Reggaeton"",
  ""Salsa""
]",2,iOS,Apple,Apple,"Iphone17,1",7,0,0,0,0,2,1
3507905,0c713b0a-16c5-43fc-9d92-46e5ba6e1fc6,2025-11-20,7,Monthly,App,Apple,,,,Slovakia,Rest of the World,Europe,,"[
  ""Medium""
]",3,Intermediate,Start my fitness journey,,"[
  ""Afrobeats"",
  ""Belly Dance"",
  ""Bollywood"",
  ""Cumbia"",
  ""Hip Hop"",
  ""Merengue"",
  ""Reggaeton"",
  ""Salsa"",
  ""Soca""
]",6,iOS,Apple,Apple,"Iphone14,2",332,2,2,0.96925,40.7,3,1
4302248,de746deb-e481-4e28-b613-76670d4611d7,2025-11-22,0,Monthly,Web,Stripe,,25-34,female,United Kingdom,"Canada, Great Britain & United States",Europe,,"[
  ""Medium""
]",5,Intermediate,lose weight and tone,,"[
  ""Afro Rhythms"",
  ""Brazilian Rhythms"",
  ""Caribbean Rhythms"",
  ""Disco"",
  ""Merengue"",
  ""World Rhythms""
]",6,iOS,Apple,Apple,"Iphone13,2",0,2,2,0.5,17.5,1,1
4275916,1783ebf7-6c03-4e34-bd5e-87c1b01ec06b,2025-11-13,7,Annual,Web,Stripe,,25-34,female,United States of America,"Canada, Great Britain & United States",North America,,"[
  ""Medium""
]",3,Intermediate,Have some fun,,"[
  ""Bachata"",
  ""Hip Hop"",
  ""Pop"",
  ""Reggaeton"",
  ""Salsa""
]",2,iOS,Apple,Apple,"Iphone15,2",7,0,0,0,0,10,1
4266824,49505b03-e566-4c6a-b608-446de56c66cd,2025-11-08,7,Annual,Web,App to Web,,55-64,female,United States of America,"Canada, Great Britain & United States",North America,,"[
  ""Low"",
  ""Medium""
]",3,Intermediate,lose weight and tone,,"[
  ""Disco"",
  ""Pop""
]",2,iOS,Apple,Apple,"Iphone13,4",42,0,0,0,0,15,1
4284265,aeb292f1-6212-4f0b-b109-f1c62db7be1f,2025-11-11,0,Monthly,Web,Stripe,,25-34,female,United States of America,"Canada, Great Britain & United States",North America,,"[
  ""High""
]",4,Advanced,lose weight and tone,,"[
  ""Afro Rhythms"",
  ""Brazilian Rhythms"",
  ""Caribbean Rhythms"",
  ""Disco"",
  ""Electronic"",
  ""Hip Hop"",
  ""House"",
  ""Reggaeton"",
  ""Techno"",
  ""World Rhythms""
]",2,iOS,Apple,Apple,"Macbookair10,1",0,0,0,0,0,12,1
4282846,175183cc-df16-488d-aae6-5401086036cb,2025-11-11,0,Monthly,App,Apple,,25-34,female,Brazil,Rest of the World,LATAM,,"[
  ""Medium""
]",4,Intermediate,lose weight and tone,,"[
  ""Bachata"",
  ""Caribbean Rhythms"",
  ""Electronic"",
  ""Merengue"",
  ""Pop"",
  ""Reggaeton"",
  ""Salsa"",
  ""Techno""
]",2,iOS,Apple,Apple,"Iphone13,3",0,8,3,0,17.183333333,12,1
4278384,7627c8e8-bf90-4068-b59a-c43b21758a18,2025-11-08,0,Monthly,Web,Stripe,,35-44,female,Ireland,Rest of the World,Europe,,"[
  ""High""
]",3,Advanced,lose weight and tone,,"[
  ""Brazilian Rhythms"",
  ""Disco"",
  ""Pop"",
  ""Salsa""
]",2,iOS,Apple,Apple,"Iphone15,4",0,30,4,0.99125,19.073529412,15,1
4257892,5101bc7a-aeea-40ca-b7c7-ca9f46a3ddbe,2025-11-18,7,Annual,Web,App to Web,,45-54,female,United States of America,"Canada, Great Britain & United States",North America,,"[
  ""Low""
]",3,Beginner,Have some fun,,"[
  ""Caribbean Rhythms"",
  ""Electronic"",
  ""House"",
  ""Pop"",
  ""Salsa"",
  ""Techno""
]",2,iOS,Apple,Apple,"Iphone15,4",7,3,3,0.4839,33.95,5,1
4282280,f11be729-263c-42a0-a65a-2f10b36b7303,2025-11-17,7,Annual,Web,App to Web,,35-44,female,United States of America,"Canada, Great Britain & United States",North America,,"[
  ""Low""
]",3,Beginner,lose weight and tone,,,2,iOS,Apple,Apple,"Iphone15,5",7,0,0,0,0,6,1
3030058,76c23955-9015-48ec-900d-b0eebebfbafd,2025-11-16,0,Monthly,Web,Stripe,,55-64,female,United Kingdom,"Canada, Great Britain & United States",Europe,,"[
  ""Medium"",
  ""High""
]",4,Advanced,lose weight and tone,,"[
  ""Bachata"",
  ""Cumbia"",
  ""House"",
  ""Merengue"",
  ""Pop"",
  ""Reggaeton"",
  ""Salsa""
]",3.14.0,Android,Samsung,Samsung,Sm-A556b,540,18,5,0.88546,33.595652174,7,1
4278121,93f45838-40c9-434d-87ca-a224e8d3d501,2025-11-15,0,Monthly,App,Google,,45-54,female,South Africa,Rest of the World,ME-A,,"[
  ""Low""
]",,Beginner,reduce stress,,"[
  ""Brazilian Rhythms"",
  ""Caribbean Rhythms"",
  ""Chill Out"",
  ""Cumbia"",
  ""Disco"",
  ""Merengue"",
  ""Pop"",
  ""Reggaeton"",
  ""Salsa"",
  ""Techno"",
  ""World Rhythms""
]",3.13.1,Android,Samsung,Samsung,Sm-G9600,7,10,10,0.89977,13.02,8,1
1780079,e13971df-56cb-4c98-85c5-864823962351,2025-11-15,7,Annual,Web,App to Web,,25-34,female,United States of America,"Canada, Great Britain & United States",North America,,"[
  ""Medium""
]",3,Beginner,lose weight and tone,,"[
  ""Disco"",
  ""Electronic"",
  ""Hip Hop"",
  ""House"",
  ""Pop"",
  ""Techno""
]",2,iOS,Apple,Apple,"Iphone17,1",7,0,0,0,0,8,1
4286960,c6b6f287-f8c9-4f24-a77c-2af02a5b1b22,2025-11-13,0,Monthly,Web,App to Web,,25-34,female,United States of America,"Canada, Great Britain & United States",North America,,"[
  ""Low""
]",3,Beginner,Start my fitness journey,,"[
  ""Chill Out"",
  ""Electronic"",
  ""Hip Hop"",
  ""House"",
  ""Pop"",
  ""Reggaeton"",
  ""Techno""
]",2,iOS,Apple,Apple,"Iphone14,3",0,1,1,0.9952,13.916666667,10,1
4281164,622dc639-92b7-435c-8829-cee22cbf0d56,2025-11-17,7,Annual,App,Apple,,35-44,female,Germany,Rest of the World,Europe,,"[
  ""Medium""
]",3,Intermediate,lose weight and tone,,"[
  ""Bachata"",
  ""Brazilian Rhythms"",
  ""Cumbia"",
  ""Disco"",
  ""Electronic"",
  ""Merengue"",
  ""Pop"",
  ""Reggaeton"",
  ""Salsa""
]",2,iOS,Apple,Apple,"Iphone18,1",7,0,0,0,0,6,1
3981687,b84c6945-1c66-48df-8d8a-dd6974a9735b,2025-11-08,0,Monthly,App,Apple,,,,United States of America,"Canada, Great Britain & United States",North America,,"[
  ""Medium""
]",3,Beginner,lose weight and tone,,"[
  ""Hip Hop"",
  ""Pop"",
  ""R&B"",
  ""Techno""
]",6,iOS,Apple,Apple,"Iphone15,5",,1,1,0.9928,13.916666667,15,1
4295275,05389ed1-7a1e-4664-831e-0a4c646efe7c,2025-11-18,0,Monthly,Web,App to Web,,55-64,female,United States of America,"Canada, Great Britain & United States",North America,,"[
  ""Medium""
]",3,Intermediate,lose weight and tone,,"[
  ""Pop""
]",6,iOS,Apple,Apple,"Iphone14,3",0,1,1,1,31.033333333,5,1
4292148,745989a7-4bf8-4931-b7e9-3ca9aef2630a,2025-11-16,0,Monthly,Web,Stripe,,25-34,female,Italy,Rest of the World,Europe,,"[
  ""Medium""
]",3,Intermediate,lose weight and tone,,,3.14.0,Android,Samsung,Samsung,Sm-P613,0,6,6,0.7161833333,24.038888889,7,1
4282452,0525fbb1-3c4d-4465-abfc-5335964f2e2f,2025-11-10,0,Monthly,App,Apple,,35-44,female,Canada,"Canada, Great Britain & United States",North America,,"[
  ""Medium""
]",2,Beginner,lose weight and tone,,"[
  ""Hip Hop"",
  ""Pop""
]",2,iOS,Apple,Apple,"Iphone16,1",0,1,1,0.9988,13.916666667,13,1
4282831,59f8182e-9253-4d8a-bbf5-409bfc5f3ddf,2025-11-11,0,Monthly,Web,Stripe,,35-44,female,Spain,Rest of the World,Europe,,"[
  ""Medium""
]",3,Intermediate,lose weight and tone,,"[
  ""Afro Rhythms"",
  ""Brazilian Rhythms"",
  ""Caribbean Rhythms"",
  ""Hip Hop"",
  ""Merengue"",
  ""Reggaeton"",
  ""Salsa"",
  ""World Rhythms""
]",2,iOS,Apple,Apple,"Iphone14,7",0,0,0,0,0,12,1
4282430,4e0e189c-49b8-4338-803b-8e95b691ad1f,2025-11-17,7,Annual,Web,Stripe,,45-54,female,United States of America,"Canada, Great Britain & United States",North America,,"[
  ""Medium""
]",3,Intermediate,lose weight and tone,,"[
  ""Disco"",
  ""Hip Hop"",
  ""House"",
  ""Merengue"",
  ""Pop"",
  ""Salsa""
]",2,iOS,Apple,Apple,"Iphone17,2",7,0,0,0,0,6,1
4283807,96313760-956e-4def-aca5-8bae0937e505,2025-11-13,0,Annual,App,Google,,25-34,male,Brazil,Rest of the World,LATAM,,"[
  ""Low""
]",4,Beginner,lose weight and tone,,,3.13.1,Android,Samsung,Samsung,Sm-S908e,2,5,5,0.9011,43.49,10,1
4299364,22da5a55-c1dc-4460-9d35-200e187e9e34,2025-11-20,0,Monthly,Web,Stripe,,25-34,female,United States of America,"Canada, Great Britain & United States",North America,,"[
  ""High""
]",3,Intermediate,lose weight and tone,,"[
  ""Afro Rhythms"",
  ""Bachata"",
  ""Brazilian Rhythms"",
  ""Caribbean Rhythms"",
  ""Chill Out"",
  ""Cumbia"",
  ""Hip Hop"",
  ""Merengue"",
  ""Reggaeton"",
  ""Salsa""
]",6,iOS,Apple,Apple,"Iphone14,7",0,0,0,0,0,3,1
3091708,2d029265-ed12-49ac-a73f-5b5b0ea51f9a,2025-11-19,0,Monthly,App,Google,,,,United States of America,"Canada, Great Britain & United States",North America,,"[
  ""Medium""
]",3,Intermediate,lose weight and tone,,"[
  ""Afrobeats"",
  ""Alternative"",
  ""Bachata"",
  ""Belly Dance"",
  ""Bollywood"",
  ""Cumbia"",
  ""Disco"",
  ""Funk"",
  ""Hip Hop"",
  ""House"",
  ""K-Pop"",
  ""Merengue"",
  ""Pop"",
  ""R&B"",
  ""Reggae"",
  ""Reggaeton"",
  ""Rock"",
  ""Salsa""
]",3.13.1,Android,Samsung,Samsung,Sm-F721n,519,5,4,0.25,11.546296296,4,1
4114924,5276252b-e5ad-4623-aa76-99009e59ab6b,2025-11-16,0,Annual,Web,App to Web,,55-64,female,United States of America,"Canada, Great Britain & United States",North America,,"[
  ""Medium""
]",4,Beginner,lose weight and tone,,"[
  ""Alternative"",
  ""Broadway"",
  ""Caribbean Rhythms"",
  ""Country"",
  ""Disco"",
  ""Pop"",
  ""R&B"",
  ""Rock""
]",2,iOS,Apple,Apple,"Iphone17,1",103,0,0,0,0,7,1
4289096,9c336a67-4d58-44de-88c4-dbf2d3d19a26,2025-11-21,7,Annual,App,Apple,,45-54,female,Germany,Rest of the World,Europe,,"[
  ""High""
]",4,Advanced,lose weight and tone,,"[
  ""Bachata"",
  ""Caribbean Rhythms"",
  ""Cumbia"",
  ""Disco"",
  ""Merengue"",
  ""Pop"",
  ""Reggaeton"",
  ""Salsa""
]",2,iOS,Apple,Apple,"Iphone17,2",7,0,0,0,0,2,1
4303043,afb9ebb1-dd8d-4585-b25b-39460af3b640,2025-11-22,0,Monthly,Web,Stripe,,45-54,female,United States of America,"Canada, Great Britain & United States",North America,,"[
  ""Medium""
]",3,Beginner,Start my fitness journey,,"[
  ""Disco"",
  ""Pop"",
  ""Salsa"",
  ""Techno""
]",6,iOS,Apple,Apple,"Iphone15,3",0,0,0,0,0,1,1
4287213,9236942f-104d-4b75-84b8-3e852f4a6a35,2025-11-20,7,Annual,Web,Stripe,,45-54,female,United States of America,"Canada, Great Britain & United States",North America,,"[
  ""Medium""
]",3,Intermediate,lose weight and tone,,"[
  ""Disco"",
  ""Hip Hop"",
  ""Pop""
]",2,iOS,Apple,Apple,"Iphone12,5",7,0,0,0,0,3,1
4283434,5e76c874-1f57-4955-8016-4be7c2beccd6,2025-11-11,0,Monthly,Web,App to Web,,45-54,female,United States of America,"Canada, Great Britain & United States",North America,,"[
  ""Low""
]",3,Beginner,lose weight and tone,,"[
  ""Brazilian Rhythms"",
  ""Caribbean Rhythms"",
  ""Merengue"",
  ""Pop"",
  ""Reggaeton""
]",2,iOS,Apple,Apple,"Iphone18,1",0,0,0,0,0,12,1
4282566,6ba65d97-adf2-4df3-8621-50a8a003a0a7,2025-11-10,0,Monthly,Web,App to Web,,25-34,female,United States of America,"Canada, Great Britain & United States",North America,,"[
  ""Medium""
]",4,Beginner,lose weight and tone,,"[
  ""Chill Out"",
  ""Disco"",
  ""Electronic"",
  ""Hip Hop"",
  ""House"",
  ""Pop""
]",2,iOS,Apple,Apple,"Iphone16,1",0,0,0,0,0,13,1
4287488,c43c76e7-d2d7-4972-a0c8-aa80edaaa610,2025-11-20,7,Annual,Web,App to Web,,45-54,female,United States of America,"Canada, Great Britain & United States",North America,,"[
  ""Low""
]",3,Beginner,lose weight and tone,,"[
  ""Bachata"",
  ""Disco"",
  ""Electronic"",
  ""Hip Hop"",
  ""House"",
  ""Pop"",
  ""Reggaeton"",
  ""Techno""
]",2,iOS,Apple,Apple,"Iphone18,2",7,0,0,0,0,3,1
4278719,a406970f-0ac9-47e8-a8f1-63e407acc41b,2025-11-16,7,Annual,Web,App to Web,,45-54,female,United States of America,"Canada, Great Britain & United States",North America,,"[
  ""Medium""
]",3,Intermediate,lose weight and tone,,"[
  ""Bachata"",
  ""Brazilian Rhythms"",
  ""Disco"",
  ""Hip Hop"",
  ""Pop"",
  ""Reggaeton"",
  ""Salsa""
]",2,iOS,Apple,Apple,"Iphone14,7",8,0,0,0,0,7,1
4273865,18b36fae-b68b-4513-84e0-a763884f4171,2025-11-12,7,Monthly,Web,Stripe,Strand,55-64,female,United States of America,"Canada, Great Britain & United States",North America,,"[
  ""Low""
]",3,Beginner,lose weight and tone,,"[
  ""Brazilian Rhythms"",
  ""Caribbean Rhythms"",
  ""Cumbia"",
  ""Hip Hop"",
  ""House"",
  ""Pop"",
  ""Salsa"",
  ""Techno""
]",2,iOS,Apple,Apple,"Iphone17,2",7,0,0,0,0,11,1
4267539,8033519b-9417-44b3-80a4-482fd39beec3,2025-11-09,7,Annual,Web,App to Web,,35-44,female,United States of America,"Canada, Great Britain & United States",North America,,"[
  ""Medium""
]",2,Intermediate,lose weight and tone,,"[
  ""Afro Rhythms"",
  ""Brazilian Rhythms"",
  ""Caribbean Rhythms"",
  ""Cumbia"",
  ""Hip Hop"",
  ""Merengue"",
  ""Pop"",
  ""Reggaeton"",
  ""Salsa""
]",2,iOS,Apple,Apple,"Iphone14,2",7,0,0,0,0,14,1
4296019,0ce4f073-4c1d-4569-909a-0582f236d433,2025-11-18,0,Monthly,Web,Stripe,,45-54,female,United States of America,"Canada, Great Britain & United States",North America,,"[
  ""Low""
]",5,Beginner,reduce stress,,"[
  ""Caribbean Rhythms"",
  ""Chill Out"",
  ""Disco"",
  ""Electronic"",
  ""House"",
  ""Pop"",
  ""Salsa"",
  ""Techno""
]",3.13.1,Android,Samsung,Samsung,Sm-S926u,0,0,0,0,0,5,1
3681724,eb0e0e50-1b15-4163-8ae0-8f2fbad554a8,2025-11-13,7,Annual,Web,App to Web,,25-34,female,Lebanon,Rest of the World,ME-A,,,5,Advanced,,,,2,iOS,Apple,Apple,"Iphone14,3",12,0,0,0,0,10,1
4268946,0422d230-2c8f-4cd2-9c7d-ad750c570c64,2025-11-09,7,Annual,Web,App to Web,,35-44,female,United States of America,"Canada, Great Britain & United States",North America,,"[
  ""Medium"",
  ""Low""
]",3,Intermediate,lose weight and tone,,"[
  ""Afro Rhythms"",
  ""Bachata"",
  ""Caribbean Rhythms"",
  ""Disco"",
  ""Hip Hop"",
  ""Merengue"",
  ""Pop"",
  ""Reggaeton"",
  ""Salsa"",
  ""World Rhythms""
]",2,iOS,Apple,Apple,"Iphone15,3",7,0,0,0,0,14,1
4291880,d954a6e3-c945-40a7-a810-8f6641aed719,2025-11-16,0,Monthly,App,Apple,,55-64,female,United States of America,"Canada, Great Britain & United States",North America,,"[
  ""Medium""
]",4,Beginner,lose weight and tone,,"[
  ""Hip Hop"",
  ""Pop"",
  ""Salsa""
]",6,iOS,Apple,Apple,"Ipad14,10",0,4,3,0.7967333333,39.492857143,7,1
4282946,823f64db-2ecc-434c-8512-8a74dfbffc84,2025-11-18,7,Annual,Web,Stripe,,35-44,female,Germany,Rest of the World,Europe,,"[
  ""Medium""
]",3,Intermediate,lose weight and tone,,"[
  ""Afro Rhythms"",
  ""Bachata"",
  ""Brazilian Rhythms"",
  ""Caribbean Rhythms"",
  ""Cumbia"",
  ""Merengue"",
  ""Reggaeton"",
  ""Salsa""
]",2,iOS,Apple,Apple,"Iphone14,7",7,0,0,0,0,5,1
2103287,9b686028-a00f-4384-967c-058e6b4d285c,2025-11-16,7,Annual,Web,Stripe,,,,United States of America,"Canada, Great Britain & United States",North America,,"[
  ""Medium""
]",4,Beginner,,,"[
  ""Bachata"",
  ""Caribbean Rhythms"",
  ""Cumbia"",
  ""Merengue"",
  ""Salsa""
]",3.14.0,Android,Google,Google,Pixel 9,7,1,1,0.9979,32.4,7,1
2510106,d6e8b1ed-466d-4bab-a490-88f6286b8830,2025-11-19,7,Annual,App,Apple,,,,United States of America,"Canada, Great Britain & United States",North America,,,,,,,,2,iOS,Apple,Apple,"Iphone14,2",465,1,1,1,28.716666667,4,1
4106880,93cc06a2-f360-48d8-a589-50dbe038b5d9,2025-11-17,7,Annual,Web,Stripe,,45-54,female,United States of America,"Canada, Great Britain & United States",North America,,"[
  ""Low""
]",5,Intermediate,lose weight and tone,,"[
  ""Brazilian Rhythms"",
  ""Pop"",
  ""Rock"",
  ""Salsa""
]",3.14.0,Android,Samsung,Samsung,Sm-S916u,7,11,8,0.3749375,15.55,6,1
4292633,0bc955d7-e455-4880-bad0-c8b3bb7b520b,2025-11-16,0,Annual,Web,App to Web,,,,United States of America,"Canada, Great Britain & United States",North America,,,3,,,,,2,iOS,Apple,Apple,"Iphone14,2",0,6,1,0.9977,25.435714286,7,1
4274485,576cd49c-ea74-4837-b3ec-02bc6562bd00,2025-11-13,7,Monthly,Web,Stripe,,25-34,female,United States of America,"Canada, Great Britain & United States",North America,,"[
  ""Medium""
]",3,Intermediate,lose weight and tone,,"[
  ""Bachata"",
  ""Caribbean Rhythms"",
  ""Hip Hop"",
  ""Merengue"",
  ""Reggaeton"",
  ""Salsa""
]",2,iOS,Apple,Apple,"Iphone17,3",,1,1,0.1674,31.95,10,1
4296223,e62a26b7-c6cc-4e84-9ddf-5136e2140a06,2025-11-18,0,Monthly,Web,Stripe,,35-44,female,United States of America,"Canada, Great Britain & United States",North America,,"[
  ""Medium""
]",5,Beginner,lose weight and tone,,"[
  ""Afro Rhythms"",
  ""Bachata"",
  ""Brazilian Rhythms"",
  ""Caribbean Rhythms"",
  ""Cumbia"",
  ""Disco"",
  ""Hip Hop"",
  ""Reggaeton"",
  ""Salsa""
]",3.13.1,Android,Samsung,Samsung,Sm-A166u,0,0,0,0,0,5,1
4274843,1dbb53b8-56d1-4b48-a577-ca41b5080288,2025-11-13,7,Annual,App,Apple,,35-44,female,Germany,Rest of the World,Europe,,"[
  ""Low""
]",3,Advanced,lose weight and tone,,"[
  ""Brazilian Rhythms"",
  ""Caribbean Rhythms"",
  ""Disco"",
  ""Electronic"",
  ""Hip Hop"",
  ""Salsa"",
  ""Techno""
]",2,iOS,Apple,Apple,"Iphone12,1",7,0,0,0,0,10,1
1194994,50bf24f0-400e-41e4-97de-a44dac61685e,2025-11-15,7,Annual,App,Apple,,,,India,Rest of the World,India,Virtual Classes,"[
  ""Medium""
]",5,Advanced,,,"[
  ""Afrobeats"",
  ""Alternative"",
  ""Bachata"",
  ""Belly Dance"",
  ""Bhangra"",
  ""Blues"",
  ""Bollywood"",
  ""Broadway"",
  ""Country"",
  ""Cumbia"",
  ""Disco"",
  ""Funk"",
  ""Hip Hop"",
  ""House"",
  ""K-Pop"",
  ""Merengue"",
  ""Other"",
  ""Pop"",
  ""R&B"",
  ""Reggae"",
  ""Reggaeton"",
  ""Rock"",
  ""Salsa"",
  ""Soca""
]",2,iOS,Apple,Apple,"Iphone17,4",637,8,3,0.9906,37.328787879,8,1
4296133,b8ae3f3b-f0a0-45d3-aaba-708d437d78b5,2025-11-18,0,Monthly,Web,Stripe,,35-44,female,United Kingdom,"Canada, Great Britain & United States",Europe,,"[
  ""Medium""
]",3,Beginner,lose weight and tone,,"[
  ""Afro Rhythms"",
  ""Bachata"",
  ""Brazilian Rhythms"",
  ""Caribbean Rhythms"",
  ""Disco"",
  ""House"",
  ""Merengue"",
  ""Pop"",
  ""Reggaeton"",
  ""Salsa"",
  ""World Rhythms""
]",6,iOS,Apple,Apple,"Iphone15,4",15,2,0,0,22.475,5,1
4286267,2e6bfdf2-64bb-40cd-bc24-c17e0fe513b0,2025-11-20,7,Annual,Web,Stripe,,45-54,female,United States of America,"Canada, Great Britain & United States",North America,,"[
  ""Medium""
]",3,Beginner,lose weight and tone,,"[
  ""Bachata"",
  ""Brazilian Rhythms"",
  ""Caribbean Rhythms"",
  ""Hip Hop"",
  ""House"",
  ""Pop"",
  ""Reggaeton"",
  ""Techno""
]",2,iOS,Apple,Apple,"Iphone15,3",8,0,0,0,0,3,1
4301323,55a69557-0e78-4ede-b5a9-af198fb15558,2025-11-21,0,Monthly,Web,Stripe,,18-24,female,United States of America,"Canada, Great Britain & United States",North America,,"[
  ""Low"",
  ""Medium""
]",2,Beginner,lose weight and tone,,"[
  ""Chill Out"",
  ""Hip Hop"",
  ""House"",
  ""Pop""
]",6,iOS,Apple,Apple,"Iphone17,1",0,0,0,0,0,2,1
3167407,3f7af5df-84c8-4d9a-9e3d-4314db0d26d1,2025-11-18,0,Monthly,Web,Stripe,,25-34,female,Greece,Rest of the World,Europe,,"[
  ""High""
]",4,Advanced,lose weight and tone,,"[
  ""Afrobeats"",
  ""Bollywood"",
  ""Cumbia"",
  ""Disco"",
  ""Hip Hop"",
  ""House"",
  ""K-Pop"",
  ""Merengue"",
  ""Pop"",
  ""R&B"",
  ""Reggaeton"",
  ""Salsa""
]",3.13.1,Android,Samsung,Samsung,Sm-S916b,486,1,1,1,52.683333333,5,1
4272813,4c366f10-a074-4408-b334-bc0f99cad8c8,2025-11-20,7,Annual,Web,App to Web,,18-24,female,United States of America,"Canada, Great Britain & United States",North America,,"[
  ""Low""
]",2,Beginner,lose weight and tone,,"[
  ""Caribbean Rhythms"",
  ""Disco"",
  ""Hip Hop"",
  ""Pop"",
  ""World Rhythms""
]",2,iOS,Apple,Apple,"Iphone14,7",7,0,0,0,0,3,1
4298008,35d4c132-d7b4-4c34-a777-493a2e5a0d73,2025-11-19,0,Monthly,App,Google,,25-34,female,Brazil,Rest of the World,LATAM,,"[
  ""Medium""
]",5,Beginner,lose weight and tone,,"[
  ""Electronic"",
  ""Hip Hop"",
  ""Reggaeton""
]",3.13.1,Android,Xiaomi,Redmi,23100rn82l,0,4,4,0.259475,19.379166667,4,1
3272511,a52c9b21-3b7d-4c28-8305-d0e315c5ba6f,2025-11-13,7,Monthly,App,Apple,,,,United States of America,"Canada, Great Britain & United States",North America,,"[
  ""High"",
  ""Medium""
]",4,Intermediate,lose weight and tone,,"[
  ""Cumbia"",
  ""Hip Hop"",
  ""Pop"",
  ""R&B"",
  ""Reggae"",
  ""Reggaeton""
]",2,iOS,Apple,Apple,"Iphone17,4",429,4,4,0.99635,36.854166667,10,1
4252098,4fa3e2ea-7c95-42a1-98e6-aef38f20b86f,2025-11-17,7,Annual,Web,Stripe,,25-34,female,United States of America,"Canada, Great Britain & United States",North America,,"[
  ""Medium""
]",3,Intermediate,lose weight and tone,,"[
  ""Afro Rhythms"",
  ""Bachata"",
  ""Cumbia"",
  ""Disco"",
  ""Hip Hop"",
  ""House"",
  ""Merengue"",
  ""Pop"",
  ""Salsa""
]",2,iOS,Apple,Apple,"Ipad13,6",7,0,0,0,0,6,1
4289215,65edda60-559e-421c-b6bd-7a407b86d5ea,2025-11-14,0,Monthly,App,Apple,,65+,female,Canada,"Canada, Great Britain & United States",North America,,"[
  ""Medium""
]",3,Intermediate,lose weight and tone,,"[
  ""Caribbean Rhythms"",
  ""Disco"",
  ""Pop"",
  ""Salsa""
]",2,iOS,Apple,Apple,"Iphone15,4",0,4,2,0.62335,16.597222222,9,1
4287897,a4229bc5-3afa-4dfc-b255-b10daa188f8e,2025-11-14,0,Monthly,Web,Stripe,,35-44,female,United States of America,"Canada, Great Britain & United States",North America,,"[
  ""Medium"",
  ""High""
]",3,Intermediate,lose weight and tone,,"[
  ""Afro Rhythms"",
  ""Bachata"",
  ""Brazilian Rhythms"",
  ""Caribbean Rhythms"",
  ""Chill Out"",
  ""Cumbia"",
  ""Disco"",
  ""Electronic"",
  ""Hip Hop"",
  ""House"",
  ""Merengue"",
  ""Pop"",
  ""Reggaeton"",
  ""Salsa"",
  ""Techno"",
  ""World Rhythms""
]",2,iOS,Apple,Apple,"Iphone15,4",0,0,0,0,0,9,1
4268442,d1aa190a-aa0f-4ef9-b59d-96a7945a1b8f,2025-11-09,7,Annual,Web,App to Web,,45-54,female,United States of America,"Canada, Great Britain & United States",North America,,"[
  ""High""
]",3,Advanced,lose weight and tone,,"[
  ""Afro Rhythms"",
  ""Bachata"",
  ""Brazilian Rhythms"",
  ""Caribbean Rhythms"",
  ""Cumbia"",
  ""Merengue"",
  ""Reggaeton"",
  ""Salsa""
]",2,iOS,Apple,Apple,"Iphone17,2",7,6,4,0.998125,50.785,14,1
4291617,158ee15b-a965-49d9-80e6-8bae8152a291,2025-11-17,0,Annual,Web,App to Web,,35-44,female,United States of America,"Canada, Great Britain & United States",North America,,"[
  ""Medium""
]",4,Intermediate,Start my fitness journey,,"[
  ""Afro Rhythms"",
  ""Brazilian Rhythms"",
  ""Caribbean Rhythms"",
  ""Cumbia"",
  ""Disco"",
  ""Merengue"",
  ""Pop"",
  ""Salsa"",
  ""Techno"",
  ""World Rhythms""
]",2,iOS,Apple,Apple,"Iphone17,1",0,4,4,0.66555,19.8625,6,1
4299341,d41a9719-b89e-4174-87d9-ce05889f0f38,2025-11-20,0,Monthly,App,Apple,,45-54,male,United Kingdom,"Canada, Great Britain & United States",Europe,,"[
  ""Medium""
]",3,Beginner,reduce stress,,"[
  ""Disco"",
  ""Hip Hop"",
  ""House"",
  ""Pop""
]",6,iOS,Apple,Apple,"Iphone15,3",0,0,0,0,0,3,1
4160107,1b5f801a-f7d7-445e-a835-d748e25609e2,2025-11-18,7,Annual,Web,Stripe,,45-54,female,United States of America,"Canada, Great Britain & United States",North America,,"[
  ""Medium""
]",4,Intermediate,Start my fitness journey,,"[
  ""Bachata"",
  ""Brazilian Rhythms"",
  ""Cumbia"",
  ""Hip Hop"",
  ""Merengue"",
  ""Pop"",
  ""Reggaeton"",
  ""Salsa"",
  ""World Rhythms""
]",2,iOS,Apple,Apple,"Iphone16,1",7,0,0,0,0,5,1
4281862,0c4251d5-662f-47e5-8f3a-ea63129adbfa,2025-11-10,0,Monthly,Web,App to Web,,25-34,female,United States of America,"Canada, Great Britain & United States",North America,,"[
  ""Medium""
]",3,Beginner,Start my fitness journey,,"[
  ""Brazilian Rhythms"",
  ""Caribbean Rhythms"",
  ""Hip Hop"",
  ""Pop"",
  ""Reggaeton"",
  ""Salsa""
]",2,iOS,Apple,Apple,"Iphone15,4",0,1,0,0,13.916666667,13,1
4253864,4fea4567-b001-49fb-8f27-9d40677d63fd,2025-11-19,7,Annual,Web,Stripe,,45-54,female,United Kingdom,"Canada, Great Britain & United States",Europe,,,,,Have some fun,,,3,iOS,Apple,Apple,"Iphone13,2",26,0,0,0,0,4,1
2632720,469203e8-3221-4089-8a9c-b5949041f67d,2025-11-17,7,Annual,Web,App to Web,,35-44,female,United States of America,"Canada, Great Britain & United States",North America,,"[
  ""High""
]",3,Advanced,lose weight and tone,,"[
  ""Afro Rhythms"",
  ""Bachata"",
  ""Brazilian Rhythms"",
  ""Caribbean Rhythms"",
  ""Cumbia"",
  ""Hip Hop"",
  ""Merengue"",
  ""Pop"",
  ""Reggaeton"",
  ""Salsa"",
  ""World Rhythms""
]",2,iOS,Apple,Apple,"Iphone14,7",7,0,0,0,0,6,1
4266823,7a9bf68d-acaf-4ee1-b1c6-48aabf164f38,2025-11-16,7,Annual,Web,App to Web,,35-44,female,United States of America,"Canada, Great Britain & United States",North America,,"[
  ""Medium""
]",3,Intermediate,lose weight and tone,,"[
  ""Bachata"",
  ""Brazilian Rhythms"",
  ""Pop"",
  ""Salsa""
]",2,iOS,Apple,Apple,"Iphone12,1",15,1,1,0.6927,30.05,7,1
4111717,c3352f11-d428-4576-8a97-f791d53283f7,2025-11-19,7,Annual,Web,Stripe,,35-44,female,United States of America,"Canada, Great Britain & United States",North America,,"[
  ""Medium""
]",4,Beginner,lose weight and tone,,"[
  ""Alternative"",
  ""Belly Dance"",
  ""Bollywood"",
  ""Caribbean Rhythms"",
  ""Country"",
  ""Hip Hop"",
  ""Merengue"",
  ""Pop"",
  ""R&B"",
  ""Reggae"",
  ""Reggaeton"",
  ""Rock"",
  ""Salsa"",
  ""World Rhythms""
]",2,iOS,Apple,Apple,"Iphone16,2",7,0,0,0,0,4,1
4288461,7ffbe6e1-1082-4f1a-ad70-2d7b604d9d89,2025-11-21,7,Annual,Web,Stripe,,45-54,female,Turkey,Rest of the World,Europe,,"[
  ""High""
]",,Advanced,Have some fun,,"[
  ""Disco"",
  ""Electronic"",
  ""House"",
  ""Pop"",
  ""Techno""
]",,Mac OS X,,,,,0,0,0,0,2,1
3778419,2b7ef295-0f58-474c-9a91-062687b88a17,2025-11-13,7,Annual,App,Apple,,,,Spain,Rest of the World,Europe,,"[
  ""Low""
]",3,Intermediate,reduce stress,,"[
  ""Disco"",
  ""Pop"",
  ""R&B"",
  ""Rock""
]",2,iOS,Apple,Apple,"Ipad11,4",246,2,3,0.8249333333,31.38,10,1
4301709,af39e60c-be91-494b-bdda-f94a1c22ce14,2025-11-22,0,Monthly,Web,App to Web,,25-34,female,United States of America,"Canada, Great Britain & United States",North America,,"[
  ""Medium"",
  ""High""
]",3,Intermediate,lose weight and tone,,"[
  ""Afro Rhythms"",
  ""Brazilian Rhythms"",
  ""Caribbean Rhythms"",
  ""Disco"",
  ""Hip Hop"",
  ""House"",
  ""Pop"",
  ""Salsa""
]",6,iOS,Apple,Apple,"Iphone15,2",0,4,3,0.9548666667,27.997619048,1,1
4300137,3e0a41bb-3395-4583-aeb1-3ad72df2edb0,2025-11-20,0,Monthly,Web,Stripe,,25-34,female,United States of America,"Canada, Great Britain & United States",North America,,"[
  ""Medium""
]",3,Beginner,lose weight and tone,,"[
  ""Brazilian Rhythms"",
  ""Chill Out"",
  ""Cumbia"",
  ""Disco"",
  ""Hip Hop"",
  ""Pop"",
  ""Salsa"",
  ""World Rhythms""
]",6,iOS,Apple,Apple,"Iphone16,1",0,0,0,0,0,3,1
4299155,0fbe407b-d65a-4876-b168-af148d7134d4,2025-11-20,0,Monthly,Web,App to Web,,45-54,female,United States of America,"Canada, Great Britain & United States",North America,,"[
  ""Medium""
]",3,Beginner,lose weight and tone,,"[
  ""Afro Rhythms"",
  ""Brazilian Rhythms"",
  ""Caribbean Rhythms"",
  ""Disco"",
  ""Salsa"",
  ""Techno"",
  ""World Rhythms""
]",6,iOS,Apple,Apple,"Iphone15,4",0,0,0,0,0,3,1
4273438,d8c41e7c-3cfa-415d-a6a0-6f9d27d3376c,2025-11-12,7,Annual,Web,Stripe,,25-34,female,United States of America,"Canada, Great Britain & United States",North America,,"[
  ""Medium""
]",3,Intermediate,lose weight and tone,,"[
  ""Afro Rhythms"",
  ""Bachata"",
  ""Brazilian Rhythms"",
  ""Caribbean Rhythms"",
  ""Hip Hop"",
  ""House"",
  ""Merengue"",
  ""Pop"",
  ""Reggaeton"",
  ""Salsa""
]",2,iOS,Apple,Apple,"Iphone17,2",7,0,0,0,0,11,1
4282630,798fc250-337a-4cc4-8a56-29a238cce3af,2025-11-10,0,Monthly,Web,App to Web,,35-44,female,United States of America,"Canada, Great Britain & United States",North America,,"[
  ""Medium"",
  ""High""
]",4,Beginner,Start my fitness journey,,"[
  ""Afro Rhythms"",
  ""Bachata"",
  ""Brazilian Rhythms"",
  ""Caribbean Rhythms"",
  ""Chill Out"",
  ""Cumbia"",
  ""Disco"",
  ""Electronic"",
  ""Hip Hop"",
  ""House"",
  ""Merengue"",
  ""Pop"",
  ""Reggaeton"",
  ""Salsa"",
  ""Techno"",
  ""World Rhythms""
]",2,iOS,Apple,Apple,"Iphone15,2",0,2,2,0.19415,17.5,13,1
4288532,24984c28-8adf-4e32-96f3-b5830aa4241b,2025-11-14,0,Monthly,App,Apple,,18-24,female,United States of America,"Canada, Great Britain & United States",North America,,"[
  ""High""
]",5,Advanced,lose weight and tone,,"[
  ""Bachata"",
  ""Cumbia"",
  ""Merengue"",
  ""Reggaeton"",
  ""Salsa""
]",2,iOS,Apple,Apple,"Iphone15,4",0,2,1,0.7219,25.216666667,9,1
4277737,c1aee1df-dcae-46e3-993f-5548dea93c4f,2025-11-08,0,Monthly,Web,Stripe,,45-54,female,United Kingdom,"Canada, Great Britain & United States",Europe,,"[
  ""Low""
]",3,Beginner,lose weight and tone,,"[
  ""Reggaeton""
]",2,iOS,Apple,Apple,"Ipad13,1",0,0,0,0,0,15,1
4285584,f2814bd6-cf68-4f0f-9c1a-e3e385f6068a,2025-11-19,7,Annual,Web,Stripe,,45-54,female,United States of America,"Canada, Great Britain & United States",North America,,"[
  ""Low""
]",,Intermediate,,,"[
  ""Afro Rhythms"",
  ""Caribbean Rhythms"",
  ""Chill Out"",
  ""Disco"",
  ""Pop"",
  ""World Rhythms""
]",,,,,,,0,0,0,0,4,1
4288088,cbe63059-39dd-4c5a-a079-c79a236472bc,2025-11-20,7,Annual,Web,App to Web,,25-34,female,United States of America,"Canada, Great Britain & United States",North America,,"[
  ""High""
]",4,Intermediate,lose weight and tone,,"[
  ""Afro Rhythms"",
  ""Bachata"",
  ""Brazilian Rhythms"",
  ""Caribbean Rhythms"",
  ""Chill Out"",
  ""Cumbia"",
  ""Disco"",
  ""Hip Hop"",
  ""House"",
  ""Merengue"",
  ""Pop"",
  ""Reggaeton"",
  ""Salsa"",
  ""Techno"",
  ""World Rhythms""
]",2,iOS,Apple,Apple,"Ipad13,16",7,1,1,0.9997,55,3,1
4271119,fc11e531-81fe-46e9-aa8c-f2ddb8b697b9,2025-11-10,0,Annual,Web,App to Web,,,,United States of America,"Canada, Great Britain & United States",North America,,,3,,,,,2,iOS,Apple,Apple,"Iphone16,2",6,2,1,0.7378,36.627777778,13,1
4288171,e1d380a0-535d-491f-89f2-16386ffa47ff,2025-11-14,0,Monthly,App,Apple,,35-44,female,Israel,Rest of the World,ME-A,,"[
  ""Medium""
]",3,Intermediate,lose weight and tone,,"[
  ""Bachata"",
  ""Caribbean Rhythms"",
  ""Cumbia"",
  ""Merengue"",
  ""Salsa""
]",2,iOS,Apple,Apple,"Iphone17,2",0,11,7,0.4683857143,36.896875,9,1
4288841,b28c2250-b388-4acc-aa8e-e3a48bca0276,2025-11-21,7,Annual,Web,Stripe,,25-34,female,France,Rest of the World,Europe,,"[
  ""Medium""
]",2,Intermediate,lose weight and tone,,"[
  ""Afro Rhythms"",
  ""Bachata"",
  ""Caribbean Rhythms"",
  ""Electronic"",
  ""Hip Hop"",
  ""House"",
  ""Pop"",
  ""Reggaeton"",
  ""Techno""
]",2,iOS,Apple,Apple,"Iphone14,5",7,0,0,0,0,2,1
4260407,8c417488-bb11-4ec0-bc90-8cc7aac5a558,2025-11-11,7,Annual,App,Google,,35-44,female,Netherlands,Rest of the World,Europe,,"[
  ""Medium""
]",,Intermediate,lose weight and tone,,"[
  ""Bachata"",
  ""Brazilian Rhythms"",
  ""Caribbean Rhythms"",
  ""Disco"",
  ""Hip Hop"",
  ""Merengue"",
  ""Pop"",
  ""Reggaeton"",
  ""Salsa"",
  ""World Rhythms""
]",3.13.1,Android,Samsung,Samsung,Sm-S901b,14,0,0,0,0,12,1
4280375,e9533b1a-b761-4423-8eea-2fb3d4f25f87,2025-11-16,7,Annual,Web,Stripe,,65+,female,United States of America,"Canada, Great Britain & United States",North America,,"[
  ""Medium""
]",3,Intermediate,,,"[
  ""Salsa""
]",2,iOS,Apple,Apple,"Iphone15,4",25,0,0,0,0,7,1
4277943,4bf9aaa2-e522-4d63-a189-56509f04ff77,2025-11-15,7,Annual,Web,Stripe,,45-54,female,United States of America,"Canada, Great Britain & United States",North America,,"[
  ""Low""
]",3,Beginner,lose weight and tone,,"[
  ""Caribbean Rhythms"",
  ""Hip Hop"",
  ""Pop"",
  ""Reggaeton"",
  ""Salsa""
]",2,iOS,Apple,Apple,"Iphone17,2",7,0,0,0,0,8,1
4281244,5e5aab6a-a800-42dd-a7a2-9947de12b43f,2025-11-10,0,Monthly,App,Apple,,25-34,female,United Kingdom,"Canada, Great Britain & United States",Europe,,"[
  ""Medium""
]",3,Intermediate,reduce stress,,"[
  ""Disco"",
  ""Electronic"",
  ""House"",
  ""Pop"",
  ""Salsa"",
  ""Techno""
]",2,iOS,Apple,Apple,"Iphone15,5",0,1,1,0.693,28.716666667,13,1
3872349,bb40fe04-eb1b-4fe5-854d-175fd71a4f16,2025-11-12,0,Monthly,Web,App to Web,,,,United States of America,"Canada, Great Britain & United States",North America,,"[
  ""Medium""
]",3,Intermediate,lose weight and tone,,"[
  ""Belly Dance"",
  ""Bhangra"",
  ""Bollywood"",
  ""Country"",
  ""Hip Hop"",
  ""Pop"",
  ""Reggaeton"",
  ""Salsa"",
  ""Soca""
]",2,iOS,Apple,Apple,"Iphone15,3",,5,1,0.177,32.986666667,11,1
4285675,42c3eb6e-cf0d-4287-a50a-802e80f4b17f,2025-11-19,7,Annual,Web,Stripe,,25-34,female,United States of America,"Canada, Great Britain & United States",North America,,"[
  ""Medium""
]",2,Intermediate,reduce stress,,"[
  ""Afro Rhythms"",
  ""House"",
  ""Pop"",
  ""Techno"",
  ""World Rhythms""
]",2,iOS,Apple,Apple,"Iphone16,2",7,2,2,0.92865,31.016666667,4,1
4258159,f0bf7bde-1e2a-483f-825b-450a385a6511,2025-11-11,7,Annual,Web,Stripe,,18-24,female,United States of America,"Canada, Great Britain & United States",North America,,"[
  ""High""
]",3,Beginner,lose weight and tone,,"[
  ""Hip Hop""
]",,Android,,,,,0,0,0,0,12,1
4268094,439f8c4f-1736-4d83-9763-dd05ac4e39d1,2025-11-09,7,Annual,Web,Stripe,,25-34,female,United States of America,"Canada, Great Britain & United States",North America,,"[
  ""Low""
]",,Beginner,lose weight and tone,,"[
  ""Hip Hop"",
  ""Pop""
]",,iOS,,,,,0,1,1,32.4,14,1
4291471,2b5541cb-35bd-44c0-8121-1ea889150fa6,2025-11-16,0,Monthly,App,Google,,35-44,female,United States of America,"Canada, Great Britain & United States",North America,,"[
  ""Medium""
]",5,Intermediate,lose weight and tone,,"[
  ""Chill Out"",
  ""Disco"",
  ""Hip Hop"",
  ""House"",
  ""Merengue"",
  ""Pop"",
  ""Reggaeton"",
  ""Salsa""
]",3.14.0,Android,Samsung,Samsung,Sm-S921u,0,1,0,0,13.916666667,7,1
4289637,4a716340-76c0-44ad-8c1a-2046f74ecd0d,2025-11-16,0,Monthly,Web,Stripe,,45-54,female,Italy,Rest of the World,Europe,,"[
  ""Medium""
]",3,Intermediate,lose weight and tone,,"[
  ""Bachata"",
  ""Brazilian Rhythms"",
  ""Caribbean Rhythms"",
  ""Cumbia"",
  ""Reggaeton"",
  ""Salsa""
]",2,iOS,Apple,Apple,"Iphone12,1",-1,9,6,0.6955666667,23.193333333,7,1
4279911,c8f66f27-caa8-4ed7-b9ec-78217f2e8ef2,2025-11-16,7,Annual,App,Google,,45-54,female,Germany,Rest of the World,Europe,,"[
  ""Medium"",
  ""Low"",
  ""High""
]",4,Beginner,,,"[
  ""Afro Rhythms"",
  ""Bachata"",
  ""Brazilian Rhythms"",
  ""Caribbean Rhythms"",
  ""Chill Out"",
  ""Cumbia"",
  ""Disco"",
  ""Electronic"",
  ""Hip Hop"",
  ""House"",
  ""Merengue"",
  ""Pop"",
  ""Reggaeton"",
  ""Salsa"",
  ""Techno"",
  ""World Rhythms""
]",3.14.0,Android,Samsung,Samsung,Sm-S918b,7,0,0,0,0,7,1
4288122,fb12f0c3-7d65-44ed-b9f8-42c629f870e8,2025-11-14,0,Monthly,Web,Stripe,,25-34,female,United States of America,"Canada, Great Britain & United States",North America,,"[
  ""Low""
]",3,Beginner,Start my fitness journey,,"[
  ""Electronic"",
  ""Hip Hop"",
  ""Pop"",
  ""Techno""
]",3.13.1,Android,Samsung,Samsung,Sm-G970u1,0,4,2,0.2558,32.072222222,9,1
4277738,417abb6d-2187-4454-8d85-896e03abb887,2025-11-16,7,Monthly,App,Apple,,25-34,female,Poland,Rest of the World,Europe,,"[
  ""Low""
]",3,Beginner,reduce stress,,"[
  ""Bachata"",
  ""Brazilian Rhythms"",
  ""Chill Out"",
  ""Cumbia"",
  ""Disco"",
  ""Electronic"",
  ""House"",
  ""Pop"",
  ""Reggaeton"",
  ""Salsa"",
  ""World Rhythms""
]",6,iOS,Apple,Apple,"Iphone14,2",8,5,4,0.75,22.766666667,7,1
4275787,3f57e62e-b3f7-4810-afbe-f90eb1d1e8b2,2025-11-13,7,Annual,Web,App to Web,,,,United States of America,"Canada, Great Britain & United States",North America,,,,,,,,2,iOS,Apple,Apple,"Iphone17,3",7,0,0,0,0,10,1
4291649,02484fac-b00a-4433-91d2-578116b458c2,2025-11-16,0,Monthly,Web,Stripe,,35-44,female,United States of America,"Canada, Great Britain & United States",North America,,"[
  ""Low""
]",2,Beginner,lose weight and tone,,"[
  ""Brazilian Rhythms"",
  ""Electronic"",
  ""Hip Hop"",
  ""Pop"",
  ""Salsa"",
  ""World Rhythms""
]",6,iOS,Apple,Apple,"Iphone14,2",,0,0,0,0,7,1
4298379,5b6d010a-b126-4d3f-add4-b5d26be814f7,2025-11-19,0,Monthly,Web,App to Web,,35-44,female,United States of America,"Canada, Great Britain & United States",North America,,"[
  ""High""
]",4,Intermediate,lose weight and tone,,"[
  ""Bachata"",
  ""Cumbia"",
  ""Hip Hop"",
  ""Merengue"",
  ""Reggaeton""
]",6,iOS,Apple,Apple,"Iphone15,4",0,0,0,0,0,4,1
3376078,f0107b5f-9919-4f5b-ae7b-42184463c352,2025-11-10,0,Monthly,App,Apple,,,,United States of America,"Canada, Great Britain & United States",North America,,"[
  ""Medium"",
  ""Low""
]",4,Beginner,Start my fitness journey,,"[
  ""Bachata"",
  ""Cumbia"",
  ""Hip Hop"",
  ""Merengue"",
  ""Pop"",
  ""R&B"",
  ""Reggaeton"",
  ""Salsa""
]",2,iOS,Apple,Apple,"Iphone17,4",378,3,3,0.9979333333,21.811111111,13,1
3556151,b0089cee-7842-412e-a6c6-103ebe25a573,2025-11-19,7,Annual,Web,App to Web,,55-64,female,United States of America,"Canada, Great Britain & United States",North America,,"[
  ""Medium""
]",3,Beginner,lose weight and tone,,"[
  ""Afrobeats"",
  ""Bollywood"",
  ""Country"",
  ""Disco"",
  ""Funk"",
  ""Hip Hop"",
  ""Merengue"",
  ""R&B"",
  ""Rock"",
  ""Salsa""
]",2,iOS,Apple,Apple,"Iphone17,5",7,0,0,0,0,4,1
4286214,34b5d8b6-a674-4ae8-b7d5-ab39c98612f5,2025-11-19,7,Annual,Web,App to Web,,35-44,female,United States of America,"Canada, Great Britain & United States",North America,,"[
  ""High""
]",3,Beginner,lose weight and tone,,,2,iOS,Apple,Apple,"Iphone13,4",7,0,0,0,0,4,1
4300663,86f1f359-6fd6-4291-9379-94d71615f60b,2025-11-21,0,Monthly,Web,App to Web,,,female,United States of America,"Canada, Great Britain & United States",North America,,"[
  ""High""
]",3,Beginner,lose weight and tone,,"[
  ""Bachata"",
  ""Cumbia"",
  ""Hip Hop"",
  ""House"",
  ""Merengue"",
  ""Reggaeton"",
  ""Salsa""
]",6,iOS,Apple,Apple,"Iphone15,4",0,1,0,0,13.916666667,2,1
4285599,31b67e45-ef54-4ea1-9444-25a8b565a582,2025-11-19,7,Annual,Web,App to Web,,,,United States of America,"Canada, Great Britain & United States",North America,,,3,,,,,2,iOS,Apple,Apple,"Iphone12,1",7,0,0,0,0,4,1
4278889,0129aa5e-9b43-4573-9cad-7826a479d0f4,2025-11-15,7,Annual,App,Apple,,55-64,female,Canada,"Canada, Great Britain & United States",North America,,"[
  ""Low""
]",3,Beginner,Start my fitness journey,,"[
  ""Disco"",
  ""Hip Hop"",
  ""Pop""
]",2,iOS,Apple,Apple,"Iphone14,5",7,0,0,0,0,8,1
3123794,efca8ab0-a4a6-48b7-821e-9fb55afac101,2025-11-09,0,Monthly,Web,Stripe,,,,United States of America,"Canada, Great Britain & United States",North America,,"[
  ""Low"",
  ""Medium""
]",5,Beginner,lose weight and tone,,"[
  ""Country"",
  ""Cumbia"",
  ""Reggaeton""
]",2,iOS,Apple,Apple,"Iphone14,3",494,8,5,0.3618,44.912820513,14,1
3300821,9a34a6b2-e347-4931-a334-84a61f03c48e,2025-11-19,0,Annual,Web,Stripe,,18-24,female,United States of America,"Canada, Great Britain & United States",North America,,"[
  ""Medium""
]",5,Beginner,lose weight and tone,,"[
  ""Bachata"",
  ""Belly Dance"",
  ""Broadway"",
  ""Country"",
  ""Cumbia"",
  ""Disco"",
  ""Hip Hop"",
  ""Merengue"",
  ""Other"",
  ""Pop"",
  ""Reggaeton"",
  ""Salsa""
]",6,iOS,Apple,Apple,"Iphone14,2",421,6,0,0,46.022222222,4,1
4220670,71d8a3b1-cb70-4198-8d57-0ce175d416f6,2025-11-15,0,Monthly,App,Apple,,25-34,female,Indonesia,Rest of the World,APAC (excl. India),,"[
  ""Medium""
]",3,Intermediate,reduce stress,,,2,iOS,Apple,Apple,"Iphone14,2",42,1,1,0.9995,31.45,8,1
4265815,39c0f3a1-f3a9-4e8f-a63f-dd4fcb4dfcf9,2025-11-21,7,Monthly,App,App to Web,,35-44,female,United States of America,"Canada, Great Britain & United States",North America,,"[
  ""Low""
]",3,Beginner,lose weight and tone,,"[
  ""Bachata"",
  ""Brazilian Rhythms"",
  ""Caribbean Rhythms"",
  ""Chill Out"",
  ""Cumbia"",
  ""Disco"",
  ""Electronic"",
  ""House"",
  ""Merengue"",
  ""Pop"",
  ""Reggaeton"",
  ""Salsa"",
  ""Techno"",
  ""World Rhythms""
]",2,iOS,Apple,Apple,"Iphone15,3",21,0,0,0,0,2,1
4266419,064bcf10-b06b-4405-a7fb-07265a184178,2025-11-08,7,Annual,Web,Stripe,,35-44,female,United States of America,"Canada, Great Britain & United States",North America,,"[
  ""High""
]",3,Intermediate,,,,2,iOS,Apple,Apple,"Iphone15,2",7,0,0,0,0,15,1
4280263,f8ad21fa-04af-4361-8e46-62be1d50bb38,2025-11-16,7,Annual,Web,Stripe,,35-44,female,United States of America,"Canada, Great Britain & United States",North America,,"[
  ""High""
]",3,Advanced,lose weight and tone,,"[
  ""Hip Hop"",
  ""Pop""
]",2,iOS,Apple,Apple,"Ipad16,5",7,0,0,0,0,7,1
4299428,70735290-3995-4abe-99fb-d22b43fd8561,2025-11-20,0,Monthly,Web,Stripe,,35-44,female,United States of America,"Canada, Great Britain & United States",North America,,"[
  ""Medium""
]",2,Intermediate,lose weight and tone,,"[
  ""Afro Rhythms"",
  ""Bachata"",
  ""Brazilian Rhythms"",
  ""Caribbean Rhythms"",
  ""Cumbia"",
  ""Disco"",
  ""Hip Hop"",
  ""House"",
  ""Merengue"",
  ""Pop"",
  ""Reggaeton"",
  ""Salsa"",
  ""World Rhythms""
]",6,iOS,Apple,Apple,"Iphone12,1",0,0,0,0,0,3,1
4156315,bda2721e-1dfa-45ec-b3f3-df81ac06f091,2025-11-10,7,Annual,Web,App to Web,,65+,female,United States of America,"Canada, Great Britain & United States",North America,,"[
  ""High""
]",3,Intermediate,Have some fun,,"[
  ""Brazilian Rhythms"",
  ""Caribbean Rhythms"",
  ""Pop"",
  ""Salsa""
]",2,iOS,Apple,Apple,"Iphone12,1",70,0,0,0,0,13,1
4280706,52e7c9f8-c225-430b-86de-7121a4136c0a,2025-11-16,7,Annual,Web,Stripe,,25-34,female,United States of America,"Canada, Great Britain & United States",North America,,"[
  ""Medium"",
  ""High""
]",3,Advanced,reduce stress,,"[
  ""Afro Rhythms"",
  ""Bachata"",
  ""Brazilian Rhythms"",
  ""Chill Out"",
  ""Hip Hop"",
  ""House"",
  ""Merengue"",
  ""Pop"",
  ""Reggaeton"",
  ""Salsa"",
  ""World Rhythms""
]",,iOS,,,,,0,0,0,0,7,1
4162159,060e0a86-027d-4cb5-9d5b-434cd44e0ad5,2025-11-09,7,Annual,Web,Stripe,,55-64,female,United States of America,"Canada, Great Britain & United States",North America,,"[
  ""Medium""
]",3,Intermediate,lose weight and tone,,"[
  ""Chill Out"",
  ""Disco"",
  ""Pop""
]",3.13.1,Android,Samsung,Samsung,Sm-X210,7,2,2,1,15.916666667,14,1
3003540,3e4df137-0077-4af2-846f-f836e0364c32,2025-11-10,7,Monthly,App,Apple,,,,United States of America,"Canada, Great Britain & United States",North America,,,3,,,,,2,iOS,Apple,Apple,"Iphone15,4",550,2,2,0.49895,47.983333333,13,1
3907421,136bed1d-01c8-47c1-ab23-eea0bb3bdd51,2025-11-11,0,Monthly,Web,App to Web,,,,United States of America,"Canada, Great Britain & United States",North America,,"[
  ""High""
]",3,Advanced,lose weight and tone,,,3,iOS,Apple,Apple,"Iphone14,7",195,2,1,1,30,12,1
4278181,08fb77e3-6b70-4ebd-9bdb-54c534f19563,2025-11-15,7,Annual,Web,Stripe,,55-64,female,United States of America,"Canada, Great Britain & United States",North America,,"[
  ""Low"",
  ""Medium"",
  ""High""
]",4,Beginner,lose weight and tone,,"[
  ""Afro Rhythms"",
  ""Brazilian Rhythms"",
  ""Caribbean Rhythms"",
  ""Chill Out"",
  ""Disco"",
  ""Hip Hop"",
  ""House"",
  ""Salsa"",
  ""World Rhythms""
]",2,iOS,Apple,Apple,"Iphone14,8",7,0,0,0,0,8,1
4286137,c1cc2387-2a6c-4637-a4e1-e7b46ddf3c90,2025-11-19,7,Annual,Web,Stripe,,35-44,female,United States of America,"Canada, Great Britain & United States",North America,,"[
  ""High""
]",3,Beginner,lose weight and tone,,"[
  ""Afro Rhythms"",
  ""Brazilian Rhythms"",
  ""Caribbean Rhythms"",
  ""Hip Hop"",
  ""Pop"",
  ""Reggaeton""
]",2,iOS,Apple,Apple,"Iphone15,3",0,0,0,0,0,4,1
4293759,46ec1b5d-abec-4da5-a8e2-054c06b158e1,2025-11-17,0,Monthly,Web,Stripe,,,,United States of America,"Canada, Great Britain & United States",North America,,"[
  ""Medium""
]",3,Beginner,lose weight and tone,,[],,Android,,,,,0,0,0,0,6,1
4288827,c52a681d-8046-4415-b6a2-ab1a7d2c9631,2025-11-21,7,Annual,Web,Stripe,,55-64,female,United States of America,"Canada, Great Britain & United States",North America,,"[
  ""Medium""
]",,Beginner,lose weight and tone,,"[
  ""Disco"",
  ""Pop""
]",2,iOS,Apple,Apple,"Iphone13,4",7,0,0,0,0,2,1
4292446,d1d1c51d-ae8d-485d-a2fb-d7a1100c5516,2025-11-16,0,Monthly,Web,Stripe,,25-34,female,Bosnia and Herzegovina,Rest of the World,Europe,,"[
  ""Medium""
]",5,Intermediate,lose weight and tone,,"[
  ""Salsa""
]",6,iOS,Apple,Apple,"Iphone14,5",0,5,0,0,27.37,7,1
4252603,bf1fd8ef-3bb9-4774-94f2-ab6b4cb2b853,2025-11-17,0,Monthly,Web,Stripe,,45-54,female,Hungary,Rest of the World,Europe,,"[
  ""Medium""
]",2,Intermediate,reduce stress,,"[
  ""Bachata"",
  ""Brazilian Rhythms"",
  ""Caribbean Rhythms"",
  ""Disco"",
  ""Pop"",
  ""Salsa""
]",2,iOS,Apple,Apple,"Iphone14,4",0,3,2,0.02185,5,6,1
4270113,90c0d0d4-96c6-4e81-a9da-ae07dc7e825c,2025-11-19,7,Monthly,Web,Stripe,,35-44,female,United States of America,"Canada, Great Britain & United States",North America,,"[
  ""Medium""
]",2,Intermediate,lose weight and tone,,"[
  ""Brazilian Rhythms"",
  ""Caribbean Rhythms"",
  ""Cumbia"",
  ""Merengue"",
  ""Pop"",
  ""Reggaeton"",
  ""Salsa""
]",,iOS,,,,,0,0,0,0,4,1
4278335,4d5712a2-b11e-4d80-9132-9f62a235e9f1,2025-11-19,7,Annual,App,Apple,,35-44,female,Sweden,Rest of the World,Europe,,"[
  ""Medium""
]",4,Beginner,lose weight and tone,,"[
  ""Cumbia"",
  ""Merengue"",
  ""Reggaeton"",
  ""Salsa""
]",2,iOS,Apple,Apple,"Iphone14,5",11,0,0,0,0,4,1
4269248,1922faec-e340-4c68-b301-f135b87de124,2025-11-10,7,Annual,App,Apple,,25-34,female,Germany,Rest of the World,Europe,,"[
  ""Medium"",
  ""High""
]",3,Intermediate,lose weight and tone,,"[
  ""Afro Rhythms"",
  ""Bachata"",
  ""Brazilian Rhythms"",
  ""Caribbean Rhythms"",
  ""Reggaeton"",
  ""Salsa""
]",2,iOS,Apple,Apple,"Iphone14,7",7,0,0,0,0,3,1
4279836,dfc675f0-7af0-4ccb-9754-c57dbba9c1cc,2025-11-09,0,Monthly,App,Google,,45-54,female,Sweden,Rest of the World,Europe,,"[
  ""Low""
]",,Beginner,Have some fun,,"[
  ""Afro Rhythms"",
  ""Caribbean Rhythms"",
  ""Reggaeton""
]",3.14.0,Android,Samsung,Samsung,Sm-S711b,0,8,4,0.7449,23.947222222,14,1
2536171,5459b571-07c4-4254-ac93-52de4d1d339c,2025-11-10,7,Annual,Web,Stripe,,25-34,female,United States of America,"Canada, Great Britain & United States",North America,,"[
  ""Medium""
]",3,Intermediate,Start my fitness journey,,"[
  ""Bachata"",
  ""Disco"",
  ""Merengue"",
  ""Pop"",
  ""Salsa""
]",3.13.1,Android,Motorola,Motorola,Moto G 5g - 2024,7,2,2,0.73305,50.666666667,13,1
4295732,ddb33790-b1ae-4c32-bd21-db1b291c4df8,2025-11-18,0,Monthly,Web,App to Web,,35-44,female,United States of America,"Canada, Great Britain & United States",North America,,"[
  ""Medium""
]",3,Beginner,lose weight and tone,,"[
  ""Afro Rhythms"",
  ""Bachata"",
  ""Cumbia"",
  ""Hip Hop"",
  ""Pop"",
  ""Reggaeton"",
  ""World Rhythms""
]",2,iOS,Apple,Apple,"Iphone17,4",0,3,2,0.99945,27.973333333,5,1
4294581,c5f94506-7509-4679-9045-1441c58f9f30,2025-11-17,0,Annual,Web,App to Web,,45-54,female,United States of America,"Canada, Great Britain & United States",North America,,"[
  ""Medium"",
  ""Low""
]",5,Beginner,reduce stress,,"[
  ""Bachata"",
  ""Brazilian Rhythms"",
  ""Cumbia"",
  ""Disco"",
  ""Hip Hop"",
  ""Merengue"",
  ""Pop"",
  ""Reggaeton"",
  ""Salsa""
]",2,iOS,Apple,Apple,"Iphone14,5",,0,0,0,0,6,1
4288091,cce6bc37-fbdb-46b6-b9cd-ea0476ed0f48,2025-11-13,0,Annual,App,Google,,25-34,female,India,Rest of the World,India,,"[
  ""High""
]",5,Advanced,lose weight and tone,,"[
  ""Afro Rhythms"",
  ""Bachata"",
  ""Brazilian Rhythms"",
  ""Caribbean Rhythms"",
  ""Chill Out"",
  ""Cumbia"",
  ""Disco"",
  ""Electronic"",
  ""Hip Hop"",
  ""House"",
  ""Merengue"",
  ""Pop"",
  ""Reggaeton"",
  ""Salsa"",
  ""Techno"",
  ""World Rhythms""
]",3.13.1,Android,Oneplus,Oneplus,Cph2573,0,6,6,0.99885,35.836111111,10,1
4020053,c40b7080-1fcd-4574-b290-4aa46a51aed6,2025-11-15,0,Annual,App,Apple,,,,India,Rest of the World,India,,,3,,,,,6,iOS,Apple,Apple,"Iphone15,4",148,24,19,0.7865736842,38.296511628,8,1
4270235,b067a8d4-a116-4260-a390-7652074f0d16,2025-11-10,0,Monthly,Web,App to Web,,35-44,female,United States of America,"Canada, Great Britain & United States",North America,,"[
  ""High""
]",3,Intermediate,lose weight and tone,,"[
  ""Afro Rhythms"",
  ""Caribbean Rhythms"",
  ""Merengue"",
  ""Reggaeton"",
  ""Salsa""
]",2,iOS,Apple,Apple,"Iphone14,7",7,3,1,0.5653,46.65,13,1
4268255,50913a2b-d613-4674-9fe7-4d5084efa059,2025-11-09,7,Annual,App,App to Web,,Under 18,male,United States of America,"Canada, Great Britain & United States",North America,,"[
  ""Medium"",
  ""Low"",
  ""High""
]",5,Beginner,lose weight and tone,,"[
  ""Brazilian Rhythms"",
  ""Pop"",
  ""Techno""
]",2,iOS,Apple,Apple,"Iphone15,3",7,0,0,0,0,14,1
4297477,de8faf2a-0b11-4108-a833-31b9059ac8bc,2025-11-19,0,Monthly,Web,Stripe,,25-34,female,United States of America,"Canada, Great Britain & United States",North America,,"[
  ""Medium""
]",3,Beginner,lose weight and tone,,"[
  ""Cumbia"",
  ""Disco"",
  ""House"",
  ""Pop"",
  ""Reggaeton"",
  ""Salsa"",
  ""World Rhythms""
]",2,iOS,Apple,Apple,"Iphone12,1",0,0,0,0,0,4,1
4279177,3efa0794-b0fa-4592-be2b-20bc0e229264,2025-11-11,0,Monthly,Web,Stripe,,35-44,female,United Kingdom,"Canada, Great Britain & United States",Europe,,"[
  ""Low""
]",4,Beginner,lose weight and tone,,"[
  ""Afro Rhythms"",
  ""Bachata"",
  ""Brazilian Rhythms"",
  ""Caribbean Rhythms"",
  ""Cumbia"",
  ""Merengue"",
  ""Pop"",
  ""Reggaeton"",
  ""Salsa""
]",6,iOS,Apple,Apple,"Iphone14,3",0,1,1,0,1.016666667,12,1
2848679,c09da88a-d526-4687-a79f-603d0ef451bb,2025-11-21,7,Monthly,App,App to Web,,,,United States of America,"Canada, Great Britain & United States",North America,Virtual Classes,"[
  ""Medium""
]",3,Intermediate,,,"[
  ""Bachata"",
  ""Caribbean Rhythms"",
  ""Cumbia"",
  ""Hip Hop"",
  ""Merengue"",
  ""Pop"",
  ""R&B"",
  ""Reggae"",
  ""Reggaeton"",
  ""Salsa""
]",6,iOS,Apple,Apple,"Iphone17,1",654,3,1,1,30.8625,2,1
4286534,8d7c0be8-8d16-45ad-8ee5-e0f79444fc4a,2025-11-20,7,Annual,App,Apple,,25-34,female,Romania,Rest of the World,Europe,,"[
  ""Medium""
]",4,Intermediate,Start my fitness journey,,"[
  ""Bachata"",
  ""Caribbean Rhythms"",
  ""Merengue"",
  ""Reggaeton"",
  ""Salsa""
]",2,iOS,Apple,Apple,"Iphone16,2",7,0,0,0,0,3,1
2954519,42e07bbb-58d2-4308-a6cb-7977e77565e3,2025-11-09,0,Monthly,App,Apple,,,,United States of America,"Canada, Great Britain & United States",North America,Virtual Classes,"[
  ""Medium""
]",,Intermediate,,"[
  ""Finding local classes I love"",
  ""Joining a supportive community"",
  ""Taking classes at home"",
  ""Tracking activity streaks"",
  ""Receiving class reminders"",
  ""Learning dances""
]","[
  ""Afrobeats"",
  ""Alternative"",
  ""Bachata"",
  ""Belly Dance"",
  ""Bhangra"",
  ""Blues"",
  ""Bollywood"",
  ""Broadway"",
  ""Country"",
  ""Cumbia"",
  ""Disco"",
  ""Funk"",
  ""Hip Hop"",
  ""House"",
  ""K-Pop"",
  ""Merengue"",
  ""Other"",
  ""Pop"",
  ""R&B"",
  ""Reggae"",
  ""Reggaeton"",
  ""Rock"",
  ""Salsa"",
  ""Soca""
]",2,iOS,Apple,Apple,"Iphone14,7",584,2,2,0.52475,20.55,14,1
4281740,8fd54852-20fd-4ea4-99d5-81c6ea967033,2025-11-10,0,Monthly,Web,Stripe,,45-54,female,United States of America,"Canada, Great Britain & United States",North America,,"[
  ""Medium""
]",4,Intermediate,lose weight and tone,,"[
  ""Brazilian Rhythms"",
  ""Cumbia"",
  ""Disco"",
  ""Merengue"",
  ""Pop"",
  ""Reggaeton"",
  ""Salsa"",
  ""Techno""
]",,iOS,,,,,0,0,0,0,13,1
4288627,2d3fdc63-3e53-4353-b786-32accdccb578,2025-11-14,0,Monthly,App,Apple,,25-34,female,Germany,Rest of the World,Europe,,"[
  ""Medium""
]",3,Beginner,lose weight and tone,,"[
  ""Disco"",
  ""Electronic"",
  ""Pop""
]",2,iOS,Apple,Apple,"Iphone13,1",0,0,0,0,0,9,1
2641571,6d6738f2-da7a-42b8-8bfa-12341faa4e2d,2025-11-16,0,Monthly,App,Apple,,,,United States of America,"Canada, Great Britain & United States",North America,,"[
  ""Medium""
]",3,Intermediate,lose weight and tone,,"[
  ""Country"",
  ""Hip Hop"",
  ""Pop"",
  ""R&B"",
  ""Reggaeton"",
  ""Salsa""
]",2,iOS,Apple,Apple,"Iphone17,2",410,3,2,0.9983,19.62,7,1
4278060,06c32b4b-4f2a-48e0-b6c6-446fe1e8b537,2025-11-15,7,Annual,Web,Stripe,,35-44,female,United States of America,"Canada, Great Britain & United States",North America,,"[
  ""Low"",
  ""Medium""
]",3,Beginner,lose weight and tone,,"[
  ""Hip Hop"",
  ""Pop"",
  ""Salsa""
]",,iOS,,,,,0,0,0,0,8,1
4281371,3ba24c1e-6473-4905-8e62-4ffba503fb32,2025-11-17,7,Annual,Web,Stripe,,25-34,female,United States of America,"Canada, Great Britain & United States",North America,,"[
  ""Medium""
]",5,Intermediate,lose weight and tone,,"[
  ""Bachata"",
  ""Disco"",
  ""Electronic"",
  ""Hip Hop"",
  ""House"",
  ""Pop"",
  ""Reggaeton"",
  ""Techno""
]",2,iOS,Apple,Apple,"Iphone17,3",7,4,2,0.1833,31.016666667,6,1
4286905,640c7b29-69e5-4788-b0a9-c17d000deae4,2025-11-20,7,Annual,Web,Stripe,,55-64,female,United States of America,"Canada, Great Britain & United States",North America,,"[
  ""Medium""
]",3,Intermediate,lose weight and tone,,"[
  ""Bachata"",
  ""Caribbean Rhythms"",
  ""Disco"",
  ""Hip Hop"",
  ""House"",
  ""Merengue"",
  ""Pop"",
  ""Reggaeton"",
  ""Techno""
]",2,iOS,Apple,Apple,"Iphone14,7",7,0,0,0,0,3,1
4288313,40ba7370-da36-4123-967b-466f4123cd8e,2025-11-14,0,Annual,Web,Stripe,,25-34,male,United Kingdom,"Canada, Great Britain & United States",Europe,,"[
  ""Medium""
]",3,Beginner,lose weight and tone,,"[
  ""Bachata""
]",,Mac OS X,,,,,0,0,0,0,9,1
4277260,13c7ad04-6a62-492a-a1b3-6dda19527888,2025-11-14,7,Annual,Web,App to Web,,,,United States of America,"Canada, Great Britain & United States",North America,,,,,,,,2,iOS,Apple,Apple,"Iphone16,2",,0,0,0,0,9,1
4287234,dc8079e9-e3e8-4cd0-80a4-41f10f61d7c5,2025-11-13,0,Monthly,Web,Stripe,,35-44,female,United States of America,"Canada, Great Britain & United States",North America,,"[
  ""Medium""
]",3,Beginner,lose weight and tone,,"[
  ""Afro Rhythms"",
  ""Brazilian Rhythms"",
  ""Caribbean Rhythms"",
  ""Cumbia"",
  ""House"",
  ""Pop"",
  ""Reggaeton"",
  ""Techno""
]",2,iOS,Apple,Apple,"Iphone15,4",0,0,0,0,0,10,1
4217540,beefadf5-7fb9-4418-bd1d-1ce70de1f512,2025-11-19,7,Annual,Web,Stripe,,55-64,female,United States of America,"Canada, Great Britain & United States",North America,,"[
  ""Medium""
]",5,Intermediate,lose weight and tone,,"[
  ""Pop""
]",3.14.0,Android,Samsung,Samsung,Sm-S938u,7,0,0,0,0,4,1
4298061,6a6e31cd-47a9-4901-a7bd-84d829f93fb2,2025-11-19,0,Monthly,App,Apple,,55-64,female,United States of America,"Canada, Great Britain & United States",North America,,"[
  ""Medium""
]",3,Intermediate,,,,6,iOS,Apple,Apple,"Iphone17,1",0,1,0,0,13.916666667,4,1
3710304,a07476c0-b04c-4417-af1c-18a7a2d5dca5,2025-11-20,0,Monthly,App,Apple,,,,United States of America,"Canada, Great Britain & United States",North America,,"[
  ""Medium"",
  ""Low""
]",3,Beginner,lose weight and tone,,"[
  ""Country"",
  ""Pop"",
  ""Rock""
]",6,iOS,Apple,Apple,"Iphone15,4",280,3,3,0.6185333333,24.988888889,3,1
4281703,7a06925d-4f71-4847-8194-6a550f3ec4ad,2025-11-17,7,Annual,App,Google,,45-54,female,United States of America,"Canada, Great Britain & United States",North America,,"[
  ""Medium""
]",,Beginner,Have some fun,,"[
  ""Caribbean Rhythms"",
  ""Merengue"",
  ""Reggaeton"",
  ""Salsa""
]",1.9.40,Android,Samsung,Samsung,Sm-S918u1,7,0,0,0,0,6,1
4294913,7af6b9d7-a2ae-4346-98ed-57d40c0bcc85,2025-11-18,0,Monthly,Web,App to Web,,55-64,female,United States of America,"Canada, Great Britain & United States",North America,,"[
  ""Medium""
]",3,Intermediate,lose weight and tone,,"[
  ""Brazilian Rhythms"",
  ""Pop""
]",2,iOS,Apple,Apple,"Iphone16,1",0,0,0,0,0,5,1
4284196,a6ceb92c-fe54-4ad7-a88f-a5d6f832477c,2025-11-18,7,Annual,Web,Stripe,,55-64,female,United States of America,"Canada, Great Britain & United States",North America,,"[
  ""Low""
]",4,Intermediate,lose weight and tone,,"[
  ""Bachata"",
  ""Brazilian Rhythms"",
  ""Cumbia"",
  ""Merengue"",
  ""Salsa""
]",2,iOS,Apple,Apple,"Iphone17,2",7,0,0,0,0,5,1
4297272,44a92cf7-0087-434e-aa08-b8121c184ec4,2025-11-19,0,Monthly,Web,Stripe,,35-44,female,United States of America,"Canada, Great Britain & United States",North America,,"[
  ""Medium""
]",2,Beginner,lose weight and tone,,"[
  ""Hip Hop"",
  ""Pop"",
  ""Salsa""
]",6,iOS,Apple,Apple,"Iphone15,2",0,3,3,0.6628333333,31.688888889,4,1
4276632,5b82adf5-7222-46e7-8b1b-9d3ff9997db0,2025-11-14,7,Annual,Web,Stripe,Strand,25-34,female,United States of America,"Canada, Great Britain & United States",North America,,"[
  ""Medium""
]",2,Intermediate,lose weight and tone,,"[
  ""Electronic"",
  ""House"",
  ""Pop""
]",3.13.1,Android,Samsung,Samsung,Sm-S938u,7,2,1,0.4048,13.916666667,9,1
4278282,8f2dd474-2356-4c7d-b22e-89fe4975c4ed,2025-11-08,0,Monthly,Web,Stripe,,35-44,female,United Kingdom,"Canada, Great Britain & United States",Europe,,"[
  ""Medium""
]",3,Beginner,Start my fitness journey,,"[
  ""Afro Rhythms"",
  ""Bachata"",
  ""Brazilian Rhythms"",
  ""Caribbean Rhythms"",
  ""Chill Out"",
  ""Pop"",
  ""Salsa"",
  ""World Rhythms""
]",2,iOS,Apple,Apple,"Iphone13,4",0,1,0,0,13.916666667,15,1
4260847,907d6e1b-4cde-4467-96ec-48f2d483b896,2025-11-09,7,Annual,Web,Stripe,,25-34,female,United States of America,"Canada, Great Britain & United States",North America,,"[
  ""Medium""
]",3,Intermediate,Start my fitness journey,,"[
  ""Pop"",
  ""Reggaeton"",
  ""Salsa""
]",3.14.0,Android,Samsung,Samsung,Sm-A326u,12,0,0,0,0,14,1
4292013,701c1dbd-2a9c-4732-9669-790546b146fa,2025-11-16,0,Monthly,App,Apple,,25-34,female,Italy,Rest of the World,Europe,,"[
  ""Medium""
]",3,Beginner,lose weight and tone,,"[
  ""Caribbean Rhythms"",
  ""Chill Out"",
  ""Disco"",
  ""Pop"",
  ""Reggaeton"",
  ""World Rhythms""
]",6,iOS,Apple,Apple,"Iphone14,7",0,0,0,0,0,7,1
3895464,6624d967-27b5-40df-bb4c-900b5f99c8a1,2025-11-17,0,Annual,App,Apple,,,,India,Rest of the World,India,,"[
  ""Medium""
]",3,Intermediate,lose weight and tone,,"[
  ""Afro Rhythms"",
  ""Afrobeats"",
  ""Bhangra"",
  ""Bollywood"",
  ""Caribbean Rhythms"",
  ""Cumbia"",
  ""Disco"",
  ""Hip Hop"",
  ""K-Pop"",
  ""Pop"",
  ""Reggaeton"",
  ""Soca""
]",2,iOS,Apple,Apple,"Iphone17,3",204,3,2,0.6797,49.85,6,1
4289095,5c9499e5-3ccc-4949-bd76-ec016bfeac01,2025-11-14,0,Monthly,App,Apple,,35-44,female,United States of America,"Canada, Great Britain & United States",North America,,"[
  ""Low"",
  ""Medium""
]",3,Beginner,lose weight and tone,,"[
  ""Electronic"",
  ""House"",
  ""Pop"",
  ""Techno""
]",2,iOS,Apple,Apple,"Iphone16,1",0,0,0,0,0,9,1
4274220,b707daae-557a-48be-91c3-a0e1837ef49b,2025-11-12,7,Annual,Web,App to Web,,45-54,female,United States of America,"Canada, Great Britain & United States",North America,,"[
  ""Medium""
]",3,Intermediate,reduce stress,,"[
  ""Cumbia"",
  ""Disco"",
  ""Hip Hop"",
  ""House"",
  ""Merengue"",
  ""Pop"",
  ""Salsa"",
  ""Techno""
]",2,iOS,Apple,Apple,"Iphone17,4",14,0,0,0,0,11,1
2579004,dcaf3f8c-fbf5-4683-b0a3-219e990f7173,2025-11-14,7,Annual,App,Apple,,65+,female,Canada,"Canada, Great Britain & United States",North America,,"[
  ""Medium""
]",3,Advanced,lose weight and tone,,"[
  ""Pop""
]",6,iOS,Apple,Apple,"Ipad12,1",25,4,4,0.9983,29.416666667,9,1
4269502,178896a6-f01f-4cce-bc01-6eec5c668498,2025-11-10,7,Annual,App,Google,,35-44,female,United States of America,"Canada, Great Britain & United States",North America,,"[
  ""Medium"",
  ""High""
]",,Intermediate,Start my fitness journey,,"[
  ""House"",
  ""Pop"",
  ""Salsa"",
  ""Techno"",
  ""World Rhythms""
]",3.13.1,Android,Samsung,Samsung,Sm-S938u1,7,3,3,0.9982333333,50.883333333,13,1
4269076,b242ed47-3c6f-4e7c-a604-0874d0a2f253,2025-11-10,7,Annual,Web,App to Web,,35-44,female,United States of America,"Canada, Great Britain & United States",North America,,"[
  ""Medium"",
  ""High"",
  ""Low""
]",3,Beginner,Start my fitness journey,,"[
  ""Bachata"",
  ""Disco"",
  ""Electronic"",
  ""Hip Hop"",
  ""Merengue"",
  ""Pop"",
  ""Reggaeton"",
  ""Salsa""
]",2,iOS,Apple,Apple,"Iphone11,8",7,0,0,0,0,13,1
4285449,18c4805d-8e03-4e3d-b087-e33dc684bd19,2025-11-12,0,Monthly,Web,Stripe,,25-34,female,Italy,Rest of the World,Europe,,"[
  ""Medium""
]",2,Beginner,lose weight and tone,,"[
  ""Bachata"",
  ""Brazilian Rhythms"",
  ""Caribbean Rhythms"",
  ""Chill Out"",
  ""Disco"",
  ""Hip Hop"",
  ""House"",
  ""Merengue"",
  ""Pop"",
  ""Reggaeton"",
  ""Salsa"",
  ""World Rhythms""
]",3.14.0,Android,Samsung,Samsung,Sm-P613,0,4,4,0.999875,36.070833333,11,1
4286519,9815f007-7dbb-48cb-a5a2-04dec9673a9a,2025-11-13,0,Monthly,Web,Stripe,,55-64,female,United States of America,"Canada, Great Britain & United States",North America,,"[
  ""Medium""
]",3,Intermediate,lose weight and tone,,"[
  ""Disco""
]",2,iOS,Apple,Apple,"Iphone14,5",0,2,0,0,18.675,10,1
4294500,1fec58ab-c868-41ce-839d-7621f677901a,2025-11-17,0,Monthly,Web,Stripe,,45-54,female,United States of America,"Canada, Great Britain & United States",North America,,"[
  ""Medium""
]",3,Intermediate,reduce stress,,"[
  ""Afro Rhythms"",
  ""Bachata"",
  ""Brazilian Rhythms"",
  ""Caribbean Rhythms"",
  ""Disco"",
  ""Hip Hop"",
  ""House"",
  ""Pop"",
  ""Reggaeton"",
  ""Salsa"",
  ""Techno"",
  ""World Rhythms""
]",2,iOS,Apple,Apple,"Iphone17,4",0,1,1,0.499,49.966666667,6,1
4287733,8d2c5556-344f-4a13-b552-9f124320fdfb,2025-11-13,0,Monthly,App,Apple,,25-34,female,United States of America,"Canada, Great Britain & United States",North America,,"[
  ""Medium""
]",5,Advanced,lose weight and tone,,"[
  ""Afro Rhythms"",
  ""Bachata"",
  ""Caribbean Rhythms"",
  ""Merengue"",
  ""Reggaeton"",
  ""Salsa""
]",6,iOS,Apple,Apple,"Iphone15,2",0,2,0,0,23.141666667,10,1
4283953,e446a44d-9119-45b4-9bb9-624c0f458967,2025-11-18,7,Annual,Web,Stripe,,35-44,female,United States of America,"Canada, Great Britain & United States",North America,,"[
  ""Medium""
]",3,Intermediate,lose weight and tone,,"[
  ""Afro Rhythms"",
  ""Brazilian Rhythms"",
  ""Caribbean Rhythms"",
  ""Cumbia"",
  ""Electronic"",
  ""Hip Hop"",
  ""House"",
  ""Merengue"",
  ""Salsa"",
  ""World Rhythms""
]",2,iOS,Apple,Apple,"Iphone15,3",7,0,0,0,0,5,1
4290736,e0bae6c7-9f92-4c3f-a861-bff915554aaa,2025-11-15,0,Monthly,Web,Stripe,,35-44,female,Canada,"Canada, Great Britain & United States",North America,,"[
  ""Medium""
]",3,Beginner,lose weight and tone,,"[
  ""Afro Rhythms"",
  ""Bachata"",
  ""Brazilian Rhythms"",
  ""Caribbean Rhythms"",
  ""Chill Out"",
  ""Cumbia"",
  ""Disco"",
  ""Electronic"",
  ""House"",
  ""Pop"",
  ""Reggaeton"",
  ""Salsa"",
  ""Techno"",
  ""World Rhythms""
]",2,iOS,Apple,Apple,"Iphone16,2",0,40,29,0.8913862069,32.362935323,8,1
4284354,57533212-fdbe-4016-a379-9707faf660fe,2025-11-11,0,Monthly,Web,Stripe,,45-54,female,Australia,Rest of the World,APAC (excl. India),,"[
  ""Medium""
]",3,Beginner,lose weight and tone,,"[
  ""Disco"",
  ""Hip Hop"",
  ""House"",
  ""Pop""
]",3.13.1,Android,Samsung,Samsung,Sm-S911b,,7,5,0.40898,31.975,12,1
4221997,a35d3761-5701-4ba4-beb2-4dad7d1cf430,2025-11-08,7,Annual,Web,App to Web,,55-64,female,United States of America,"Canada, Great Britain & United States",North America,,"[
  ""Medium""
]",3,Intermediate,lose weight and tone,,"[
  ""Pop"",
  ""Salsa""
]",2,iOS,Apple,Apple,"Iphone17,2",34,0,0,0,0,15,1
4291100,d4b4a440-e985-428f-804f-9e751429da8b,2025-11-16,0,Monthly,Web,Stripe,,35-44,female,United States of America,"Canada, Great Britain & United States",North America,,"[
  ""Medium""
]",,Intermediate,lose weight and tone,,"[
  ""Bachata"",
  ""Chill Out"",
  ""Electronic"",
  ""Hip Hop"",
  ""Pop"",
  ""Reggaeton"",
  ""Salsa"",
  ""Techno""
]",3.13.1,Android,Samsung,Samsung,Sm-S928u,0,2,1,0,13.333333333,7,1
4280558,4652af87-f667-454b-9a81-ea550ea091b0,2025-11-16,7,Annual,Web,App to Web,,55-64,female,United States of America,"Canada, Great Britain & United States",North America,,"[
  ""Low""
]",4,Intermediate,lose weight and tone,,"[
  ""Afro Rhythms"",
  ""Bachata"",
  ""Brazilian Rhythms"",
  ""Caribbean Rhythms"",
  ""Cumbia"",
  ""Disco"",
  ""Hip Hop"",
  ""House"",
  ""Merengue"",
  ""Pop"",
  ""Reggaeton"",
  ""Salsa""
]",2,iOS,Apple,Apple,"Iphone14,2",7,0,0,0,0,7,1
4291465,e1d75332-2ed3-418d-82bd-52d165fdc6f4,2025-11-16,0,Monthly,Web,Stripe,,35-44,female,Italy,Rest of the World,Europe,,"[
  ""Low""
]",3,Beginner,Have some fun,,"[
  ""Bachata"",
  ""Caribbean Rhythms"",
  ""Merengue"",
  ""Pop"",
  ""Salsa""
]",3.13.1,Android,Samsung,Samsung,Sm-S921b,0,1,1,1,13.916666667,7,1
2867034,910035c5-3b30-40f2-9dc2-aa1c87f0828c,2025-11-19,7,Annual,Web,Stripe,,45-54,female,United States of America,"Canada, Great Britain & United States",North America,,"[
  ""Medium""
]",2,Intermediate,lose weight and tone,,"[
  ""Brazilian Rhythms"",
  ""Caribbean Rhythms"",
  ""Hip Hop"",
  ""Pop"",
  ""Reggaeton"",
  ""Salsa""
]",,iOS,,,,,0,0,0,0,4,1
4209578,64367d10-6a77-40ea-b211-941e26c4de51,2025-11-17,0,Annual,App,Google,,35-44,female,France,Rest of the World,Europe,,"[
  ""Medium""
]",,Beginner,lose weight and tone,,"[
  ""Bachata"",
  ""Brazilian Rhythms"",
  ""Disco"",
  ""Pop"",
  ""Salsa""
]",3.13.1,Android,Samsung,Samsung,Sm-S908e,50,1,1,0.9992,19.716666667,6,1
4285353,89dcdaf5-fdb1-4f62-82c2-de176e8a1897,2025-11-19,7,Annual,Web,App to Web,,35-44,female,United States of America,"Canada, Great Britain & United States",North America,,"[
  ""Low"",
  ""Medium"",
  ""High""
]",3,Beginner,lose weight and tone,,"[
  ""Afro Rhythms"",
  ""Bachata"",
  ""Brazilian Rhythms"",
  ""Caribbean Rhythms"",
  ""Chill Out"",
  ""Cumbia"",
  ""Disco"",
  ""Electronic"",
  ""Hip Hop"",
  ""House"",
  ""Merengue"",
  ""Pop"",
  ""Reggaeton"",
  ""Salsa"",
  ""Techno"",
  ""World Rhythms""
]",2,iOS,Apple,Apple,"Iphone16,2",7,0,0,0,0,4,1
4290650,49eb0512-e858-4285-9b59-4d5050f27235,2025-11-22,7,Annual,Web,Stripe,,45-54,female,United States of America,"Canada, Great Britain & United States",North America,,"[
  ""Low"",
  ""Medium"",
  ""High""
]",3,Beginner,lose weight and tone,,"[
  ""Disco"",
  ""Merengue"",
  ""Pop"",
  ""Salsa""
]",3.14.0,Android,Samsung,Samsung,Sm-S921u,7,3,3,0.9995,31.955555556,1,1
4047707,37140a84-ce45-4dd9-b1b2-cdd87979ff5c,2025-11-12,0,Monthly,App,App to Web,,55-64,female,United States of America,"Canada, Great Britain & United States",North America,,"[
  ""Medium""
]",3,Beginner,lose weight and tone,,"[
  ""Broadway"",
  ""Country"",
  ""Disco"",
  ""Pop"",
  ""R&B""
]",2,iOS,Apple,Apple,"Iphone13,2",0,1,1,0.9988,13.916666667,11,1
4280018,b02d44a3-6e09-44b7-979d-130951908338,2025-11-16,7,Annual,Web,Stripe,,55-64,female,United Kingdom,"Canada, Great Britain & United States",Europe,,"[
  ""Medium""
]",3,Advanced,Start my fitness journey,,"[
  ""Afro Rhythms"",
  ""Brazilian Rhythms"",
  ""Caribbean Rhythms"",
  ""Merengue"",
  ""Pop"",
  ""Salsa"",
  ""World Rhythms""
]",2,iOS,Apple,Apple,"Iphone17,5",7,0,0,0,0,7,1
4299490,3a4a70ad-59be-45cd-a723-841275904bcc,2025-11-20,0,Monthly,Web,App to Web,,45-54,female,United States of America,"Canada, Great Britain & United States",North America,,"[
  ""Medium""
]",3,Beginner,lose weight and tone,,"[
  ""Bachata"",
  ""Hip Hop"",
  ""House"",
  ""Merengue"",
  ""Reggaeton"",
  ""Salsa""
]",6,iOS,Apple,Apple,"Iphone17,1",0,0,0,0,0,3,1
4286749,7cca3656-e0f4-495a-a07c-d6ee5ee0b140,2025-11-20,7,Annual,Web,Stripe,,65+,female,United States of America,"Canada, Great Britain & United States",North America,,"[
  ""High""
]",3,Intermediate,lose weight and tone,,"[
  ""Bachata"",
  ""Merengue"",
  ""Salsa""
]",3.14.0,Android,Nsd,Sgin,T12s_Row,6,3,2,0.99925,27.543333333,3,1
4294520,9bebf512-b096-44d2-b8a4-02e56479413c,2025-11-17,0,Monthly,Web,Stripe,,55-64,female,United States of America,"Canada, Great Britain & United States",North America,,"[
  ""Medium""
]",3,Intermediate,lose weight and tone,,"[
  ""Afro Rhythms"",
  ""Brazilian Rhythms"",
  ""Caribbean Rhythms"",
  ""Merengue"",
  ""Reggaeton"",
  ""Salsa""
]",,iOS,,,,,0,0,0,0,6,1
4290188,7b72ebb3-9eb0-41e5-b460-016f4701ce74,2025-11-22,7,Annual,Web,App to Web,,45-54,female,United States of America,"Canada, Great Britain & United States",North America,,"[
  ""Medium""
]",3,Beginner,lose weight and tone,,"[
  ""Cumbia"",
  ""Hip Hop"",
  ""House"",
  ""Pop"",
  ""Reggaeton"",
  ""Salsa"",
  ""Techno""
]",2,iOS,Apple,Apple,"Iphone17,2",7,0,0,0,0,1,1
2017798,01203f25-c7df-46f0-ac55-d928665efa8e,2025-11-23,0,Monthly,App,Apple,,,,Germany,Rest of the World,Europe,,"[
  ""High""
]",3,Advanced,lose weight and tone,,"[
  ""Afrobeats"",
  ""Bachata"",
  ""Cumbia"",
  ""Disco"",
  ""Funk"",
  ""Hip Hop"",
  ""House"",
  ""Merengue"",
  ""R&B"",
  ""Reggae"",
  ""Reggaeton"",
  ""Salsa""
]",6,iOS,Apple,Apple,"Iphone17,4",,0,0,0,0,0,1
4287694,5de10bcc-f9b7-42ca-b459-5af903ce5b31,2025-11-23,7,Annual,Web,Stripe,,35-44,female,United States of America,"Canada, Great Britain & United States",North America,,"[
  ""Low"",
  ""Medium""
]",5,Beginner,lose weight and tone,,"[
  ""Electronic"",
  ""Hip Hop"",
  ""Pop"",
  ""Techno""
]",2,iOS,Apple,Apple,"Iphone13,1",10,0,0,0,0,0,1
4289727,48e1c814-eae1-4ef2-b580-4106f2957d7e,2025-11-22,7,Annual,App,Apple,,25-34,female,Germany,Rest of the World,Europe,,"[
  ""Medium""
]",2,Intermediate,reduce stress,,"[
  ""Bachata"",
  ""Brazilian Rhythms"",
  ""Caribbean Rhythms"",
  ""Hip Hop"",
  ""Pop"",
  ""Reggaeton"",
  ""Salsa""
]",6,iOS,Apple,Apple,"Iphone17,1",7,0,0,0,0,1,1
4291241,990d62db-45e1-492f-936c-282f4a3b9f7e,2025-11-23,7,Annual,Web,Stripe,Strand,,,United States of America,"Canada, Great Britain & United States",North America,,,,,,,,3.13.1,Android,Samsung,Samsung,Sm-S918u,,0,0,0,0,0,1
4289566,2f2f65b8-1b15-40de-a340-021c8aa9b987,2025-11-22,7,Annual,Web,Stripe,,35-44,female,United Kingdom,"Canada, Great Britain & United States",Europe,,"[
  ""Medium""
]",3,Beginner,Start my fitness journey,,"[
  ""Afro Rhythms"",
  ""Bachata"",
  ""Brazilian Rhythms"",
  ""Caribbean Rhythms"",
  ""Chill Out"",
  ""Cumbia"",
  ""Disco"",
  ""Hip Hop"",
  ""Merengue"",
  ""Pop"",
  ""Reggaeton"",
  ""Salsa"",
  ""World Rhythms""
]",2,iOS,Apple,Apple,"Iphone12,8",7,0,0,0,0,1,1
3735117,922c5848-6d39-4bf5-9fde-1d9fd2f8b0c1,2025-11-23,7,Annual,Web,Stripe,,35-44,female,United Kingdom,"Canada, Great Britain & United States",Europe,,"[
  ""Medium""
]",2,Beginner,reduce stress,,"[
  ""Broadway"",
  ""Pop"",
  ""Reggaeton"",
  ""Salsa""
]",2,iOS,Apple,Apple,"Iphone15,4",220,0,0,0,0,0,1
4106512,3c92e686-9996-4d3d-b4c0-55e931df140e,2025-11-21,7,Annual,Web,Stripe,,45-54,female,United States of America,"Canada, Great Britain & United States",North America,,"[
  ""Medium""
]",3,Beginner,lose weight and tone,,"[
  ""Country"",
  ""Pop"",
  ""R&B"",
  ""Rock""
]",7,iOS,Apple,Apple,"Iphone16,2",113,0,0,0,0,2,1
4302293,a1731bd3-e2e1-4c75-ae9b-9eccad5ab7fe,2025-11-22,0,Monthly,Web,Stripe,,45-54,female,United States of America,"Canada, Great Britain & United States",North America,,"[
  ""Medium""
]",4,Intermediate,Start my fitness journey,,"[
  ""Bachata"",
  ""Cumbia"",
  ""Disco"",
  ""Hip Hop"",
  ""House"",
  ""Reggaeton"",
  ""Salsa""
]",,iOS,,,,,0,0,0,0,1,1
4303737,012582f6-f13c-4f40-8e60-699577fd70f4,2025-11-23,0,Monthly,Web,Stripe,,35-44,female,United States of America,"Canada, Great Britain & United States",North America,,"[
  ""Medium"",
  ""High""
]",4,Intermediate,Start my fitness journey,,"[
  ""Afro Rhythms"",
  ""Bachata"",
  ""Brazilian Rhythms"",
  ""Caribbean Rhythms"",
  ""Cumbia"",
  ""Disco"",
  ""Electronic"",
  ""Merengue"",
  ""Pop"",
  ""Reggaeton"",
  ""Salsa"",
  ""World Rhythms""
]",6,iOS,Apple,Apple,"Iphone14,5",,0,0,0,0,0,1
4292746,540130b5-7f73-4ddf-99a6-7a338c1a5b30,2025-11-23,7,Annual,App,Apple,,Under 18,female,United States of America,"Canada, Great Britain & United States",North America,,"[
  ""Medium""
]",3,Intermediate,lose weight and tone,,"[
  ""Hip Hop"",
  ""Pop""
]",2,iOS,Apple,Apple,"Iphone14,7",7,0,0,0,0,0,1
4291455,23cbdfb7-58d0-4c52-bef1-6c98438c1622,2025-11-23,7,Annual,App,Google,,25-34,female,Netherlands,Rest of the World,Europe,,"[
  ""Medium""
]",2,Intermediate,Start my fitness journey,,"[
  ""Afro Rhythms"",
  ""Bachata"",
  ""Brazilian Rhythms"",
  ""Caribbean Rhythms"",
  ""Chill Out"",
  ""Cumbia"",
  ""Disco"",
  ""Electronic"",
  ""Hip Hop"",
  ""House"",
  ""Merengue"",
  ""Pop"",
  ""Reggaeton"",
  ""Salsa"",
  ""Techno"",
  ""World Rhythms""
]",3.13.1,Android,Samsung,Samsung,Sm-S918b,7,0,0,0,0,0,1
3151367,d1c3ba78-9c78-49ca-9794-9da97a7f7477,2025-11-23,7,Annual,App,Apple,,,,United Kingdom,"Canada, Great Britain & United States",Europe,,,,Beginner,lose weight and tone,,"[
  ""Afrobeats"",
  ""Bachata"",
  ""Bollywood"",
  ""Merengue"",
  ""Reggaeton"",
  ""Salsa"",
  ""Soca""
]",6,iOS,Apple,Apple,"Iphone18,2",497,0,0,0,0,0,1
4291736,e96fb653-5929-4c82-ac25-72dcdf19343e,2025-11-23,7,Annual,Web,App to Web,,55-64,female,United States of America,"Canada, Great Britain & United States",North America,,"[
  ""Low""
]",3,Beginner,Start my fitness journey,,"[
  ""Bachata"",
  ""Cumbia"",
  ""Merengue"",
  ""Salsa""
]",2,iOS,Apple,Apple,"Iphone18,2",7,0,0,0,0,0,1
4068062,86e4a3b8-59d0-47a5-841d-a954ba3fbca6,2025-11-23,0,Monthly,Web,Stripe,,25-34,female,United States of America,"Canada, Great Britain & United States",North America,,"[
  ""High""
]",4,Beginner,lose weight and tone,,"[
  ""Bachata"",
  ""Bellydance"",
  ""Brazilian Rhythms"",
  ""Cumbia"",
  ""Merengue"",
  ""Pop"",
  ""Reggaeton"",
  ""Salsa""
]",,Android,,,,,0,0,0,0,0,1
2109388,817879de-5c16-4e62-b314-3819c437abbf,2025-11-23,0,Monthly,Web,App to Web,,45-54,female,United States of America,"Canada, Great Britain & United States",North America,,"[
  ""Low""
]",3,Beginner,lose weight and tone,,"[
  ""Alternative"",
  ""Country"",
  ""Cumbia"",
  ""Hip Hop"",
  ""Merengue"",
  ""Pop"",
  ""R&B"",
  ""Reggae"",
  ""Reggaeton""
]",2,iOS,Apple,Apple,"Iphone15,2",534,0,0,0,0,0,1
3457769,1a214ee8-cae3-4857-9f8e-141b30f1fc94,2025-11-10,0,Monthly,App,Apple,,,,Switzerland,Rest of the World,Europe,,"[
  ""Medium""
]",4,Intermediate,lose weight and tone,,"[
  ""Afrobeats"",
  ""Alternative"",
  ""Bachata"",
  ""Belly Dance"",
  ""Bhangra"",
  ""Blues"",
  ""Bollywood"",
  ""Broadway"",
  ""Country"",
  ""Cumbia"",
  ""Disco"",
  ""Funk"",
  ""Hip Hop"",
  ""House"",
  ""K-Pop"",
  ""Merengue"",
  ""Other"",
  ""Pop"",
  ""R&B"",
  ""Reggae"",
  ""Reggaeton"",
  ""Rock"",
  ""Salsa"",
  ""Soca""
]",6,iOS,Apple,Apple,"Iphone14,5",316,17,12,0.845825,32.112068966,13,1
4264807,693e8c2e-9933-49b3-9d18-f65cf17ffc8a,2025-11-10,7,Annual,Web,Stripe,,,female,France,Rest of the World,Europe,,"[
  ""Medium""
]",5,Beginner,,,"[
  ""Afro Rhythms"",
  ""Chill Out"",
  ""Electronic"",
  ""Pop"",
  ""Reggaeton"",
  ""Techno"",
  ""World Rhythms""
]",2,iOS,Apple,Apple,"Iphone10,4",10,39,24,0.4948833333,29.754497354,13,1
4274094,5510ca08-efa0-4543-93ca-c6a5042fb7e2,2025-11-12,7,Annual,App,Apple,,35-44,female,Australia,Rest of the World,APAC (excl. India),,"[
  ""Medium""
]",2,Beginner,Have some fun,,"[
  ""Disco"",
  ""Pop"",
  ""Salsa""
]",2,iOS,Apple,Apple,"Iphone13,3",7,2,1,0.994,19.283333333,11,1
4277780,04a270a3-12d4-4d44-b8be-819ae4b5edd7,2025-11-08,0,Monthly,Web,Stripe,,35-44,female,United States of America,"Canada, Great Britain & United States",North America,,"[
  ""Low""
]",7,Beginner,Have some fun,,"[
  ""Afro Rhythms"",
  ""Caribbean Rhythms"",
  ""Disco"",
  ""Electronic"",
  ""House"",
  ""Pop""
]",2,iOS,Apple,Apple,"Iphone15,5",0,2,2,0.11655,31.925,15,1
4268863,9ace2ec8-4de6-458b-bd21-8526cad69f0a,2025-11-09,7,Annual,Web,App to Web,,35-44,female,United States of America,"Canada, Great Britain & United States",North America,,"[
  ""High"",
  ""Medium""
]",5,Intermediate,lose weight and tone,,"[
  ""Caribbean Rhythms"",
  ""Electronic"",
  ""Hip Hop"",
  ""Pop"",
  ""Techno""
]",2,iOS,Apple,Apple,"Ipad12,1",7,5,5,0.39366,45.903333333,14,1
4284627,deae9901-9292-4b51-adc0-bfc35137b63c,2025-11-12,0,Monthly,Web,Stripe,,25-34,female,United States of America,"Canada, Great Britain & United States",North America,,"[
  ""Medium""
]",5,Beginner,reduce stress,,"[
  ""Caribbean Rhythms"",
  ""Cumbia"",
  ""Disco"",
  ""Electronic"",
  ""Hip Hop"",
  ""House"",
  ""Merengue"",
  ""Pop"",
  ""Reggaeton"",
  ""Salsa"",
  ""Techno""
]",,iOS,,,,,0,0,0,0,11,1
1819590,bd94ec70-8e3c-48c2-b558-cc768050d2e5,2025-11-11,7,Annual,Web,Stripe,Samsung,45-54,female,Canada,"Canada, Great Britain & United States",North America,,"[
  ""High"",
  ""Medium""
]",2,Advanced,Start my fitness journey,,"[
  ""Bachata"",
  ""Hip Hop"",
  ""Pop"",
  ""Reggaeton"",
  ""Salsa""
]",3.14.0,Android,Samsung,Samsung,Sm-G990e,7,1,1,0.9993,49.783333333,12,1
4267140,a684d2fa-ad0d-4972-bb76-17d1bfd8df78,2025-11-12,7,Annual,Web,Stripe,,35-44,female,United States of America,"Canada, Great Britain & United States",North America,,"[
  ""Medium""
]",3,Intermediate,lose weight and tone,,"[
  ""Bachata"",
  ""Caribbean Rhythms"",
  ""Hip Hop"",
  ""House"",
  ""Merengue"",
  ""Pop"",
  ""Reggaeton"",
  ""Salsa""
]",,Android,,,,,0,0,0,0,11,1
4210584,cda9d1d3-6334-4250-b8ac-f363f9acd5f6,2025-11-13,0,Monthly,App,Apple,,25-34,female,Italy,Rest of the World,Europe,,"[
  ""Medium""
]",5,Intermediate,reduce stress,,"[
  ""Afro Rhythms"",
  ""Bachata"",
  ""Brazilian Rhythms"",
  ""Caribbean Rhythms"",
  ""Hip Hop"",
  ""Merengue"",
  ""Pop"",
  ""Reggaeton"",
  ""World Rhythms""
]",2,iOS,Apple,Apple,"Iphone15,2",45,18,8,0.774775,23.251923077,10,1
4283764,07e69fff-08dc-4647-a273-066568b44b60,2025-11-18,7,Annual,Web,App to Web,,35-44,female,United States of America,"Canada, Great Britain & United States",North America,,"[
  ""Medium"",
  ""Low""
]",3,Beginner,lose weight and tone,,"[
  ""Disco"",
  ""Electronic"",
  ""House"",
  ""Pop"",
  ""Techno""
]",2,iOS,Apple,Apple,"Iphone15,2",7,0,0,0,0,5,1
3830260,32c11dc2-2e46-468e-b2a0-3eb95fc5dfc2,2025-11-11,7,Annual,Web,Stripe,,35-44,female,United Kingdom,"Canada, Great Britain & United States",Europe,,"[
  ""Low""
]",3,Beginner,lose weight and tone,,"[
  ""Afro Rhythms"",
  ""Bachata"",
  ""Brazilian Rhythms"",
  ""Caribbean Rhythms"",
  ""Chill Out"",
  ""Cumbia"",
  ""Disco"",
  ""Electronic"",
  ""Hip Hop"",
  ""House"",
  ""Merengue"",
  ""Pop"",
  ""Reggaeton"",
  ""Salsa"",
  ""Techno"",
  ""World Rhythms""
]",6,iOS,Apple,Apple,"Ipad15,7",7,1,1,1,32.116666667,12,1
2811194,7e50e81a-f787-4cae-99d7-b49d5790ddeb,2025-11-13,14,Annual,App,Apple,,,,Australia,Rest of the World,APAC (excl. India),In Person & Virtual Classes,"[
  ""High""
]",,Intermediate,,"[
  ""Following instructors"",
  ""Taking classes at home"",
  ""Learning dances""
]","[
  ""Disco"",
  ""Hip Hop"",
  ""Salsa""
]",6,iOS,Apple,Apple,"Iphone14,3",665,0,0,0,0,10,1
4287436,747db274-50f3-479f-aaa0-2f1507e3c6e7,2025-11-13,0,Monthly,App,Google,,45-54,female,Germany,Rest of the World,Europe,,"[
  ""Medium""
]",,Beginner,lose weight and tone,,"[
  ""Caribbean Rhythms"",
  ""Chill Out"",
  ""Disco"",
  ""Pop"",
  ""Reggaeton"",
  ""Salsa""
]",3.13.1,Android,Samsung,Samsung,Sm-S931b,0,0,0,0,0,10,1
4263232,ea79bfcc-cb0f-47cd-a713-f46de1973556,2025-11-09,7,Annual,App,Apple,,35-44,female,Austria,Rest of the World,Europe,,"[
  ""High""
]",3,Advanced,lose weight and tone,,"[
  ""Bachata"",
  ""Brazilian Rhythms"",
  ""Cumbia"",
  ""Merengue"",
  ""Pop"",
  ""Reggaeton"",
  ""Salsa""
]",2,iOS,Apple,Apple,"Ipad12,1",10,1,1,1,30,14,1
4155089,6be092d4-fa26-4f62-8848-199baca2052a,2025-11-10,7,Annual,Web,Stripe,,45-54,female,France,Rest of the World,Europe,,"[
  ""Medium""
]",2,Beginner,lose weight and tone,,"[
  ""Afro Rhythms"",
  ""Brazilian Rhythms"",
  ""Caribbean Rhythms"",
  ""Disco"",
  ""Electronic"",
  ""Pop"",
  ""Techno"",
  ""World Rhythms""
]",2,iOS,Apple,Apple,"Ipad14,10",73,14,6,0.6790666667,27.805,13,1
2555205,0744948e-8e93-4bcf-a36e-9f240ef05a7d,2025-11-10,0,Monthly,Web,Stripe,,55-64,female,United States of America,"Canada, Great Britain & United States",North America,,"[
  ""Low"",
  ""Medium""
]",4,Intermediate,lose weight and tone,,"[
  ""Afro Rhythms"",
  ""Bachata"",
  ""Cumbia"",
  ""Merengue"",
  ""Salsa"",
  ""World Rhythms""
]",2,iOS,Apple,Apple,"Iphone13,3",316,5,3,0.1943,31.270833333,13,1
4270769,221037e0-0c2e-4731-8d2e-282475dd7247,2025-11-10,7,Annual,App,Apple,,35-44,female,United States of America,"Canada, Great Britain & United States",North America,,"[
  ""Medium""
]",3,Beginner,Start my fitness journey,,"[
  ""Chill Out"",
  ""Pop"",
  ""Techno""
]",2,iOS,Apple,Apple,"Iphone15,4",7,0,0,0,0,13,1
4295048,fcae0bcd-0c5e-4161-81a2-9fea06e53f66,2025-11-18,0,Monthly,Web,App to Web,,18-24,female,United States of America,"Canada, Great Britain & United States",North America,,"[
  ""Medium"",
  ""Low""
]",4,Beginner,Start my fitness journey,,"[
  ""Afro Rhythms"",
  ""Bachata"",
  ""Brazilian Rhythms"",
  ""Caribbean Rhythms"",
  ""Chill Out"",
  ""Cumbia"",
  ""Disco"",
  ""Electronic"",
  ""Hip Hop"",
  ""House"",
  ""Merengue"",
  ""Pop"",
  ""Reggaeton"",
  ""Salsa"",
  ""Techno"",
  ""World Rhythms""
]",6,iOS,Apple,Apple,"Iphone14,5",0,2,2,0.9967,33.3,5,1
4283318,cfd02a70-154a-471c-9c25-90e1d49f8f88,2025-11-18,7,Annual,Web,App to Web,,35-44,female,United States of America,"Canada, Great Britain & United States",North America,,"[
  ""Medium"",
  ""High""
]",3,Advanced,lose weight and tone,,"[
  ""Hip Hop"",
  ""Pop""
]",2,iOS,Apple,Apple,"Iphone18,2",7,0,0,0,0,5,1
4298021,652b623a-d87b-4785-8887-4612a3f8a2c6,2025-11-19,0,Monthly,Web,App to Web,,45-54,female,United States of America,"Canada, Great Britain & United States",North America,,,,,Have some fun,,,2,iOS,Apple,Apple,"Iphone14,3",0,1,0,0,13.916666667,4,1
4151331,39e078d8-a1f8-4462-a747-3b6bcedba5b8,2025-11-11,7,Annual,App,Google,,35-44,female,Israel,Rest of the World,ME-A,,"[
  ""High"",
  ""Medium"",
  ""Low""
]",7,Beginner,Have some fun,,"[
  ""Afro Rhythms"",
  ""Bachata"",
  ""Brazilian Rhythms"",
  ""Caribbean Rhythms"",
  ""Chill Out"",
  ""Cumbia"",
  ""Merengue"",
  ""Reggaeton"",
  ""Salsa"",
  ""Techno"",
  ""World Rhythms""
]",3.14.0,Android,Samsung,Samsung,Sm-S918b,76,1,1,0.9995,32.366666667,12,1
4284092,4991fa99-d438-4120-acb2-a5f99b26a5bb,2025-11-18,7,Annual,App,Apple,,65+,female,United States of America,"Canada, Great Britain & United States",North America,,"[
  ""Low"",
  ""Medium""
]",3,Beginner,lose weight and tone,,"[
  ""Bachata"",
  ""Brazilian Rhythms"",
  ""Caribbean Rhythms"",
  ""Cumbia"",
  ""Disco"",
  ""House"",
  ""Merengue"",
  ""Pop"",
  ""Salsa""
]",2,iOS,Apple,Apple,"Ipad14,10",7,0,0,0,0,5,1
4277698,fac8fd34-2a30-4ee8-bcee-bc03282b1ba7,2025-11-15,7,Annual,Web,Stripe,,35-44,female,Italy,Rest of the World,Europe,,"[
  ""Medium""
]",3,Beginner,lose weight and tone,,"[
  ""Afro Rhythms"",
  ""Bachata"",
  ""Brazilian Rhythms"",
  ""Caribbean Rhythms"",
  ""Chill Out"",
  ""Cumbia"",
  ""Disco"",
  ""Hip Hop"",
  ""House"",
  ""Merengue"",
  ""Pop"",
  ""Reggaeton"",
  ""Salsa""
]",2,iOS,Apple,Apple,"Iphone16,2",7,0,0,0,0,8,1
3955194,aa02dc3e-4435-4e8c-81ae-d4c2b7cb546e,2025-11-15,0,Annual,Web,App to Web,,,,United States of America,"Canada, Great Britain & United States",North America,,"[
  ""Medium""
]",,Intermediate,,,"[
  ""Afro Rhythms"",
  ""Bachata"",
  ""Brazilian Rhythms"",
  ""Caribbean Rhythms"",
  ""Cumbia"",
  ""Merengue"",
  ""Reggaeton"",
  ""Salsa"",
  ""World Rhythms""
]",2,iOS,Apple,Apple,"Iphone14,5",177,0,0,0,0,8,1
4263073,a7729038-b30a-406d-b817-4de1aa0f1faf,2025-11-18,7,Annual,Web,Stripe,,,,United States of America,"Canada, Great Britain & United States",North America,,,3,,,,,2,iOS,Apple,Apple,"Iphone13,1",20,0,0,0,0,5,1
4278795,5490f91c-8941-4be6-bf0c-f203afcbb706,2025-11-08,0,Monthly,App,Apple,,35-44,female,United States of America,"Canada, Great Britain & United States",North America,,"[
  ""High""
]",4,Beginner,lose weight and tone,,"[
  ""Electronic"",
  ""Reggaeton"",
  ""Salsa"",
  ""Techno""
]",2,iOS,Apple,Apple,"Iphone14,3",0,0,0,0,0,8,1
3102621,6dc726e6-5ae5-405e-83b1-8173eb93e7ba,2025-11-08,7,Monthly,App,Apple,,,,United Kingdom,"Canada, Great Britain & United States",Europe,,"[
  ""Medium""
]",3,Intermediate,lose weight and tone,,"[
  ""Afrobeats"",
  ""Bachata"",
  ""Belly Dance"",
  ""Bhangra"",
  ""Bollywood"",
  ""Disco"",
  ""Hip Hop"",
  ""House"",
  ""Pop""
]",2,iOS,Apple,Apple,"Iphone13,4",503,0,0,0,0,15,1
4285555,b8ff46d2-a2b4-40bd-bfb4-b4c1d682dbbf,2025-11-19,7,Annual,Web,Stripe,,,,United States of America,"Canada, Great Britain & United States",North America,,"[
  ""Medium"",
  ""High""
]",5,Intermediate,lose weight and tone,,[],,Android,,,,,0,0,0,0,4,1
4280693,b65cff07-7ac7-4a9e-be14-50283a077341,2025-11-17,7,Annual,Web,Stripe,,35-44,female,Canada,"Canada, Great Britain & United States",North America,,"[
  ""Medium""
]",4,Intermediate,lose weight and tone,,"[
  ""Afro Rhythms"",
  ""Bachata"",
  ""Brazilian Rhythms"",
  ""Caribbean Rhythms"",
  ""Chill Out"",
  ""Disco"",
  ""Hip Hop"",
  ""Merengue"",
  ""Pop"",
  ""Reggaeton"",
  ""Salsa"",
  ""World Rhythms""
]",2,iOS,Apple,Apple,"Iphone17,2",7,0,0,0,0,6,1
4285386,b56abac9-b229-4655-bf00-d6cf5cdd6e2b,2025-11-19,7,Annual,Web,App to Web,,35-44,female,United States of America,"Canada, Great Britain & United States",North America,,"[
  ""Low"",
  ""Medium""
]",3,Beginner,lose weight and tone,,"[
  ""Chill Out"",
  ""Disco"",
  ""Hip Hop"",
  ""Pop"",
  ""Salsa""
]",2,iOS,Apple,Apple,"Iphone16,2",7,0,0,0,0,4,1
4292388,8a33cd56-ad4b-4316-aaef-913004e77409,2025-11-16,0,Monthly,Web,Stripe,,55-64,female,United States of America,"Canada, Great Britain & United States",North America,,"[
  ""Medium""
]",3,Beginner,lose weight and tone,,"[
  ""Disco"",
  ""Hip Hop"",
  ""House"",
  ""Pop"",
  ""Salsa""
]",,iOS,,,,,0,0,0,0,7,1
4285661,29c5425a-3813-48d6-b3f8-eac6401e2dfb,2025-11-19,7,Annual,Web,Stripe,,35-44,female,United States of America,"Canada, Great Britain & United States",North America,,"[
  ""Medium""
]",1,Beginner,reduce stress,,"[
  ""Chill Out"",
  ""Hip Hop"",
  ""Pop""
]",2,iOS,Apple,Apple,"Iphone15,3",7,0,0,0,0,4,1
2085752,091368b9-762d-4fbe-87c5-511537a1d4d5,2025-11-14,0,Monthly,Web,Stripe,,55-64,female,United States of America,"Canada, Great Britain & United States",North America,,"[
  ""Medium"",
  ""High""
]",7,Intermediate,,,"[
  ""Afro Rhythms"",
  ""Bachata"",
  ""Caribbean Rhythms"",
  ""Cumbia"",
  ""Hip Hop"",
  ""Merengue"",
  ""Pop"",
  ""Reggaeton"",
  ""Salsa""
]",,iOS,,,,,25,15,0.46912,32.614583333,9,1
4140246,d770072e-16a7-4493-aa30-dc78d4e1d816,2025-11-10,0,Monthly,App,Google,,35-44,female,Brazil,Rest of the World,LATAM,,"[
  ""Medium""
]",2,Beginner,lose weight and tone,,"[
  ""Brazilian Rhythms"",
  ""Caribbean Rhythms"",
  ""Salsa""
]",3.13.1,Android,Samsung,Samsung,Sm-A166m,82,5,2,0.78795,31.176190476,13,1
4272920,ab0d7b00-efa7-482c-8ea7-ff17a022153f,2025-11-12,7,Annual,Web,Stripe,,35-44,female,Spain,Rest of the World,Europe,,"[
  ""Low""
]",2,Beginner,Have some fun,,"[
  ""Chill Out"",
  ""Disco"",
  ""Electronic"",
  ""House"",
  ""Pop"",
  ""Techno"",
  ""World Rhythms""
]",3.13.1,Android,Motorola,Motorola,Moto G(30),7,0,0,0,0,11,1
4272591,77327d1c-3755-46e1-8ce2-45eaeb4e5d77,2025-11-11,7,Annual,Web,App to Web,,25-34,female,United States of America,"Canada, Great Britain & United States",North America,,"[
  ""High""
]",2,Intermediate,lose weight and tone,,"[
  ""Afro Rhythms"",
  ""Bachata"",
  ""Brazilian Rhythms"",
  ""Disco"",
  ""Hip Hop"",
  ""House"",
  ""Merengue"",
  ""Pop"",
  ""Reggaeton"",
  ""Salsa""
]",2,iOS,Apple,Apple,"Iphone17,4",7,1,1,0,5,12,1
4289372,6cb2c2d1-6895-4b52-9bf5-3999b7c0c7d1,2025-11-14,0,Monthly,App,Google,,35-44,female,United States of America,"Canada, Great Britain & United States",North America,,"[
  ""Medium""
]",,Intermediate,Start my fitness journey,,"[
  ""Afro Rhythms"",
  ""Bachata"",
  ""Brazilian Rhythms"",
  ""Caribbean Rhythms"",
  ""Chill Out"",
  ""Cumbia"",
  ""Disco"",
  ""Electronic"",
  ""Hip Hop"",
  ""House"",
  ""Merengue"",
  ""Pop"",
  ""Reggaeton"",
  ""Salsa"",
  ""Techno"",
  ""World Rhythms""
]",3.14.0,Android,Samsung,Samsung,Sm-G973u,0,0,0,0,0,9,1
4278596,c03f217d-8a2c-4cf3-83b3-11d2da412611,2025-11-15,7,Annual,App,Google,,25-34,female,United States of America,"Canada, Great Britain & United States",North America,,"[
  ""Medium""
]",,Beginner,lose weight and tone,,"[
  ""Bachata"",
  ""Caribbean Rhythms"",
  ""Cumbia"",
  ""Electronic"",
  ""Hip Hop"",
  ""House"",
  ""Merengue"",
  ""Pop"",
  ""Reggaeton"",
  ""Salsa"",
  ""Techno"",
  ""World Rhythms""
]",3.14.0,Android,Google,Google,Pixel 8 Pro,7,0,0,0,0,8,1
4286043,dabec200-e14f-4325-904e-bbec82ad4fb9,2025-11-17,0,Monthly,App,Apple,,55-64,female,United States of America,"Canada, Great Britain & United States",North America,,"[
  ""Low""
]",3,Beginner,lose weight and tone,,"[
  ""Pop""
]",2,iOS,Apple,Apple,"Iphone17,2",5,0,0,0,0,6,1
4285354,0a144836-f045-4e9a-a55e-29d782437855,2025-11-12,0,Monthly,Web,Stripe,,35-44,female,United States of America,"Canada, Great Britain & United States",North America,,"[
  ""Medium""
]",3,Beginner,lose weight and tone,,"[
  ""Caribbean Rhythms"",
  ""Hip Hop"",
  ""Pop"",
  ""Reggaeton"",
  ""Techno""
]",2,iOS,Apple,Apple,"Ipad11,3",0,2,1,0.9987,12.416666667,11,1
4293972,c669f22f-fcf7-4365-aa7d-7b7cf2881ce0,2025-11-17,0,Annual,Web,App to Web,,35-44,female,United States of America,"Canada, Great Britain & United States",North America,,"[
  ""Low""
]",2,Beginner,Start my fitness journey,,,2,iOS,Apple,Apple,"Iphone17,1",0,1,1,1,13.916666667,6,1
4284370,ea53a86d-7597-4def-a20c-d2a6c47d9332,2025-11-11,0,Monthly,Web,Stripe,,35-44,female,United States of America,"Canada, Great Britain & United States",North America,,"[
  ""Low""
]",3,Beginner,lose weight and tone,,"[
  ""Brazilian Rhythms"",
  ""Caribbean Rhythms"",
  ""Hip Hop""
]",3.13.1,Android,Samsung,Samsung,Sm-S908u,0,2,0,0,23.016666667,12,1
4273372,2a37f99b-c1ca-4c64-91e2-522568761bea,2025-11-12,7,Annual,App,Google,,25-34,female,Costa Rica,Rest of the World,LATAM,,"[
  ""Medium"",
  ""High""
]",3,Intermediate,lose weight and tone,,"[
  ""Bachata"",
  ""Brazilian Rhythms"",
  ""Chill Out"",
  ""Cumbia"",
  ""Merengue"",
  ""Pop"",
  ""Reggaeton"",
  ""Salsa""
]",3.13.1,Android,Samsung,Samsung,Sm-S938b,7,2,1,0.8622,30,11,1
4290199,4ace1189-e12b-4801-a77c-5ed015629a63,2025-11-22,7,Annual,Web,Stripe,Xtend,35-44,female,United States of America,"Canada, Great Britain & United States",North America,,"[
  ""Medium""
]",4,Advanced,reduce stress,,"[
  ""Brazilian Rhythms"",
  ""Caribbean Rhythms"",
  ""Hip Hop"",
  ""Merengue"",
  ""Pop"",
  ""Salsa""
]",6,iOS,Apple,Apple,"Iphone16,1",7,0,0,0,0,1,1
4279689,a62fe63c-9e91-48c3-93e9-8e31b4a23d9a,2025-11-15,0,Annual,App,Google,,55-64,female,United States of America,"Canada, Great Britain & United States",North America,,"[
  ""High""
]",,Advanced,lose weight and tone,,"[
  ""Bachata"",
  ""Caribbean Rhythms"",
  ""Hip Hop"",
  ""Pop"",
  ""Reggaeton"",
  ""Salsa""
]",3.14.0,Android,Motorola,Motorola,Moto G Stylus 5g,6,5,5,0.96616,52.683333333,8,1
4289482,d60cdd00-26b2-4074-bfdf-3f718eba44f7,2025-11-14,0,Monthly,Web,Stripe,,65+,female,United States of America,"Canada, Great Britain & United States",North America,,"[
  ""Low""
]",3,Beginner,Start my fitness journey,,"[
  ""Cumbia"",
  ""Disco"",
  ""Merengue"",
  ""Salsa""
]",3.14.0,Android,Samsung,Samsung,Sm-S938u,0,0,0,0,0,9,1
4180736,49f22efe-9e49-41bd-b8a1-985027d5320b,2025-11-21,0,Monthly,Web,App to Web,,55-64,female,United States of America,"Canada, Great Britain & United States",North America,,"[
  ""Medium""
]",3,Beginner,lose weight and tone,,"[
  ""Afro Rhythms"",
  ""Brazilian Rhythms"",
  ""Caribbean Rhythms"",
  ""Pop"",
  ""Salsa"",
  ""World Rhythms""
]",6,iOS,Apple,Apple,"Iphone16,2",70,0,0,0,0,2,1
4262798,44cedc1b-797f-4080-8425-d71b5c24a2f6,2025-11-11,7,Annual,App,Apple,,35-44,female,Netherlands,Rest of the World,Europe,,"[
  ""Low""
]",4,Beginner,reduce stress,,"[
  ""Bachata"",
  ""Merengue"",
  ""Salsa""
]",6,iOS,Apple,Apple,"Iphone13,2",13,15,5,0.6357,28.578333333,12,1
4295046,d3de1123-4f04-4e50-b5eb-37d659c124cd,2025-11-18,0,Monthly,App,Google,,45-54,female,Germany,Rest of the World,Europe,,"[
  ""Medium""
]",7,Beginner,lose weight and tone,,"[
  ""Afro Rhythms"",
  ""Bachata"",
  ""Brazilian Rhythms"",
  ""Caribbean Rhythms"",
  ""Disco"",
  ""Electronic"",
  ""Pop"",
  ""World Rhythms""
]",3.13.1,Android,Samsung,Samsung,Sm-S928b,0,0,0,0,0,5,1
3762498,c6ba1aa7-ba5e-40b0-9068-52db6f621844,2025-11-13,0,Monthly,Web,Stripe,,25-34,female,United States of America,"Canada, Great Britain & United States",North America,,"[
  ""Medium""
]",4,Intermediate,reduce stress,,"[
  ""Alternative"",
  ""Pop"",
  ""Rock"",
  ""Salsa""
]",3.13.1,Android,Samsung,Samsung,Sm-S146vl,253,0,0,0,0,10,1
2439305,17b2972f-a0cd-4282-93ca-ef58b3dfd8d4,2025-11-18,7,Annual,Web,Stripe,,35-44,female,United States of America,"Canada, Great Britain & United States",North America,,"[
  ""Medium""
]",3,Intermediate,lose weight and tone,,"[
  ""Afro Rhythms"",
  ""Bachata"",
  ""Brazilian Rhythms"",
  ""Caribbean Rhythms"",
  ""Cumbia"",
  ""Merengue"",
  ""Pop"",
  ""Reggaeton"",
  ""Salsa""
]",3.13.1,Android,Samsung,Samsung,Sm-S911u1,7,0,0,0,0,5,1
4296348,53b7146e-89e6-43b6-a351-7a6882ef79a4,2025-11-18,0,Monthly,App,Apple,,35-44,male,United Kingdom,"Canada, Great Britain & United States",Europe,,,3,,,,,2,iOS,Apple,Apple,"Iphone14,3",0,0,0,0,0,5,1
908485,a7b8a959-6b8f-4698-96d5-4ee5a3672279,2025-11-21,7,Annual,Web,Stripe,,35-44,female,United States of America,"Canada, Great Britain & United States",North America,,"[
  ""High""
]",,Advanced,lose weight and tone,,"[
  ""Afro Rhythms"",
  ""Bachata"",
  ""Brazilian Rhythms"",
  ""Caribbean Rhythms"",
  ""Chill Out"",
  ""Cumbia"",
  ""Electronic"",
  ""Merengue"",
  ""Pop"",
  ""Reggaeton"",
  ""Salsa"",
  ""Techno"",
  ""World Rhythms""
]",6,iOS,Apple,Apple,"Iphone16,2",,0,0,0,0,2,1
4275578,71d2e64a-6a6a-41c2-b3c5-a6542e8b238f,2025-11-13,7,Annual,App,Google,,35-44,female,Germany,Rest of the World,Europe,,"[
  ""Medium""
]",,Beginner,lose weight and tone,,"[
  ""Afro Rhythms"",
  ""Brazilian Rhythms"",
  ""Caribbean Rhythms"",
  ""Salsa""
]",3.13.1,Android,Zte,Zte,Z2458,7,1,0,0,13.916666667,1,1
4299268,610816e2-155b-46c8-a9cb-0cc9ec88dd8b,2025-11-20,0,Monthly,Web,App to Web,,35-44,female,United States of America,"Canada, Great Britain & United States",North America,,"[
  ""Low""
]",5,Beginner,lose weight and tone,,"[
  ""Hip Hop""
]",6,iOS,Apple,Apple,"Iphone12,1",0,3,3,0.2797,11.383333333,3,1
3567260,852cca10-e434-43c8-9081-3f51665eb031,2025-11-21,7,Annual,Web,Stripe,,,,United States of America,"Canada, Great Britain & United States",North America,,"[
  ""Low""
]",5,Beginner,reduce stress,,"[
  ""Afro Rhythms"",
  ""Bachata"",
  ""Brazilian Rhythms"",
  ""Caribbean Rhythms"",
  ""Cumbia"",
  ""Hip Hop"",
  ""House"",
  ""Merengue"",
  ""Reggaeton"",
  ""Salsa""
]",2,iOS,Apple,Apple,"Iphone15,5",5,0,0,0,0,2,1
4294774,42a7ac43-e632-42d2-b240-6418e277a8c5,2025-11-17,0,Monthly,App,Apple,,45-54,female,Canada,"Canada, Great Britain & United States",North America,,"[
  ""High""
]",3,Advanced,lose weight and tone,,"[
  ""Afro Rhythms"",
  ""Bachata"",
  ""Brazilian Rhythms"",
  ""Caribbean Rhythms"",
  ""Cumbia"",
  ""Disco"",
  ""Hip Hop"",
  ""Merengue"",
  ""Pop"",
  ""Reggaeton"",
  ""Salsa"",
  ""World Rhythms""
]",2,iOS,Apple,Apple,"Iphone14,7",0,8,4,0.754475,50.6625,6,1
3915651,cd89a5d8-7b1c-4386-9073-806301805537,2025-11-19,7,Annual,Web,App to Web,,,,United States of America,"Canada, Great Britain & United States",North America,,"[
  ""Medium"",
  ""High""
]",4,Intermediate,lose weight and tone,,"[
  ""Afro Rhythms"",
  ""Afrobeats"",
  ""Bachata"",
  ""Bellydance"",
  ""Brazilian Rhythms"",
  ""Caribbean Rhythms"",
  ""Cumbia"",
  ""Disco"",
  ""Electronic"",
  ""Funk"",
  ""Hip Hop"",
  ""House"",
  ""Merengue"",
  ""Pop"",
  ""R&B"",
  ""Reggae"",
  ""Reggaeton"",
  ""Salsa"",
  ""Techno"",
  ""World Rhythms""
]",2,iOS,Apple,Apple,"Iphone14,5",197,0,0,0,0,4,1
4295649,50b8157d-6587-43a1-974e-8107aa8fe2d9,2025-11-18,0,Monthly,Web,Stripe,,45-54,female,United States of America,"Canada, Great Britain & United States",North America,,"[
  ""Low""
]",4,Beginner,Start my fitness journey,,"[
  ""Electronic"",
  ""Hip Hop"",
  ""House"",
  ""Pop"",
  ""Techno"",
  ""World Rhythms""
]",2,iOS,Apple,Apple,"Iphone16,2",0,0,0,0,0,5,1
4281085,61c75247-64e4-470a-a8b7-d2b72ea5d6e8,2025-11-11,0,Monthly,Web,App to Web,,65+,female,United States of America,"Canada, Great Britain & United States",North America,,"[
  ""Medium""
]",3,Beginner,lose weight and tone,,"[
  ""Merengue"",
  ""Salsa""
]",2,iOS,Apple,Apple,"Iphone17,4",1,3,2,0.9998,36.5,12,1
1420969,0d157837-775b-45d2-9092-5e0cef80dd55,2025-11-16,7,Annual,Web,Stripe,,,,United States of America,"Canada, Great Britain & United States",North America,In Person & Virtual Classes,,,,,,"[
  ""Afrobeats"",
  ""Alternative"",
  ""Bachata"",
  ""Belly Dance"",
  ""Bhangra"",
  ""Blues"",
  ""Bollywood"",
  ""Broadway"",
  ""Country"",
  ""Cumbia"",
  ""Disco"",
  ""Funk"",
  ""Hip Hop"",
  ""House"",
  ""K-Pop"",
  ""Merengue"",
  ""Other"",
  ""Pop"",
  ""R&B"",
  ""Reggae"",
  ""Reggaeton"",
  ""Rock"",
  ""Salsa"",
  ""Soca""
]",6,iOS,Apple,Apple,"Iphone14,3",667,0,0,0,0,7,1
4037290,7946af26-637f-4951-88d5-b4df6243b99b,2025-11-16,7,Annual,Web,Stripe,,45-54,female,United States of America,"Canada, Great Britain & United States",North America,,"[
  ""Low"",
  ""Medium""
]",3,Beginner,lose weight and tone,,"[
  ""Afrobeats"",
  ""Bellydance"",
  ""Bhangra"",
  ""Electronic""
]",3.13.1,Android,Samsung,Samsung,Sm-S931u1,7,0,0,0,0,7,1
4277268,a00bf3c6-4a63-4cba-a65e-d90fdd067a64,2025-11-14,7,Annual,Web,Stripe,,25-34,female,Spain,Rest of the World,Europe,,"[
  ""Medium""
]",2,Intermediate,lose weight and tone,,"[
  ""Bachata"",
  ""Caribbean Rhythms"",
  ""Chill Out"",
  ""Disco"",
  ""Hip Hop"",
  ""Merengue"",
  ""Pop"",
  ""Reggaeton"",
  ""World Rhythms""
]",2,iOS,Apple,Apple,"Iphone18,1",7,3,2,0.6047,30.406666667,9,1
4277948,29485c0d-58a6-4bb2-b805-5238281abcd3,2025-11-15,7,Annual,App,Apple,,35-44,female,Germany,Rest of the World,Europe,,"[
  ""Medium"",
  ""High""
]",2,Advanced,lose weight and tone,,"[
  ""Afro Rhythms"",
  ""Bachata"",
  ""Brazilian Rhythms"",
  ""Caribbean Rhythms"",
  ""Chill Out"",
  ""Cumbia"",
  ""Disco"",
  ""Electronic"",
  ""Hip Hop"",
  ""House"",
  ""Merengue"",
  ""Pop"",
  ""Reggaeton"",
  ""Salsa"",
  ""Techno"",
  ""World Rhythms""
]",2,iOS,Apple,Apple,"Iphone17,1",7,2,1,0.8993,32.188888889,8,1
4288633,9cf95089-17bb-4de8-8dcb-75dc420f7505,2025-11-21,7,Annual,Web,Stripe,,65+,male,United States of America,"Canada, Great Britain & United States",North America,,"[
  ""Medium""
]",3,Beginner,lose weight and tone,,"[
  ""Disco""
]",2,iOS,Apple,Apple,"Iphone14,8",7,0,0,0,0,2,1
4284382,82c63723-573d-4111-8eb5-c1ef7ed585f0,2025-11-18,7,Annual,Web,Stripe,,35-44,female,United States of America,"Canada, Great Britain & United States",North America,,"[
  ""High""
]",5,Advanced,lose weight and tone,,"[
  ""Bachata"",
  ""Hip Hop"",
  ""Merengue"",
  ""Reggaeton"",
  ""Salsa""
]",,iOS,,,,,0,0,0,0,5,1
4302209,c1fbef17-cfdf-44c0-abf5-fd473ebd24a8,2025-11-22,0,Monthly,Web,Stripe,,35-44,female,United States of America,"Canada, Great Britain & United States",North America,,"[
  ""Medium""
]",3,Beginner,lose weight and tone,,"[
  ""Electronic"",
  ""House"",
  ""Pop""
]",6,iOS,Apple,Apple,"Iphone14,7",0,1,1,1,28.716666667,1,1
4302011,0a8e125d-d23c-49ef-9946-8fdf1dc5f9d4,2025-11-22,0,Monthly,Web,Stripe,,45-54,female,United States of America,"Canada, Great Britain & United States",North America,,"[
  ""Medium""
]",3,Intermediate,lose weight and tone,,"[
  ""Bachata"",
  ""Brazilian Rhythms"",
  ""Caribbean Rhythms"",
  ""Chill Out"",
  ""Cumbia"",
  ""Disco"",
  ""Electronic"",
  ""Hip Hop"",
  ""House"",
  ""Merengue"",
  ""Pop"",
  ""Reggaeton"",
  ""Salsa""
]",6,iOS,Apple,Apple,"Iphone14,2",0,2,1,0.9997,43.311111111,1,1
4282288,29a5c9f4-17e0-4892-a222-02b878f896c3,2025-11-10,0,Monthly,Web,Stripe,,25-34,female,United States of America,"Canada, Great Britain & United States",North America,,"[
  ""Low"",
  ""Medium"",
  ""High""
]",5,Beginner,lose weight and tone,,"[
  ""Hip Hop"",
  ""Pop""
]",2,iOS,Apple,Apple,"Iphone15,4",0,3,3,0.9906666667,20.766666667,13,1
4276484,48ccab37-3c8e-4fe0-8549-5cfb6cca1c75,2025-11-16,7,Annual,Web,App to Web,,35-44,female,United States of America,"Canada, Great Britain & United States",North America,,"[
  ""Medium""
]",3,Beginner,lose weight and tone,,"[
  ""Afro Rhythms"",
  ""Bachata"",
  ""Caribbean Rhythms"",
  ""Cumbia"",
  ""Hip Hop"",
  ""Merengue"",
  ""Pop"",
  ""Reggaeton"",
  ""Salsa""
]",2,iOS,Apple,Apple,"Iphone15,3",9,0,0,0,0,7,1
4282589,a12790bd-f84b-44d5-bf13-02a8947310ef,2025-11-10,0,Monthly,App,Google,,35-44,female,United States of America,"Canada, Great Britain & United States",North America,,"[
  ""Medium"",
  ""High""
]",5,Beginner,lose weight and tone,,"[
  ""Brazilian Rhythms"",
  ""Caribbean Rhythms"",
  ""Hip Hop"",
  ""Merengue"",
  ""Pop"",
  ""Salsa"",
  ""Techno""
]",3.13.1,Android,Samsung,Samsung,Sm-S938u,0,0,0,0,0,13,1
4294575,ebf43967-7232-4119-b206-912dda3e4b96,2025-11-17,0,Monthly,Web,App to Web,,25-34,female,United States of America,"Canada, Great Britain & United States",North America,,"[
  ""Medium""
]",5,Intermediate,lose weight and tone,,"[
  ""Pop""
]",6,iOS,Apple,Apple,"Iphone13,2",0,4,4,0.96525,26.4875,6,1
4282571,518771e4-94b3-4805-8abc-5409137ce9e6,2025-11-10,0,Monthly,Web,App to Web,,35-44,female,United States of America,"Canada, Great Britain & United States",North America,,"[
  ""Medium""
]",7,Intermediate,lose weight and tone,,,2,iOS,Apple,Apple,"Iphone14,3",0,0,0,0,0,13,1
4130124,122ec55e-a1c1-4e6a-b1fa-251a39342152,2025-11-10,0,Monthly,App,Apple,,35-44,female,United Kingdom,"Canada, Great Britain & United States",Europe,,"[
  ""High""
]",2,Intermediate,Have some fun,,"[
  ""Afro Rhythms"",
  ""Bachata"",
  ""Brazilian Rhythms"",
  ""Caribbean Rhythms"",
  ""Cumbia"",
  ""Disco"",
  ""Hip Hop"",
  ""House"",
  ""Merengue"",
  ""Pop"",
  ""Reggaeton"",
  ""Salsa"",
  ""Techno"",
  ""World Rhythms""
]",2,iOS,Apple,Apple,"Iphone13,2",0,4,2,1,22.344444444,13,1
4273314,b14b4faf-ee9a-4c0a-958d-bedc020df182,2025-11-12,7,Annual,Web,Stripe,,35-44,female,United States of America,"Canada, Great Britain & United States",North America,,"[
  ""Medium""
]",3,Beginner,lose weight and tone,,"[
  ""Afro Rhythms"",
  ""Caribbean Rhythms"",
  ""Hip Hop"",
  ""Pop""
]",3.13.1,Android,Samsung,Samsung,Sm-S938u1,7,0,0,0,0,11,1
4277914,2d2eb233-e589-4af7-912b-d6d4e3ee6b15,2025-11-15,7,Annual,Web,Stripe,,35-44,female,United States of America,"Canada, Great Britain & United States",North America,,"[
  ""High""
]",3,Intermediate,lose weight and tone,,,2,iOS,Apple,Apple,"Iphone15,5",7,0,0,0,0,8,1
4266737,dc197311-c447-4ac0-bab8-077bbd57c4f8,2025-11-08,7,Annual,Web,Stripe,,,,United States of America,"Canada, Great Britain & United States",North America,,"[
  ""Medium""
]",3,Beginner,,,"[
  ""Disco"",
  ""House"",
  ""Pop"",
  ""Salsa"",
  ""Techno""
]",2,iOS,Apple,Apple,"Iphone16,1",6,1,1,0.9992,19.716666667,15,1
4278431,d500cf0c-e77e-446f-b197-ac485da253e9,2025-11-08,0,Monthly,Web,Stripe,,35-44,female,United States of America,"Canada, Great Britain & United States",North America,,"[
  ""High""
]",7,Intermediate,lose weight and tone,,"[
  ""Pop""
]",2,iOS,Apple,Apple,"Iphone17,4",0,1,1,0.9984,20.55,15,1
4279533,7f6ee57a-d7b8-4a7f-8ab2-5ffbe2303ce8,2025-11-16,7,Annual,App,Google,,45-54,female,United States of America,"Canada, Great Britain & United States",North America,,"[
  ""Medium""
]",,Intermediate,lose weight and tone,,"[
  ""Hip Hop"",
  ""Pop""
]",3.13.1,Android,Samsung,Samsung,Sm-S931u,7,0,0,0,0,7,1
1944628,bc378fce-b3ab-4edc-a2c6-b571249058ab,2025-11-09,7,Annual,Web,Stripe,,35-44,female,United Kingdom,"Canada, Great Britain & United States",Europe,,"[
  ""Medium""
]",4,Beginner,lose weight and tone,,"[
  ""Brazilian Rhythms"",
  ""Caribbean Rhythms"",
  ""Disco"",
  ""Hip Hop"",
  ""House"",
  ""Pop"",
  ""Reggaeton""
]",2,iOS,Apple,Apple,"Iphone12,1",7,0,0,0,0,14,1
2586163,7cd947f7-901f-4cf8-9336-63f51b344e79,2025-11-18,0,Monthly,Web,Stripe,,25-34,female,United States of America,"Canada, Great Britain & United States",North America,,"[
  ""Low"",
  ""Medium""
]",2,Beginner,lose weight and tone,"[
  ""New Music""
]","[
  ""Country"",
  ""Pop"",
  ""Rock"",
  ""Salsa""
]",6,iOS,Apple,Apple,"Iphone14,7",605,13,2,0.4992,20.257777778,5,1
4283273,4f66b48d-5838-4355-aa7e-116cad777103,2025-11-11,0,Monthly,Web,Stripe,,55-64,female,United States of America,"Canada, Great Britain & United States",North America,,"[
  ""Medium""
]",,Beginner,lose weight and tone,,"[
  ""Disco"",
  ""Electronic"",
  ""Pop"",
  ""Salsa""
]",,,,,,,4,2,1,28.05,12,1
4267387,7fdf9019-3a64-4bea-a8e0-73ed5f1b6135,2025-11-09,7,Annual,Web,App to Web,,45-54,female,United States of America,"Canada, Great Britain & United States",North America,,"[
  ""Low"",
  ""Medium""
]",3,Beginner,lose weight and tone,,"[
  ""Afro Rhythms"",
  ""Caribbean Rhythms"",
  ""Disco"",
  ""Hip Hop"",
  ""House"",
  ""Merengue"",
  ""Reggaeton"",
  ""Salsa""
]",6,iOS,Apple,Apple,"Iphone16,1",7,1,1,0,1.016666667,14,1
4295536,4b634369-48cc-4179-bc20-c7e986089292,2025-11-18,0,Monthly,Web,Stripe,,25-34,female,United States of America,"Canada, Great Britain & United States",North America,,"[
  ""High""
]",5,Beginner,lose weight and tone,,"[
  ""Caribbean Rhythms"",
  ""Chill Out"",
  ""Merengue"",
  ""Pop"",
  ""Reggaeton"",
  ""Salsa"",
  ""World Rhythms""
]",2,iOS,Apple,Apple,"Iphone17,3",0,0,0,0,0,5,1
4279627,447300c1-f9f5-49e2-8cd3-c63af04b0668,2025-11-16,7,Annual,Web,Stripe,,35-44,female,United States of America,"Canada, Great Britain & United States",North America,,"[
  ""High""
]",3,Intermediate,lose weight and tone,,"[
  ""Brazilian Rhythms"",
  ""Merengue"",
  ""Salsa"",
  ""World Rhythms""
]",6,iOS,Apple,Apple,"Iphone15,3",7,2,0,0,31.216666667,7,1
4290477,b08fc200-54ff-4073-8e24-9c54dc3f5da0,2025-11-15,0,Monthly,Web,Stripe,,35-44,female,Italy,Rest of the World,Europe,,"[
  ""Medium""
]",,Intermediate,lose weight and tone,,"[
  ""Bachata"",
  ""Caribbean Rhythms"",
  ""Disco"",
  ""House"",
  ""Pop"",
  ""Techno""
]",2,iOS,Apple,Apple,"Iphone17,3",0,7,2,0,13.333333333,8,1
4295882,a93c9441-346d-4b7c-8539-5b60fc8ce0b5,2025-11-19,0,Monthly,App,Apple,,25-34,female,United States of America,"Canada, Great Britain & United States",North America,,"[
  ""High""
]",3,Intermediate,lose weight and tone,,"[
  ""Hip Hop"",
  ""Pop"",
  ""Reggaeton"",
  ""Salsa""
]",6,iOS,Apple,Apple,"Iphone15,4",1,2,0,0,26.316666667,4,1
4289908,e9ee2231-b6c9-4afb-bf8f-cc2fb27082a2,2025-11-15,0,Annual,App,Google,,45-54,female,Brazil,Rest of the World,LATAM,,"[
  ""Low""
]",7,Beginner,lose weight and tone,,"[
  ""Afro Rhythms"",
  ""Bachata"",
  ""Brazilian Rhythms"",
  ""Caribbean Rhythms"",
  ""Chill Out"",
  ""Cumbia"",
  ""Disco"",
  ""Electronic"",
  ""Hip Hop"",
  ""House"",
  ""Merengue"",
  ""Pop"",
  ""Reggaeton"",
  ""Salsa"",
  ""Techno"",
  ""World Rhythms""
]",3.13.1,Android,Motorola,Motorola,Moto G24,0,0,0,0,0,8,1
4272731,35b43a0b-1e87-4c36-8c82-108b53b98f7c,2025-11-13,0,Monthly,Web,App to Web,,35-44,female,United States of America,"Canada, Great Britain & United States",North America,,"[
  ""Low"",
  ""Medium"",
  ""High""
]",4,Beginner,lose weight and tone,,"[
  ""Disco"",
  ""Pop"",
  ""Techno""
]",2,iOS,Apple,Apple,"Iphone17,1",8,7,5,0.59976,17.270833333,10,1
1188481,91184c22-738d-46b9-8a69-a739e3328630,2025-11-21,0,Monthly,Web,Stripe,,45-54,female,United States of America,"Canada, Great Britain & United States",North America,,"[
  ""High""
]",3,Intermediate,Have some fun,,"[
  ""Afro Rhythms"",
  ""Bachata"",
  ""Caribbean Rhythms"",
  ""Cumbia"",
  ""Merengue"",
  ""Reggaeton"",
  ""Salsa""
]",6,iOS,Apple,Apple,"Iphone15,5",0,7,0,0,39.426190476,2,1
4190053,bd01a77c-b8fc-4487-94ea-290f64c65d31,2025-11-15,7,Annual,Web,Stripe,,25-34,female,Germany,Rest of the World,Europe,,"[
  ""Medium""
]",2,Intermediate,lose weight and tone,,"[
  ""Afro Rhythms"",
  ""Brazilian Rhythms"",
  ""Caribbean Rhythms"",
  ""Hip Hop"",
  ""Reggaeton""
]",2,iOS,Apple,Apple,"Iphone13,3",7,0,0,0,0,8,1
4302485,982b9aad-d5a1-461d-88e5-984f8e3b9a7d,2025-11-22,0,Monthly,Web,Stripe,,45-54,female,United States of America,"Canada, Great Britain & United States",North America,,"[
  ""Low"",
  ""Medium""
]",3,Intermediate,lose weight and tone,,"[
  ""Caribbean Rhythms"",
  ""Chill Out"",
  ""Hip Hop"",
  ""House"",
  ""Pop"",
  ""Techno""
]",3.14.0,Android,Samsung,Samsung,Sm-S901u,0,0,0,0,0,1,1
4290122,ac249656-9b7e-4504-98bc-b8136306eaad,2025-11-22,7,Annual,App,Google,,45-54,female,United States of America,"Canada, Great Britain & United States",North America,,"[
  ""Low""
]",,Beginner,lose weight and tone,,"[
  ""Pop""
]",3.13.1,Android,Samsung,Samsung,Sm-S908u,7,0,0,0,0,1,1
4285157,16524d4a-bb65-42a0-b018-2e6e506d068a,2025-11-22,7,Annual,Web,Stripe,,45-54,female,United States of America,"Canada, Great Britain & United States",North America,,"[
  ""Medium""
]",3,Intermediate,Have some fun,,"[
  ""Afro Rhythms"",
  ""Bachata"",
  ""Brazilian Rhythms"",
  ""Caribbean Rhythms"",
  ""Chill Out"",
  ""Cumbia"",
  ""Disco"",
  ""Hip Hop"",
  ""Merengue"",
  ""Pop"",
  ""Reggaeton"",
  ""Salsa"",
  ""World Rhythms""
]",2,iOS,Apple,Apple,"Iphone16,1",7,0,0,0,0,1,1
4056427,bbf99342-9de4-4380-8684-7971d1b14e48,2025-11-15,0,Monthly,App,Google,,,,Turkey,Rest of the World,Europe,,"[
  ""Low"",
  ""Medium""
]",,Beginner,lose weight and tone,,"[
  ""Belly Dance"",
  ""Blues"",
  ""Country"",
  ""Pop"",
  ""R&B"",
  ""Salsa"",
  ""World Rhythms""
]",3.13.1,Android,Samsung,Samsung,Sm-S918b,132,0,0,0,0,8,1
4295047,3b83fa60-14c5-4621-bca2-a9b977775b93,2025-11-18,0,Monthly,Web,Stripe,,25-34,female,United States of America,"Canada, Great Britain & United States",North America,,"[
  ""Low""
]",3,Beginner,Start my fitness journey,,"[
  ""Afro Rhythms"",
  ""Brazilian Rhythms"",
  ""Caribbean Rhythms"",
  ""Disco"",
  ""Electronic"",
  ""Hip Hop"",
  ""House"",
  ""Pop"",
  ""Reggaeton"",
  ""Techno""
]",3.13.1,Android,Samsung,Samsung,Sm-S926u,0,1,1,0.9988,13.916666667,5,1
4102380,79a9f0e3-c450-4973-a8d7-46915de6b7f3,2025-11-12,7,Annual,App,Apple,,,,United States of America,"Canada, Great Britain & United States",North America,,"[
  ""Medium"",
  ""Low"",
  ""High""
]",3,Intermediate,lose weight and tone,,"[
  ""Afro Rhythms"",
  ""Alternative"",
  ""Bachata"",
  ""Belly Dance"",
  ""Caribbean Rhythms"",
  ""Country"",
  ""Disco"",
  ""Funk"",
  ""Hip Hop"",
  ""House"",
  ""Pop"",
  ""R&B"",
  ""Reggae"",
  ""Reggaeton"",
  ""Rock"",
  ""Salsa""
]",2,iOS,Apple,Apple,"Iphone14,4",106,3,3,1,31.791666667,11,1
4277801,bfaf5d2c-06c9-4636-831b-a590deb9c9bb,2025-11-08,0,Monthly,App,Apple,,25-34,female,Korea (the Republic of),Rest of the World,APAC (excl. India),,"[
  ""Medium""
]",4,Beginner,,,"[
  ""Afro Rhythms"",
  ""Bachata"",
  ""Brazilian Rhythms"",
  ""Caribbean Rhythms"",
  ""Chill Out"",
  ""Cumbia"",
  ""Disco"",
  ""Electronic"",
  ""Hip Hop"",
  ""House"",
  ""Merengue"",
  ""Pop"",
  ""Reggaeton"",
  ""Salsa"",
  ""Techno"",
  ""World Rhythms""
]",2,iOS,Apple,Apple,"Iphone17,1",0,1,0,0,49.966666667,15,1
4286440,5d6c6210-5013-4429-8735-392c3d6ea821,2025-11-13,0,Monthly,App,Apple,,35-44,female,United States of America,"Canada, Great Britain & United States",North America,,"[
  ""Low"",
  ""Medium"",
  ""High""
]",4,Intermediate,lose weight and tone,,"[
  ""Afro Rhythms"",
  ""Bachata"",
  ""Brazilian Rhythms"",
  ""Caribbean Rhythms"",
  ""Chill Out"",
  ""Cumbia"",
  ""Disco"",
  ""Electronic"",
  ""Hip Hop"",
  ""House"",
  ""Merengue"",
  ""Pop"",
  ""Reggaeton"",
  ""Salsa"",
  ""Techno"",
  ""World Rhythms""
]",2,iOS,Apple,Apple,"Iphone17,1",0,0,0,0,0,10,1
4285328,3a2ecac5-3823-43fe-9691-a6f2afb5edb8,2025-11-12,0,Monthly,App,Apple,,35-44,female,Italy,Rest of the World,Europe,,"[
  ""High"",
  ""Medium""
]",3,Intermediate,lose weight and tone,,"[
  ""Bachata"",
  ""Brazilian Rhythms"",
  ""Caribbean Rhythms"",
  ""Cumbia"",
  ""Disco"",
  ""Hip Hop"",
  ""House"",
  ""Merengue"",
  ""Salsa""
]",2,iOS,Apple,Apple,"Iphone17,2",0,5,3,0.2708,45.8875,11,1
2883428,93b9de41-a285-4926-abd3-2cd44e4edf7e,2025-11-08,7,Annual,Web,App to Web,,,,United States of America,"Canada, Great Britain & United States",North America,,,,,,,,6,iOS,Apple,Apple,"Iphone16,1",7,0,0,0,0,15,1
4256645,743c6db0-119e-4053-a8ee-a647282fc345,2025-11-12,7,Annual,Web,Stripe,Rejoin,25-34,female,Belgium,Rest of the World,Europe,,"[
  ""Medium"",
  ""High"",
  ""Low""
]",3,Advanced,lose weight and tone,,"[
  ""Afro Rhythms"",
  ""Bachata"",
  ""Brazilian Rhythms"",
  ""Caribbean Rhythms"",
  ""Chill Out"",
  ""Cumbia"",
  ""Disco"",
  ""Electronic"",
  ""Hip Hop"",
  ""House"",
  ""Merengue"",
  ""Pop"",
  ""Reggaeton"",
  ""Salsa"",
  ""Techno"",
  ""World Rhythms""
]",6,iOS,Apple,Apple,"Iphone15,5",7,4,3,0.9541,30.580952381,11,1
4282251,a8974bb8-110d-4e80-bd2a-9585ef1fc41a,2025-11-10,0,Monthly,Web,App to Web,,25-34,female,United States of America,"Canada, Great Britain & United States",North America,,"[
  ""High""
]",7,Beginner,lose weight and tone,,,3,iOS,Apple,Apple,"Iphone14,7",0,4,3,0.6899666667,23.107142857,13,1
4281026,2f187481-b0ba-4fa9-8e3c-eabe41bf14c0,2025-11-10,0,Monthly,App,Google,,55-64,female,United States of America,"Canada, Great Britain & United States",North America,,"[
  ""Low"",
  ""Medium"",
  ""High""
]",5,Intermediate,lose weight and tone,,"[
  ""Disco"",
  ""Hip Hop"",
  ""House"",
  ""World Rhythms""
]",3.13.1,Android,Samsung,Samsung,Sm-G996u,0,21,0,0,31.091269841,13,1
4268290,e1231fa6-6c3f-4837-99d6-3df11ca81f21,2025-11-09,7,Annual,Web,App to Web,,25-34,female,United States of America,"Canada, Great Britain & United States",North America,,"[
  ""Medium""
]",2,Intermediate,Start my fitness journey,,"[
  ""Brazilian Rhythms"",
  ""Electronic"",
  ""Hip Hop"",
  ""House"",
  ""Pop"",
  ""Reggaeton""
]",2,iOS,Apple,Apple,"Iphone16,1",7,6,6,0.83325,26.438888889,14,1
3679675,d9006e9a-bf5c-4a2f-a6fb-e267be41e097,2025-11-19,0,Monthly,App,Apple,,45-54,female,Canada,"Canada, Great Britain & United States",North America,,"[
  ""Low""
]",4,Intermediate,lose weight and tone,,"[
  ""Disco""
]",6,iOS,Apple,Apple,"Iphone17,3",0,2,0,0,20.616666667,4,1
4267814,d2cc7273-6313-4761-8410-b2ea30df2cd7,2025-11-09,7,Annual,Web,Stripe,,35-44,female,United States of America,"Canada, Great Britain & United States",North America,,"[
  ""Medium""
]",3,Intermediate,lose weight and tone,,"[
  ""Afro Rhythms"",
  ""Brazilian Rhythms"",
  ""Caribbean Rhythms"",
  ""Cumbia"",
  ""Disco"",
  ""Hip Hop"",
  ""Merengue"",
  ""Pop"",
  ""Reggaeton"",
  ""Salsa""
]",3.14.0,Android,Samsung,Samsung,Sm-S921u,7,3,3,0.8950666667,25.444444444,14,1
4274310,eaf4e4e9-67ce-4bc1-be93-4542e2526923,2025-11-12,7,Annual,Web,Stripe,,35-44,female,United States of America,"Canada, Great Britain & United States",North America,,"[
  ""Medium""
]",4,Beginner,lose weight and tone,,"[
  ""Brazilian Rhythms"",
  ""Caribbean Rhythms"",
  ""Hip Hop"",
  ""Pop"",
  ""Salsa""
]",2,iOS,Apple,Apple,"Iphone17,3",-8,0,0,0,0,11,1
4283555,12578bf5-c777-4136-b6f9-80ed0d7f5ab9,2025-11-11,0,Monthly,App,Apple,,35-44,female,United States of America,"Canada, Great Britain & United States",North America,,"[
  ""Medium""
]",4,Advanced,lose weight and tone,,"[
  ""Bachata"",
  ""Disco"",
  ""Hip Hop"",
  ""Merengue"",
  ""Pop"",
  ""Reggaeton"",
  ""Salsa""
]",2,iOS,Apple,Apple,"Iphone15,3",0,5,3,0.7124666667,25.452083333,12,1
4283525,c04baf2a-760c-41b1-83d7-0e8a28d90639,2025-11-18,7,Annual,Web,Stripe,,55-64,female,United States of America,"Canada, Great Britain & United States",North America,,"[
  ""Medium""
]",2,Beginner,Have some fun,,"[
  ""Caribbean Rhythms"",
  ""Disco"",
  ""Pop"",
  ""Reggaeton"",
  ""Salsa""
]",2,iOS,Apple,Apple,"Iphone14,7",7,1,0,0,31.433333333,5,1
4283729,d35d7d9e-3873-4442-9f3e-d54da67441e3,2025-11-11,0,Monthly,Web,App to Web,,25-34,female,United States of America,"Canada, Great Britain & United States",North America,,"[
  ""High""
]",5,Advanced,lose weight and tone,,"[
  ""Bachata"",
  ""Cumbia"",
  ""Merengue"",
  ""Reggaeton"",
  ""Salsa""
]",2,iOS,Apple,Apple,"Iphone14,5",0,0,0,0,0,12,1
4287535,bdab3328-bca6-4c3e-be77-582056aa532f,2025-11-13,0,Monthly,Web,Stripe,,25-34,female,United States of America,"Canada, Great Britain & United States",North America,,"[
  ""Medium""
]",3,Intermediate,Have some fun,,"[
  ""Bachata"",
  ""Cumbia"",
  ""Merengue"",
  ""Reggaeton""
]",2,iOS,Apple,Apple,"Iphone16,2",0,12,3,0.1245,41.943333333,10,1
4193836,f8583908-5be1-491b-b9c3-df772228bdf2,2025-11-09,7,Annual,Web,App to Web,,,female,United States of America,"Canada, Great Britain & United States",North America,,,3,,lose weight and tone,,,3.13.1,Android,Samsung,Samsung,Sm-X210,51,0,0,0,0,14,1
4288100,ea9b797e-898f-40e6-8193-0e30334cdec1,2025-11-13,0,Monthly,App,Apple,,25-34,female,Indonesia,Rest of the World,APAC (excl. India),,"[
  ""Medium""
]",4,Beginner,lose weight and tone,,"[
  ""Pop""
]",2,iOS,Apple,Apple,"Iphone13,3",0,6,1,1,43.395238095,10,1
4287400,bbb4013f-634b-4106-9d79-6ac199c1d690,2025-11-13,0,Monthly,App,Google,,35-44,female,United Kingdom,"Canada, Great Britain & United States",Europe,,"[
  ""Medium""
]",,Beginner,lose weight and tone,,"[
  ""Disco"",
  ""Hip Hop"",
  ""Pop""
]",3.13.1,Android,Samsung,Samsung,Sm-S926b,0,0,0,0,0,10,1
4285351,5f9b8b52-8c06-45cd-9db8-7003477e42f7,2025-11-19,7,Monthly,Web,Stripe,EBG,45-54,female,United States of America,"Canada, Great Britain & United States",North America,,"[
  ""Medium""
]",3,Beginner,Start my fitness journey,,"[
  ""Hip Hop"",
  ""Merengue"",
  ""Pop"",
  ""Salsa"",
  ""Techno""
]",2,iOS,Apple,Apple,"Iphone17,3",7,0,0,0,0,4,1
4297934,909e76af-1235-4312-afdf-73e1b20256ee,2025-11-19,0,Monthly,App,Google,,45-54,female,Belgium,Rest of the World,Europe,,"[
  ""Low""
]",4,Beginner,lose weight and tone,,"[
  ""Afro Rhythms"",
  ""Bachata"",
  ""Brazilian Rhythms"",
  ""Caribbean Rhythms"",
  ""Chill Out"",
  ""Merengue"",
  ""Reggaeton"",
  ""World Rhythms""
]",3.14.0,Android,Samsung,Samsung,Sm-A346b,0,2,1,0.9976,13.916666667,4,1
1120983,ac169a3e-679e-48e6-bff4-1b4ec7eee183,2025-11-13,7,Annual,App,Apple,,,,Philippines,Rest of the World,APAC (excl. India),,"[
  ""Medium"",
  ""High""
]",3,Advanced,lose weight and tone,,"[
  ""Afrobeats"",
  ""Alternative"",
  ""Bachata"",
  ""Belly Dance"",
  ""Bhangra"",
  ""Blues"",
  ""Bollywood"",
  ""Broadway"",
  ""Country"",
  ""Cumbia"",
  ""Disco"",
  ""Funk"",
  ""Hip Hop"",
  ""House"",
  ""K-Pop"",
  ""Merengue"",
  ""Other"",
  ""Pop"",
  ""R&B"",
  ""Reggae"",
  ""Reggaeton"",
  ""Rock"",
  ""Salsa"",
  ""Soca""
]",6,iOS,Apple,Apple,"Ipad8,9",557,11,5,0.99882,30.309375,10,1
4273688,d80e24bd-a4f5-4b09-a7e6-edc0f194aa10,2025-11-12,7,Annual,Web,Stripe,,35-44,female,United States of America,"Canada, Great Britain & United States",North America,,"[
  ""Medium""
]",3,Beginner,lose weight and tone,,"[
  ""Brazilian Rhythms"",
  ""Electronic"",
  ""House"",
  ""Pop"",
  ""Reggaeton"",
  ""Salsa"",
  ""Techno"",
  ""World Rhythms""
]",2,iOS,Apple,Apple,"Iphone15,4",7,0,0,0,0,11,1
3915872,560a0275-e8bd-4975-b31d-f1ccb1a0899d,2025-11-13,7,Monthly,App,Apple,,35-44,female,United States of America,"Canada, Great Britain & United States",North America,,"[
  ""Medium""
]",5,Intermediate,lose weight and tone,,"[
  ""Afro Rhythms"",
  ""Bachata"",
  ""Brazilian Rhythms"",
  ""Caribbean Rhythms"",
  ""Chill Out"",
  ""Cumbia"",
  ""Disco"",
  ""Electronic"",
  ""Hip Hop"",
  ""House"",
  ""Merengue"",
  ""Reggaeton"",
  ""Salsa"",
  ""Techno"",
  ""World Rhythms""
]",2,iOS,Apple,Apple,"Iphone14,7",191,2,1,1,25.822222222,10,1
4268427,2c106bcf-868e-442b-9f33-e5d042b40f18,2025-11-10,7,Annual,Web,Stripe,,35-44,female,United States of America,"Canada, Great Britain & United States",North America,,"[
  ""Low""
]",7,Beginner,lose weight and tone,,"[
  ""Disco"",
  ""Hip Hop"",
  ""House"",
  ""Pop"",
  ""Reggaeton""
]",3.13.1,Android,Samsung,Samsung,Sm-S926u,7,0,0,0,0,13,1
4285335,26f19c5a-0120-43f2-9d5c-9345dc1862e0,2025-11-20,7,Annual,Web,Stripe,,45-54,female,United States of America,"Canada, Great Britain & United States",North America,,"[
  ""High""
]",5,Intermediate,lose weight and tone,,"[
  ""Caribbean Rhythms"",
  ""Electronic"",
  ""Merengue"",
  ""Pop"",
  ""Salsa"",
  ""Techno"",
  ""World Rhythms""
]",2,iOS,Apple,Apple,"Iphone17,4",7,0,0,0,0,3,1
4300470,d321d33c-9a01-4449-8b1d-e7d482004d70,2025-11-21,0,Monthly,Web,Stripe,,45-54,female,Denmark,Rest of the World,Europe,,"[
  ""Low""
]",3,Intermediate,reduce stress,,"[
  ""Bachata"",
  ""Brazilian Rhythms"",
  ""Caribbean Rhythms"",
  ""Chill Out"",
  ""Merengue"",
  ""Reggaeton"",
  ""Salsa"",
  ""World Rhythms""
]",3.14.0,Android,Oneplus,Oneplus,Cph2399,0,1,0,0,13.916666667,2,1
3784780,9c486c89-5fec-4fd1-817e-aac684fc3cea,2025-11-08,7,Annual,Web,Stripe,,,,Canada,"Canada, Great Britain & United States",North America,,"[
  ""Medium""
]",,Intermediate,lose weight and tone,,"[
  ""Afrobeats"",
  ""Bachata"",
  ""Merengue"",
  ""Pop"",
  ""Reggae"",
  ""Rock"",
  ""Salsa""
]",3.13.0,Android,Samsung,Samsung,Sm-S911w,239,0,0,0,0,15,1
4281571,86034728-fda5-4356-bceb-bad4e2470b77,2025-11-10,0,Monthly,App,Apple,,45-54,female,United States of America,"Canada, Great Britain & United States",North America,,"[
  ""Medium""
]",3,Beginner,lose weight and tone,,"[
  ""Caribbean Rhythms"",
  ""Chill Out"",
  ""Disco"",
  ""Hip Hop"",
  ""House"",
  ""Pop"",
  ""Techno""
]",2,iOS,Apple,Apple,"Iphone14,2",0,0,0,0,0,13,1
4281972,d810c19e-34d3-4e0a-bb7d-fda4d2fc6f6d,2025-11-17,7,Annual,App,Apple,,25-34,female,Austria,Rest of the World,Europe,,"[
  ""Medium""
]",3,Beginner,lose weight and tone,,"[
  ""Caribbean Rhythms"",
  ""Disco"",
  ""Pop"",
  ""Salsa"",
  ""World Rhythms""
]",6,iOS,Apple,Apple,"Iphone14,5",19,0,0,0,0,6,1
4278099,b0c9e6fc-37b6-4e43-95c6-b234b70affae,2025-11-15,7,Annual,Web,Stripe,,,,United States of America,"Canada, Great Britain & United States",North America,,,,,,,,2,iOS,Apple,Apple,"Iphone17,1",7,0,0,0,0,8,1
4296591,1a8be42b-7166-48c3-9aaf-711a43ad9c31,2025-11-18,0,Monthly,Web,Stripe,,35-44,female,United States of America,"Canada, Great Britain & United States",North America,,"[
  ""Low"",
  ""Medium""
]",3,Intermediate,lose weight and tone,,"[
  ""Hip Hop"",
  ""Pop""
]",2,iOS,Apple,Apple,"Iphone16,1",0,3,0,0,21.955555556,5,1
4281512,638499f1-a2b2-486c-969c-b378ddfdb0ff,2025-11-10,0,Annual,Web,App to Web,,25-34,female,United States of America,"Canada, Great Britain & United States",North America,,"[
  ""Medium""
]",3,Intermediate,lose weight and tone,,"[
  ""Afro Rhythms"",
  ""Brazilian Rhythms"",
  ""Caribbean Rhythms"",
  ""Hip Hop"",
  ""Reggaeton""
]",2,iOS,Apple,Apple,"Iphone16,2",1,9,6,0.99915,30.862222222,13,1
2129752,dafd0a9e-66fc-46a7-b941-0cab8f21fcaa,2025-11-19,0,Monthly,Web,Stripe,,35-44,female,United States of America,"Canada, Great Britain & United States",North America,,"[
  ""Medium""
]",4,Advanced,lose weight and tone,,"[
  ""Afro Rhythms"",
  ""Bachata"",
  ""Caribbean Rhythms"",
  ""Cumbia"",
  ""Hip Hop"",
  ""Merengue"",
  ""Reggaeton"",
  ""Salsa""
]",3.13.1,Android,Samsung,Samsung,Sm-S936u,0,7,1,0.2946,48.360416667,4,1
4060619,0426bad1-3840-4c00-bc3c-64c9953601c9,2025-11-18,7,Annual,App,Google,,35-44,female,Botswana,Rest of the World,ME-A,,"[
  ""Medium""
]",7,Intermediate,Start my fitness journey,,"[
  ""Caribbean Rhythms"",
  ""House"",
  ""Merengue"",
  ""R&B""
]",3.13.1,Android,Samsung,Samsung,Sm-A256e,7,0,0,0,0,5,1
4260039,69fa7434-4e06-42f1-8f78-2099e1c18194,2025-11-09,7,Annual,App,Google,,35-44,female,Australia,Rest of the World,APAC (excl. India),,"[
  ""Medium"",
  ""High""
]",4,Intermediate,Start my fitness journey,,"[
  ""Brazilian Rhythms"",
  ""Caribbean Rhythms"",
  ""Disco"",
  ""Hip Hop"",
  ""House"",
  ""Merengue"",
  ""Pop"",
  ""Salsa"",
  ""Techno"",
  ""World Rhythms""
]",3.13.0,Android,Samsung,Samsung,Sm-S908e,12,0,0,0,0,14,1
4286162,b39ce72e-3cc5-4795-8c23-be583fd7fec9,2025-11-12,0,Monthly,Web,Stripe,,35-44,female,United States of America,"Canada, Great Britain & United States",North America,,"[
  ""Medium""
]",3,Intermediate,lose weight and tone,,"[
  ""Caribbean Rhythms"",
  ""Pop"",
  ""Reggaeton"",
  ""World Rhythms""
]",3.14.0,Android,Google,Google,Pixel 10,0,0,0,0,0,11,1
4243723,8a503ac4-4644-4d73-b34f-3f10b3a5e0ff,2025-11-12,7,Annual,Web,Stripe,,35-44,female,United States of America,"Canada, Great Britain & United States",North America,,"[
  ""High""
]",5,Intermediate,lose weight and tone,,"[
  ""Afro Rhythms"",
  ""Bachata"",
  ""Brazilian Rhythms"",
  ""Caribbean Rhythms"",
  ""Cumbia"",
  ""Disco"",
  ""Hip Hop"",
  ""Merengue"",
  ""Pop"",
  ""Reggaeton"",
  ""Salsa"",
  ""World Rhythms""
]",2,iOS,Apple,Apple,"Iphone17,2",26,0,0,0,0,11,1
4294310,885f1697-d6f0-40c2-9bc4-2f2afb24f079,2025-11-17,0,Monthly,Web,App to Web,,18-24,female,United States of America,"Canada, Great Britain & United States",North America,,"[
  ""Medium""
]",5,Advanced,lose weight and tone,,"[
  ""Afro Rhythms"",
  ""Brazilian Rhythms"",
  ""Caribbean Rhythms"",
  ""Chill Out"",
  ""Disco"",
  ""Pop""
]",2,iOS,Apple,Apple,"Iphone15,4",0,4,4,0.961075,26.2375,6,1
4290878,1254d797-76e1-40db-85c8-e9800865471b,2025-11-16,0,Annual,Web,App to Web,,35-44,female,United States of America,"Canada, Great Britain & United States",North America,,"[
  ""Medium""
]",3,Beginner,lose weight and tone,,"[
  ""Afro Rhythms"",
  ""Brazilian Rhythms"",
  ""Caribbean Rhythms"",
  ""Cumbia"",
  ""Hip Hop"",
  ""Merengue"",
  ""Pop"",
  ""Reggaeton"",
  ""Salsa""
]",2,iOS,Apple,Apple,"Iphone15,3",1,3,1,0.9892,24.066666667,7,1
4279445,82055f54-936e-4460-8a47-f72071a77bc6,2025-11-16,7,Annual,Web,Stripe,,,,Japan,Rest of the World,APAC (excl. India),,,,,,,,3.14.0,Android,Samsung,Samsung,Sc-52c,7,0,0,0,0,7,1
4053176,9e06a60c-7b6f-450d-9e45-d353a67a4da5,2025-11-18,7,Annual,Web,Stripe,,25-34,female,Belgium,Rest of the World,Europe,,"[
  ""Medium""
]",2,Intermediate,lose weight and tone,,"[
  ""Bachata"",
  ""Brazilian Rhythms"",
  ""Cumbia"",
  ""Merengue"",
  ""Pop"",
  ""Reggaeton"",
  ""Salsa""
]",3.13.1,Android,Samsung,Samsung,Sm-S916b,7,0,0,0,0,5,1
4298007,d2365f4f-3deb-4150-b24c-20d281e89980,2025-11-19,0,Monthly,Web,Stripe,,45-54,female,United Kingdom,"Canada, Great Britain & United States",Europe,,"[
  ""Medium"",
  ""High""
]",3,Intermediate,lose weight and tone,,"[
  ""Bachata"",
  ""Disco"",
  ""Pop"",
  ""Salsa""
]",6,iOS,Apple,Apple,"Iphone10,1",0,8,6,0.60425,36.796428571,4,1
4133252,f172ff52-831f-4e83-b437-7bd6558b9dc0,2025-11-18,0,Monthly,Web,Stripe,,35-44,female,Portugal,Rest of the World,Europe,,"[
  ""Medium""
]",2,Intermediate,lose weight and tone,,"[
  ""Bachata"",
  ""Caribbean Rhythms"",
  ""Cumbia"",
  ""Disco"",
  ""Merengue"",
  ""Pop"",
  ""Reggaeton"",
  ""Salsa"",
  ""World Rhythms""
]",3.13.1,Android,Samsung,Samsung,Sm-A356b,,3,2,0.5,15,5,1
4288924,6400e06e-a2f7-4c9e-b741-163846bc6d5d,2025-11-21,7,Annual,App,Google,,45-54,female,United States of America,"Canada, Great Britain & United States",North America,,"[
  ""Low"",
  ""Medium""
]",,Beginner,Start my fitness journey,,"[
  ""Afro Rhythms"",
  ""Brazilian Rhythms"",
  ""Caribbean Rhythms"",
  ""Chill Out"",
  ""Cumbia"",
  ""Hip Hop"",
  ""House"",
  ""Merengue"",
  ""Pop"",
  ""Reggaeton"",
  ""Salsa"",
  ""World Rhythms""
]",3.14.0,Android,Samsung,Samsung,Sm-S918u,7,2,1,1,32.4,2,1
4278805,8406def3-2c4d-4eab-bf25-a0ec664a8537,2025-11-15,7,Annual,Web,App to Web,,,,United States of America,"Canada, Great Britain & United States",North America,,"[
  ""Medium"",
  ""High""
]",3,Intermediate,,,,6,iOS,Apple,Apple,"Iphone15,4",7,3,0,0,29.944444444,8,1
4279398,210a24d5-d66f-4ec5-bd9e-5dae6728e55a,2025-11-09,0,Monthly,App,Google,,25-34,female,France,Rest of the World,Europe,,"[
  ""Medium""
]",4,Beginner,lose weight and tone,,"[
  ""Afro Rhythms"",
  ""Bachata"",
  ""Brazilian Rhythms"",
  ""Caribbean Rhythms"",
  ""Cumbia"",
  ""Hip Hop"",
  ""House"",
  ""Reggaeton"",
  ""Salsa"",
  ""World Rhythms""
]",3.13.1,Android,Xiaomi,Xiaomi,2406apnfag,0,1,0,0,20.55,14,1
4280872,8e36e855-8511-4dda-9d58-90d9b8b8a844,2025-11-10,0,Monthly,Web,App to Web,,35-44,female,United States of America,"Canada, Great Britain & United States",North America,,"[
  ""Medium""
]",4,Beginner,lose weight and tone,,"[
  ""Bachata"",
  ""Cumbia"",
  ""Disco"",
  ""Hip Hop"",
  ""Pop"",
  ""Reggaeton"",
  ""Salsa""
]",2,iOS,Apple,Apple,"Iphone15,4",0,10,4,0,10.445238095,13,1
4181853,a35e79cb-a0b7-4624-a25d-52b00e578cc0,2025-11-09,7,Annual,Web,App to Web,,25-34,female,United States of America,"Canada, Great Britain & United States",North America,,"[
  ""Medium""
]",3,Beginner,lose weight and tone,,,6,iOS,Apple,Apple,"Iphone14,3",57,4,4,0.938875,19.345833333,14,1
4289313,88815e07-5575-4685-85eb-31f27f47a26e,2025-11-14,0,Monthly,App,Apple,,25-34,female,United States of America,"Canada, Great Britain & United States",North America,,"[
  ""Medium""
]",3,Beginner,Start my fitness journey,,"[
  ""Afro Rhythms"",
  ""Brazilian Rhythms"",
  ""Caribbean Rhythms"",
  ""Hip Hop"",
  ""Pop"",
  ""Reggaeton"",
  ""World Rhythms""
]",2,iOS,Apple,Apple,"Iphone17,2",0,1,0,0,13.916666667,9,1
4211559,a9faa4bb-ea29-433b-8c1b-7428f628524e,2025-11-11,7,Monthly,App,Apple,,25-34,female,United States of America,"Canada, Great Britain & United States",North America,,"[
  ""Medium""
]",3,Beginner,lose weight and tone,,"[
  ""Bachata"",
  ""Cumbia"",
  ""Merengue"",
  ""Pop"",
  ""Reggaeton"",
  ""World Rhythms""
]",2,iOS,Apple,Apple,"Iphone15,5",38,0,0,0,0,12,1
1435835,4e01b575-32fa-44ea-b97d-abd686167c62,2025-11-09,0,Monthly,App,Apple,,35-44,male,United States of America,"Canada, Great Britain & United States",North America,,"[
  ""High""
]",3,Beginner,Start my fitness journey,,"[
  ""Afro Rhythms"",
  ""Bachata"",
  ""Brazilian Rhythms"",
  ""Caribbean Rhythms"",
  ""Chill Out"",
  ""Cumbia"",
  ""Disco"",
  ""Electronic"",
  ""Hip Hop"",
  ""House"",
  ""Merengue"",
  ""Pop"",
  ""Reggaeton"",
  ""Salsa"",
  ""Techno"",
  ""World Rhythms""
]",6,iOS,Apple,Apple,"Iphone16,2",2,0,0,0,0,14,1
4273607,594c2735-62af-43ed-83cb-539079d2ac0d,2025-11-12,7,Annual,Web,Stripe,,35-44,female,United States of America,"Canada, Great Britain & United States",North America,,"[
  ""High""
]",3,Advanced,lose weight and tone,,"[
  ""Afro Rhythms"",
  ""Bachata"",
  ""Brazilian Rhythms"",
  ""Caribbean Rhythms"",
  ""Chill Out"",
  ""Cumbia"",
  ""Disco"",
  ""Electronic"",
  ""Hip Hop"",
  ""House"",
  ""Merengue"",
  ""Pop"",
  ""Reggaeton"",
  ""Salsa"",
  ""Techno"",
  ""World Rhythms""
]",3.14.0,Android,Google,Google,Pixel 6a,7,5,4,0.958525,35.118518519,11,1
4235895,db754c85-c435-43c0-921b-31c1b909c818,2025-11-10,7,Annual,App,Apple,,35-44,female,Thailand,Rest of the World,APAC (excl. India),,"[
  ""Medium""
]",5,Beginner,lose weight and tone,,"[
  ""Disco"",
  ""Electronic"",
  ""Hip Hop"",
  ""Pop"",
  ""World Rhythms""
]",2,iOS,Apple,Apple,"Iphone14,3",28,7,7,0.3405142857,17.957142857,13,1
4278859,1d4021cb-efd8-48c6-8d46-248f5e4b28aa,2025-11-15,7,Annual,Web,Stripe,,35-44,female,United States of America,"Canada, Great Britain & United States",North America,,"[
  ""High""
]",3,Advanced,lose weight and tone,,"[
  ""Bachata"",
  ""Brazilian Rhythms"",
  ""Disco"",
  ""Pop"",
  ""Salsa"",
  ""World Rhythms""
]",,Android,,,,,1,1,1,28.066666667,8,1
4276004,2070dd45-1fa3-4bc0-b68e-e7d977f829b4,2025-11-13,7,Annual,Web,Stripe,Strand,45-54,female,United States of America,"Canada, Great Britain & United States",North America,,"[
  ""Medium""
]",,Beginner,Start my fitness journey,,"[
  ""Bachata"",
  ""Cumbia"",
  ""Hip Hop"",
  ""Merengue"",
  ""Pop"",
  ""Reggaeton"",
  ""Salsa""
]",3.13.1,Android,Samsung,Samsung,Sm-S901u,,2,1,0.9928,13.916666667,10,1
4296061,f1715c28-548f-4cdb-b138-cca1611f92b0,2025-11-18,0,Monthly,Web,Stripe,,25-34,female,France,Rest of the World,Europe,,"[
  ""Medium""
]",2,Beginner,Have some fun,,"[
  ""Brazilian Rhythms"",
  ""Caribbean Rhythms"",
  ""Reggaeton"",
  ""Salsa""
]",3.13.1,Android,Motorola,Motorola,Moto G54 5g,0,7,6,0.5682166667,25.757692308,5,1
4274194,a878bdb6-cbbe-4b33-8e5e-72eefea55d0e,2025-11-19,7,Annual,Web,App to Web,,25-34,female,United States of America,"Canada, Great Britain & United States",North America,,"[
  ""Medium""
]",3,Beginner,lose weight and tone,,"[
  ""Pop""
]",2,iOS,Apple,Apple,"Iphone14,7",9,5,3,0.3414666667,21.5625,4,1
4299468,d7c68ec8-75ee-4738-b4bf-452f91973613,2025-11-20,0,Monthly,Web,Stripe,,25-34,female,Germany,Rest of the World,Europe,,"[
  ""Medium""
]",2,Beginner,Start my fitness journey,,"[
  ""Bachata"",
  ""Brazilian Rhythms"",
  ""Caribbean Rhythms"",
  ""Disco"",
  ""Electronic"",
  ""House"",
  ""Pop""
]",6,iOS,Apple,Apple,"Iphone17,1",0,3,2,0,7.236666667,3,1
2363412,e74fb842-4c20-41a5-a7ac-6f9228cb6796,2025-11-09,0,Annual,Web,App to Web,,35-44,female,United States of America,"Canada, Great Britain & United States",North America,,"[
  ""Low"",
  ""Medium""
]",3,Beginner,lose weight and tone,,"[
  ""Bachata"",
  ""Brazilian Rhythms"",
  ""Caribbean Rhythms"",
  ""Merengue"",
  ""Reggaeton"",
  ""Salsa""
]",2,iOS,Apple,Apple,"Iphone17,2",,6,6,0.6666666667,18.763888889,14,1
4230386,18716ce0-0ecf-4114-a256-6d9a528f75ba,2025-11-13,7,Annual,Web,App to Web,,45-54,female,United States of America,"Canada, Great Britain & United States",North America,,"[
  ""High""
]",3,Beginner,lose weight and tone,,"[
  ""Brazilian Rhythms"",
  ""Caribbean Rhythms"",
  ""Disco"",
  ""Hip Hop"",
  ""Merengue"",
  ""Pop"",
  ""Salsa""
]",6,iOS,Apple,Apple,"Iphone17,1",32,16,5,0.4129,33.611904762,10,1
4268115,18fdb8d0-4418-40eb-a59e-e607e2e79ce0,2025-11-09,7,Annual,App,Apple,,45-54,female,Germany,Rest of the World,Europe,,"[
  ""Medium""
]",3,Beginner,lose weight and tone,,"[
  ""Afro Rhythms"",
  ""Bachata"",
  ""Brazilian Rhythms"",
  ""Chill Out"",
  ""Disco"",
  ""Pop"",
  ""Salsa"",
  ""Techno"",
  ""World Rhythms""
]",2,iOS,Apple,Apple,"Iphone15,4",7,0,0,0,0,14,1
4285178,a6338917-23e8-4d26-89aa-a3f84186b577,2025-11-19,7,Annual,Web,Stripe,,35-44,female,United States of America,"Canada, Great Britain & United States",North America,,"[
  ""Medium""
]",3,Intermediate,lose weight and tone,,"[
  ""Brazilian Rhythms"",
  ""Caribbean Rhythms"",
  ""Chill Out"",
  ""Disco"",
  ""Hip Hop"",
  ""Pop""
]",2,iOS,Apple,Apple,"Iphone17,1",7,1,0,0,31.033333333,4,1
4291688,717f9015-d8ed-4e6e-8eee-8afb0077d3be,2025-11-16,0,Monthly,App,Google,,45-54,female,United States of America,"Canada, Great Britain & United States",North America,,"[
  ""Medium"",
  ""Low""
]",,Beginner,Have some fun,,"[
  ""Hip Hop"",
  ""House"",
  ""Pop""
]",3.13.1,Android,Samsung,Samsung,Sm-A166u,0,6,4,0.2321,36.205,7,1
4300968,a1a8a364-e443-447e-a7bd-1dd7843d2fec,2025-11-21,0,Monthly,App,Google,,,female,Italy,Rest of the World,Europe,,"[
  ""Medium""
]",,Beginner,,,,3.14.0,Android,Xiaomi,Redmi,23108rn04y,0,6,6,0.4999166667,13.580555556,2,1
4114225,023ae12f-c34f-4f49-bf2e-956bcc2d267d,2025-11-18,7,Annual,Web,Stripe,Strand,25-34,female,United States of America,"Canada, Great Britain & United States",North America,,"[
  ""Medium""
]",6,Beginner,lose weight and tone,,,2,iOS,Apple,Apple,"Iphone15,2",7,1,1,1,29.116666667,5,1
4288194,791d39c9-e5e6-4b78-984c-be2f7ddeea95,2025-11-21,7,Annual,Web,Stripe,,25-34,female,United Kingdom,"Canada, Great Britain & United States",Europe,,"[
  ""Low"",
  ""Medium"",
  ""High""
]",3,Beginner,lose weight and tone,,"[
  ""Brazilian Rhythms"",
  ""Caribbean Rhythms"",
  ""Disco"",
  ""Hip Hop"",
  ""Merengue"",
  ""Pop"",
  ""Reggaeton"",
  ""Salsa""
]",6,iOS,Apple,Apple,"Iphone15,2",7,0,0,0,0,2,1
4288869,ab94ad0f-8c94-42f1-a865-a5316c84b438,2025-11-21,7,Annual,Web,Stripe,,35-44,female,United States of America,"Canada, Great Britain & United States",North America,,"[
  ""Medium""
]",5,Beginner,lose weight and tone,,"[
  ""Pop""
]",2,iOS,Apple,Apple,"Iphone17,3",7,0,0,0,0,2,1
4274299,011937ba-a5f6-44e1-ae6b-4afb6d147581,2025-11-12,7,Annual,Web,Stripe,,35-44,female,United States of America,"Canada, Great Britain & United States",North America,,"[
  ""Medium""
]",3,Intermediate,lose weight and tone,,"[
  ""Bachata"",
  ""Brazilian Rhythms"",
  ""Hip Hop"",
  ""Merengue"",
  ""Pop"",
  ""Salsa"",
  ""Techno"",
  ""World Rhythms""
]",3.14.0,Android,Google,Google,Pixel 7,0,7,6,0.3055833333,16.947435897,11,1
3353219,20e14a7c-f506-4443-b2c0-6236488f1a0f,2025-11-12,0,Annual,Web,App to Web,,45-54,female,United States of America,"Canada, Great Britain & United States",North America,,"[
  ""High""
]",5,Intermediate,lose weight and tone,,"[
  ""Afrobeats"",
  ""Bachata"",
  ""Belly Dance"",
  ""Bollywood"",
  ""Country"",
  ""Cumbia"",
  ""Hip Hop"",
  ""House"",
  ""Merengue"",
  ""Other"",
  ""Reggae"",
  ""Reggaeton"",
  ""Salsa""
]",2,iOS,Apple,Apple,"Iphone17,1",390,0,0,0,0,11,1
3320648,0af0fe83-0836-4f51-a63d-15693f65a4ee,2025-11-09,0,Monthly,Web,Stripe,,,,United States of America,"Canada, Great Britain & United States",North America,,"[
  ""Low""
]",3,Beginner,lose weight and tone,,"[
  ""Bachata"",
  ""Cumbia"",
  ""Disco"",
  ""Funk"",
  ""Merengue"",
  ""Salsa""
]",2,iOS,Apple,Apple,"Iphone14,5",338,0,0,0,0,14,1
4277967,bd164f5e-14dc-4264-885e-1fc46d3d3bfd,2025-11-16,7,Annual,Web,Stripe,Strand,25-34,female,United States of America,"Canada, Great Britain & United States",North America,,"[
  ""Medium""
]",4,Intermediate,reduce stress,,"[
  ""Afro Rhythms"",
  ""Bachata"",
  ""Brazilian Rhythms"",
  ""Caribbean Rhythms"",
  ""Chill Out"",
  ""Cumbia"",
  ""Disco"",
  ""Electronic"",
  ""Hip Hop"",
  ""House"",
  ""Merengue"",
  ""Pop"",
  ""Reggaeton"",
  ""Salsa"",
  ""Techno"",
  ""World Rhythms""
]",2,iOS,Apple,Apple,"Iphone17,2",7,2,2,0.9978,29.8,7,1
4289560,dce08e32-5e88-4674-9177-3702d3b250a8,2025-11-15,0,Monthly,Web,Stripe,,,,United States of America,"Canada, Great Britain & United States",North America,,"[
  ""Medium""
]",3,Beginner,lose weight and tone,,[],3.13.1,Android,Samsung,Samsung,Sm-A546u,0,0,0,0,0,8,1
4268061,c0a4c911-9f2e-420e-83ea-4aeb5f13c225,2025-11-09,7,Annual,Web,App to Web,,65+,female,United States of America,"Canada, Great Britain & United States",North America,,"[
  ""Low""
]",3,Beginner,lose weight and tone,,"[
  ""Afro Rhythms"",
  ""Bachata"",
  ""Caribbean Rhythms"",
  ""Cumbia"",
  ""Disco"",
  ""Hip Hop"",
  ""Pop"",
  ""Salsa""
]",2,iOS,Apple,Apple,"Iphone16,2",7,0,0,0,0,14,1
4282385,eb5358c6-14bf-4bb9-87a6-2dfbc9611739,2025-11-10,0,Monthly,Web,Stripe,,35-44,female,United States of America,"Canada, Great Britain & United States",North America,,"[
  ""Medium""
]",3,Beginner,lose weight and tone,,"[
  ""Hip Hop"",
  ""Pop""
]",,Android,,,,,0,0,0,0,13,1
4295790,48048fd7-1ff2-44c9-9a4a-fa2fd6f081f5,2025-11-18,0,Monthly,Web,Stripe,,35-44,female,Dominican Republic,Rest of the World,LATAM,,"[
  ""High""
]",5,Intermediate,lose weight and tone,,"[
  ""Bachata"",
  ""Caribbean Rhythms"",
  ""Cumbia"",
  ""Merengue"",
  ""Pop"",
  ""Reggaeton"",
  ""Salsa""
]",2,iOS,Apple,Apple,"Iphone14,2",0,3,0,0,51.466666667,5,1
4267790,abc5f989-358b-45e8-9acb-3402d2a2c251,2025-11-09,7,Annual,Web,Stripe,,35-44,female,United States of America,"Canada, Great Britain & United States",North America,,"[
  ""Medium"",
  ""High""
]",4,Intermediate,lose weight and tone,,"[
  ""Afro Rhythms"",
  ""Bachata"",
  ""Brazilian Rhythms"",
  ""Caribbean Rhythms"",
  ""Cumbia"",
  ""Hip Hop"",
  ""House"",
  ""Pop"",
  ""Reggaeton"",
  ""Salsa"",
  ""World Rhythms""
]",2,iOS,Apple,Apple,"Iphone16,2",7,1,0,0,32.416666667,14,1
4266959,14e4905c-dc2c-41fb-b2a6-9658b47e72cb,2025-11-11,0,Monthly,App,Google,,35-44,female,United States of America,"Canada, Great Britain & United States",North America,,"[
  ""Medium""
]",4,Intermediate,lose weight and tone,,"[
  ""Afro Rhythms"",
  ""Brazilian Rhythms"",
  ""Caribbean Rhythms""
]",3.14.0,Android,Samsung,Samsung,Sm-G996u,5,2,1,0.1371,18.338888889,12,1
3919321,7369afa5-b3f1-4706-9d4c-4dd564a47acb,2025-11-12,0,Monthly,App,App to Web,,,,United States of America,"Canada, Great Britain & United States",North America,,"[
  ""Medium"",
  ""High"",
  ""Low""
]",3,Intermediate,Start my fitness journey,,"[
  ""Afro Rhythms"",
  ""Afrobeats"",
  ""Bachata"",
  ""Brazilian Rhythms"",
  ""Merengue"",
  ""Salsa""
]",2,iOS,Apple,Apple,"Iphone12,8",189,6,4,0.326475,39.693333333,11,1
4298915,6db040de-f679-4497-90a6-cb8fcabccc76,2025-11-20,0,Annual,Web,App to Web,,,,United States of America,"Canada, Great Britain & United States",North America,,,3,,,,,6,iOS,Apple,Apple,"Iphone14,5",0,0,0,0,0,3,1
4295698,656902e7-a968-4b86-98da-c99bf44c120a,2025-11-18,0,Monthly,Web,App to Web,,35-44,female,United States of America,"Canada, Great Britain & United States",North America,,"[
  ""High"",
  ""Medium""
]",3,Intermediate,lose weight and tone,,"[
  ""Afro Rhythms"",
  ""Bachata"",
  ""Brazilian Rhythms"",
  ""Caribbean Rhythms"",
  ""Cumbia"",
  ""Disco"",
  ""Hip Hop"",
  ""Merengue"",
  ""Pop"",
  ""Reggaeton"",
  ""Salsa"",
  ""World Rhythms""
]",2,iOS,Apple,Apple,"Iphone15,4",17,0,0,0,0,5,1
4272318,cc079abf-fd1f-4b14-9945-1f90630524f5,2025-11-17,7,Annual,Web,Stripe,,55-64,female,United States of America,"Canada, Great Britain & United States",North America,,"[
  ""Low"",
  ""Medium""
]",3,Intermediate,lose weight and tone,,"[
  ""Afro Rhythms"",
  ""Brazilian Rhythms"",
  ""Caribbean Rhythms"",
  ""Hip Hop"",
  ""House"",
  ""Pop"",
  ""Salsa"",
  ""World Rhythms""
]",3.14.0,Android,Samsung,Samsung,Sm-A716u,7,0,0,0,0,6,1
4279733,87d5da96-582d-43d4-8e01-161da2e7a474,2025-11-09,0,Monthly,Web,App to Web,,45-54,female,United States of America,"Canada, Great Britain & United States",North America,,"[
  ""Medium""
]",3,Beginner,Have some fun,,"[
  ""Disco"",
  ""Hip Hop"",
  ""Merengue"",
  ""Pop"",
  ""Salsa""
]",2,iOS,Apple,Apple,"Iphone17,1",0,6,2,0.0834,32.414583333,14,1
4297682,49f8e0ac-48b6-4c67-87df-66b4dd40586b,2025-11-19,0,Monthly,Web,Stripe,,,,United States of America,"Canada, Great Britain & United States",North America,,"[
  ""Medium""
]",2,Beginner,Have some fun,,"[
  ""Afro Rhythms"",
  ""Bachata"",
  ""Brazilian Rhythms"",
  ""Caribbean Rhythms"",
  ""Cumbia"",
  ""Salsa""
]",,iOS,,,,,0,0,0,0,4,1
4302014,448b476b-816a-40a6-a0bf-cd86e97437aa,2025-11-22,0,Monthly,App,Apple,,18-24,female,United States of America,"Canada, Great Britain & United States",North America,,"[
  ""Medium""
]",3,Beginner,lose weight and tone,,,6,iOS,Apple,Apple,"Iphone17,5",0,0,0,0,0,1,1
4275566,7cecedae-e5c0-4f89-aa91-1df58c0c9671,2025-11-16,7,Annual,App,Google,,45-54,female,United Kingdom,"Canada, Great Britain & United States",Europe,,"[
  ""Medium"",
  ""High""
]",,Intermediate,Start my fitness journey,,"[
  ""Afro Rhythms"",
  ""Bachata"",
  ""Brazilian Rhythms"",
  ""Caribbean Rhythms"",
  ""Chill Out"",
  ""Cumbia"",
  ""Disco"",
  ""Electronic"",
  ""Hip Hop"",
  ""House"",
  ""Merengue"",
  ""Pop"",
  ""Reggaeton"",
  ""Salsa"",
  ""Techno"",
  ""World Rhythms""
]",3.14.0,Android,Samsung,Samsung,Sm-S901b,10,2,2,1,27.108333333,7,1
4287811,50b7d192-ad0f-44ce-a7ae-0d52df0e785a,2025-11-20,7,Annual,Web,App to Web,,35-44,female,United States of America,"Canada, Great Britain & United States",North America,,"[
  ""Medium""
]",2,Intermediate,Start my fitness journey,,"[
  ""Afro Rhythms"",
  ""Caribbean Rhythms"",
  ""Chill Out"",
  ""Hip Hop"",
  ""House"",
  ""Pop"",
  ""Salsa""
]",2,iOS,Apple,Apple,"Ipad7,11",7,1,1,0.9994,30.016666667,3,1
4266476,df0dffb2-6a3e-4408-bc84-56fe8908d724,2025-11-16,7,Annual,App,Apple,,25-34,female,United Kingdom,"Canada, Great Britain & United States",Europe,,"[
  ""Medium"",
  ""Low""
]",2,Beginner,lose weight and tone,,,2,iOS,Apple,Apple,"Iphone15,4",15,3,3,0.6553,18.855555556,7,1
4168336,f5a75bc0-cf36-4fec-bffa-2089a9db7fd6,2025-11-10,0,Monthly,Web,Stripe,,,,Mexico,Rest of the World,LATAM,,,,,,,,2,iOS,Apple,Apple,"Iphone15,5",,0,0,0,0,13,1
4281772,48343cb5-91aa-43b8-8ba7-23d25a22b6a0,2025-11-10,0,Monthly,App,Apple,,25-34,female,United Kingdom,"Canada, Great Britain & United States",Europe,,"[
  ""Medium""
]",2,Intermediate,Start my fitness journey,,"[
  ""Pop""
]",2,iOS,Apple,Apple,"Iphone17,3",0,1,0,0,20.55,13,1
4274706,6e40d2ce-a161-4ce6-9647-f90047da7bdf,2025-11-13,7,Annual,Web,Stripe,,45-54,female,United States of America,"Canada, Great Britain & United States",North America,,"[
  ""Medium""
]",4,Beginner,lose weight and tone,,"[
  ""Hip Hop"",
  ""House"",
  ""Pop"",
  ""Techno""
]",2,iOS,Apple,Apple,"Iphone14,2",,0,0,0,0,10,1
4290455,028f3c4f-02b1-4d3f-b1d9-a1110ef6639d,2025-11-15,0,Monthly,Web,Stripe,,35-44,female,United States of America,"Canada, Great Britain & United States",North America,,"[
  ""Medium""
]",3,Beginner,Start my fitness journey,,"[
  ""Brazilian Rhythms"",
  ""Chill Out"",
  ""Cumbia"",
  ""Electronic"",
  ""House"",
  ""Merengue"",
  ""Pop"",
  ""Salsa"",
  ""Techno""
]",2,iOS,Apple,Apple,"Iphone12,1",0,2,2,0.33165,31.883333333,8,1
3047288,be86bf4c-427f-43e1-86fb-27b86a987f02,2025-11-11,0,Monthly,Web,Stripe,,35-44,female,United Kingdom,"Canada, Great Britain & United States",Europe,,"[
  ""High""
]",3,Beginner,lose weight and tone,,"[
  ""Belly Dance"",
  ""Bollywood"",
  ""Broadway"",
  ""Country"",
  ""Disco"",
  ""Merengue"",
  ""Pop"",
  ""Rock"",
  ""Salsa""
]",2,iOS,Apple,Apple,"Iphone15,4",528,10,7,0.7134428571,22.102941176,12,1
4283232,b76a513d-513a-4794-90b2-6ced9b0450a7,2025-11-11,0,Monthly,Web,Stripe,,35-44,female,France,Rest of the World,Europe,,"[
  ""High""
]",2,Advanced,lose weight and tone,,"[
  ""Brazilian Rhythms"",
  ""Caribbean Rhythms"",
  ""Electronic"",
  ""Merengue"",
  ""Pop"",
  ""Reggaeton"",
  ""Salsa"",
  ""Techno"",
  ""World Rhythms""
]",2,iOS,Apple,Apple,"Iphone17,3",0,3,3,0.9988,23.533333333,12,1
4266433,78b3d547-b1ac-420e-85de-6dae476d47eb,2025-11-08,7,Annual,Web,App to Web,,55-64,female,United States of America,"Canada, Great Britain & United States",North America,,"[
  ""Medium""
]",5,Intermediate,lose weight and tone,,"[
  ""Bachata"",
  ""Caribbean Rhythms"",
  ""Cumbia"",
  ""Pop"",
  ""Reggaeton"",
  ""Salsa"",
  ""Techno""
]",2,iOS,Apple,Apple,"Iphone15,5",7,5,4,1,53.322222222,15,1
4285305,1c5c24b3-bca3-4356-88d0-2b08df911975,2025-11-12,0,Monthly,App,Google,,35-44,female,United Kingdom,"Canada, Great Britain & United States",Europe,,"[
  ""Medium""
]",,Beginner,Start my fitness journey,,"[
  ""Disco"",
  ""Hip Hop"",
  ""House""
]",3.13.1,Android,Google,Google,Pixel 8,0,2,2,0.3098,34.258333333,11,1
4148699,46d08ae0-4535-4635-ae44-f7011b954822,2025-11-10,7,Annual,App,Apple,,,,United States of America,"Canada, Great Britain & United States",North America,,"[
  ""Low"",
  ""Medium""
]",4,Intermediate,,,"[
  ""Afro Rhythms"",
  ""Bachata"",
  ""Brazilian Rhythms"",
  ""Caribbean Rhythms"",
  ""Cumbia"",
  ""Merengue"",
  ""Reggaeton"",
  ""Salsa""
]",4,iOS,Apple,Apple,"Iphone15,3",77,7,4,0.724025,20.446969697,13,1
3907262,6d857a88-c718-4253-892f-d98161a08633,2025-11-09,7,Annual,Web,Stripe,,45-54,female,Brazil,Rest of the World,LATAM,,"[
  ""Medium""
]",5,Intermediate,reduce stress,,"[
  ""Bachata"",
  ""Brazilian Rhythms"",
  ""Caribbean Rhythms"",
  ""Disco"",
  ""Merengue"",
  ""Pop"",
  ""Reggaeton"",
  ""Salsa"",
  ""World Rhythms""
]",3.14.0,Android,Motorola,Motorola,Moto G22,12,0,0,0,0,14,1
4282962,6477343c-e73d-4988-8ac6-2c647c36f6ab,2025-11-18,7,Annual,Web,Stripe,,35-44,female,United States of America,"Canada, Great Britain & United States",North America,,"[
  ""Medium""
]",3,Beginner,Start my fitness journey,,"[
  ""Pop""
]",,iOS,,,,,0,0,0,0,5,1
4283962,f53b99db-9958-4823-ab29-cc3dc059d630,2025-11-13,0,Monthly,Web,App to Web,,25-34,female,United States of America,"Canada, Great Britain & United States",North America,,"[
  ""Medium""
]",3,Intermediate,Have some fun,,"[
  ""Afro Rhythms"",
  ""Bachata"",
  ""Brazilian Rhythms"",
  ""Caribbean Rhythms"",
  ""Cumbia"",
  ""Disco"",
  ""Hip Hop"",
  ""Merengue"",
  ""Pop"",
  ""Reggaeton"",
  ""Salsa"",
  ""World Rhythms""
]",2,iOS,Apple,Apple,"Iphone17,1",2,4,2,0.60805,30.847222222,10,1
4293840,abf211ec-8446-4349-b7ea-a3b68c42ec7f,2025-11-17,0,Monthly,Web,Stripe,,25-34,female,United Kingdom,"Canada, Great Britain & United States",Europe,,"[
  ""Medium""
]",3,Intermediate,lose weight and tone,,"[
  ""Chill Out"",
  ""Disco"",
  ""Pop"",
  ""Salsa"",
  ""World Rhythms""
]",3.13.1,Android,Samsung,Samsung,Sm-S911b,0,3,2,0.33305,16.783333333,6,1
4284985,95376567-b302-4fc5-931e-796d21639818,2025-11-19,7,Annual,Web,Stripe,,55-64,female,United States of America,"Canada, Great Britain & United States",North America,,"[
  ""Medium""
]",3,Beginner,lose weight and tone,,"[
  ""Afro Rhythms"",
  ""Brazilian Rhythms"",
  ""Disco"",
  ""House"",
  ""Pop""
]",2,iOS,Apple,Apple,"Iphone14,8",7,0,0,0,0,4,1
4287300,456e47b0-4463-4934-8bcf-f88053d4fec5,2025-11-13,0,Monthly,App,Apple,,35-44,female,United Kingdom,"Canada, Great Britain & United States",Europe,,"[
  ""Medium""
]",2,Intermediate,lose weight and tone,,"[
  ""Afro Rhythms"",
  ""Bachata"",
  ""Brazilian Rhythms"",
  ""Caribbean Rhythms"",
  ""Chill Out"",
  ""Cumbia"",
  ""Disco"",
  ""Electronic"",
  ""Hip Hop"",
  ""House"",
  ""Merengue"",
  ""Pop"",
  ""Reggaeton"",
  ""Salsa"",
  ""Techno"",
  ""World Rhythms""
]",6,iOS,Apple,Apple,"Iphone15,4",0,4,3,0.9203666667,30.580952381,10,1
4120566,dbade261-b33e-4ede-8727-a5bbf13dffb9,2025-11-16,7,Annual,Web,App to Web,,,,United States of America,"Canada, Great Britain & United States",North America,,,5,,Have some fun,,,2,iOS,Apple,Apple,"Iphone15,4",,0,0,0,0,7,1
4175569,1529eb8c-c4bb-4c01-a8db-03ec5806f90c,2025-11-11,7,Annual,App,Google,,25-34,female,Canada,"Canada, Great Britain & United States",North America,,"[
  ""Low"",
  ""Medium"",
  ""High""
]",,Intermediate,,,"[
  ""Afro Rhythms"",
  ""Caribbean Rhythms"",
  ""Disco"",
  ""Pop"",
  ""World Rhythms""
]",3.13.1,Android,Samsung,Samsung,Sm-G990w2,63,5,4,0.511325,22.405555556,12,1
4293202,786251a1-5c07-4d0d-bab3-8667edf1151b,2025-11-17,0,Monthly,Web,Stripe,,35-44,female,United Kingdom,"Canada, Great Britain & United States",Europe,,"[
  ""Medium""
]",3,Beginner,Start my fitness journey,,"[
  ""Afro Rhythms"",
  ""Brazilian Rhythms"",
  ""Caribbean Rhythms"",
  ""Hip Hop"",
  ""Reggaeton"",
  ""World Rhythms""
]",,iOS,,,,,1,0,0,54.316666667,6,1
4291708,bda3e9fd-4fe3-4b8a-b1db-581607b4af79,2025-11-16,0,Annual,Web,App to Web,,45-54,female,United States of America,"Canada, Great Britain & United States",North America,,"[
  ""Medium""
]",5,Intermediate,lose weight and tone,,"[
  ""Afro Rhythms"",
  ""Bachata"",
  ""Brazilian Rhythms"",
  ""Caribbean Rhythms"",
  ""Chill Out"",
  ""Cumbia"",
  ""Disco"",
  ""Hip Hop"",
  ""House"",
  ""Merengue"",
  ""Pop"",
  ""Reggaeton"",
  ""Salsa"",
  ""World Rhythms""
]",2,iOS,Apple,Apple,"Iphone17,1",0,1,1,0.9997,48.416666667,7,1
3878830,cf017452-2f2c-464d-9351-b0b7001b3b17,2025-11-14,0,Annual,App,Google,,,,France,Rest of the World,Europe,,"[
  ""Medium""
]",,Beginner,lose weight and tone,,"[
  ""Bachata"",
  ""Hip Hop"",
  ""K-Pop"",
  ""Pop"",
  ""Reggaeton"",
  ""Salsa""
]",3.13.1,Android,Google,Google,Pixel 7a,207,1,0,0,13.916666667,3,1
4287812,6c4ee68b-33b8-48ce-aea5-0a363e3bd917,2025-11-20,7,Annual,Web,Stripe,,55-64,female,United States of America,"Canada, Great Britain & United States",North America,,"[
  ""Medium""
]",3,Beginner,Start my fitness journey,,"[
  ""Afro Rhythms"",
  ""Brazilian Rhythms"",
  ""Caribbean Rhythms"",
  ""Cumbia"",
  ""Disco"",
  ""Reggaeton"",
  ""Salsa"",
  ""Techno""
]",2,iOS,Apple,Apple,"Iphone16,2",7,0,0,0,0,3,1
4287120,c02cd217-bb16-43c6-92be-a55e52fb8a55,2025-11-20,7,Annual,Web,Stripe,,45-54,female,United States of America,"Canada, Great Britain & United States",North America,,"[
  ""Medium""
]",5,Beginner,lose weight and tone,,,3.14.0,Android,Samsung,Samsung,Sm-S901u1,7,4,3,1,27.697619048,3,1
4299703,fd9dabf2-6826-44a7-a1ec-20723422a306,2025-11-20,0,Monthly,Web,Stripe,,45-54,female,United States of America,"Canada, Great Britain & United States",North America,,"[
  ""High""
]",3,Intermediate,lose weight and tone,,"[
  ""Afro Rhythms"",
  ""Bachata"",
  ""Brazilian Rhythms"",
  ""Caribbean Rhythms"",
  ""Cumbia"",
  ""Disco"",
  ""Hip Hop"",
  ""Merengue"",
  ""Pop"",
  ""Salsa"",
  ""Techno""
]",3.14.0,Android,Samsung,Samsung,Sm-S928u,0,0,0,0,0,3,1
4297524,d0cccb1e-1f07-4ada-b483-289d7490aae2,2025-11-21,0,Monthly,Web,Stripe,,55-64,female,United Kingdom,"Canada, Great Britain & United States",Europe,,"[
  ""Low""
]",3,Beginner,lose weight and tone,,"[
  ""Disco""
]",3.14.0,Android,Samsung,Samsung,Sm-A346b,2,4,1,0.2228,17.34,2,1
